Nombre,Especialidad_Grupo,Email,Telefono,Subespecialidad,Consultorio,Direccion,SitioWeb,Perfil_URL,Nuevo_vs_base,Especialidad,Pais,Fuente
Sergio Barba Albán,Alergología,sergiobarbaecuador@yahoo.com,+507 9977-8459,, Novaclinica,"Quito, Ecuador. .",,https://directorio.cliniweb.com/sergio-barba-alban,NUEVO,"Alergología e Inmunología, Alergología",Panama,Cliniweb
Manuel B. Espinoza Goldman,Alergología,benjamingoldman@hotmail.com,+507 774-0128,,Hospital Chiriquí Hospital Chiriquí,"David, Panamá. Planta Baja - Ave. 3ra. y Calle Central",www.hospitalchiriqui.com,https://directorio.cliniweb.com/manuel-espinoza,ya en base,"Alergología e Inmunología, Alergología",Panama,Cliniweb
Dayanara Herrera,Alergología,dayanaraahc@hotmail.com,+507 6935-8373,, CONSULTORIOS MÉDICOS AMÉRICA,", Panamá. Vía España, diagonal a la Clínica Hospital San Fernando, Panamá",,https://directorio.cliniweb.com/dayanara-herrera,ya en base,"Medicina General, Alergología e Inmunología, Alergología",Panama,Cliniweb
Rosella Lee,Alergología,allergypanama@gmail.com,+507 6811-2016,,Telemedicina  Dra. Rosella Lee,"Paitilla, Panamá, .",,https://directorio.cliniweb.com/rosella-lee,ya en base,"Alergología e Inmunología, Alergología",Panama,Cliniweb
Moises E. Alvarez A.,Alergología,moy304@hotmail.com,+507 6480-5253,, HOSPITAL CHIRIQUÍ,", Panamá. Ave. 3ra. Y Calle Central, Calle Central, David",,https://directorio.cliniweb.com/moises-e-alvarez-a,ya en base,Alergología Pediátrica,Panama,Cliniweb
Yadira Yissel Gordon Trigueros.,Alergología,alergia.ninos@gmail.com,+507 6407-2588,Alergia e Inmunología Clínica,Clinica de especialidades medicas Santiago de Veraguas,"Santiago, Panamá. Calle 9vena, frente al semáforo",,https://directorio.cliniweb.com/dra-yadira-yissel-gordon-trigueros,ya en base,Alergología Pediátrica,Panama,Cliniweb
Moisés Zebede,Alergología,infozebede@hotmail.com,+507 6299-0982,, Clínica de Alergia y Asma,"Ciudad de Panamá, Panamá. Edificio Planta Baja. Consultorio 4 - Boulevard Pacífica y Vía Punta Darién","www.doctorzebede,com",https://directorio.cliniweb.com/moises-zebede,ya en base,"Alergología e Inmunología, Pediatría, Alergología e Inmunología, Alergología, Medicina Crítica y Terapia Intensiva, Cuidados Intensivos",Panama,Cliniweb
Anabel Pérez,Alergología,consultas@dranabelperez.com,+507 6202-9090,Alergia e Inmunología Clínica,Consultorios Médicos Paitilla Conoce Tu Alergia,"Ciudad de Panamá, Panamá. Piso 6 torre sur, consultorio 625 - Avenida Balboa y Calle 53",https://www.dranabelperez.com/,https://directorio.cliniweb.com/conocetualergia,ya en base,Alergología e Inmunología,Panama,Cliniweb
José Carlos Batista Ferreira,Alergología,drbatistaalergia@gmail.com,+507 6122-3450,"Alergia Respiratoria, Alergia Cutánea",The Panama Clinic Pacific Center,"Ciudad de Panamá, Panamá. Torre A, piso 12, consultorio 1220 - Calle Ramón H. Jurado - Pacific Center",www.drjosebatista.com,https://directorio.cliniweb.com/josecarlos-batista,ya en base,"Alergología e Inmunología, Alergología",Panama,Cliniweb
Paulo Barrera,Alergología,pbarrerap@hotmail.com,+507 310-9924,,The Panama Clinic Pacific Center,"Ciudad de Panamá, Panamá. Torre B piso 24 consultorio 2410 - Calle Ramon H. Jurado - Pacific Center",,https://directorio.cliniweb.com/paulo-barrera,ya en base,"Alergología e Inmunología, Alergología, Medicina Interna",Panama,Cliniweb
Janina Del Carmen Vergara Velásquez.,Alergología,jvergarav44@gmail.com,+507 278-6602,,Clínica Hospital San Fernando Centro Especializado,"Ciudad de Panamá, Panamá, . Vía España. Frente al Registro Público.",,https://directorio.cliniweb.com/janina-del-carmenvergara-velasquez,ya en base,"Alergología e Inmunología, Alergología, Pediatría",Panama,Cliniweb
Josefina Esther Adams Camarena,Alergología,ceasa1997@mail.com,+507 229-6331,,Clínica Hospital San Fernando Centro Especializado,"Ciudad de Panamá, Panamá, . Piso PB. Consultorio 4. - Vía España. Frente al Registro Público.",,https://directorio.cliniweb.com/josefina-esther-adams-camarena,ya en base,"Alergología e Inmunología, Alergología",Panama,Cliniweb
Emilio J. Saturno Forte,Alergología,esaturno@msn.com,,,Consultorios Punta Pacífica,"Ciudad de Panamá, Panamá. Piso 2. Consultorio 204 - Boulevard Pacífica y Vía Punta Darién",,https://directorio.cliniweb.com/emilio-saturno,ya en base,"Alergología e Inmunología, Alergología Pediátrica",Panama,Cliniweb
Alberto Tello Villalaz.,Alergología,altellovi@gmail.com,,, Hospital Chiriqui,"David, Panamá. Especialidades Médicas
De David Planta Baja Torre 2 - Ave. 3ra. y Calle Central",,https://directorio.cliniweb.com/alberto-tello,ya en base,"Alergología Pediátrica, Alergología e Inmunología, Alergología",Panama,Cliniweb
Laura Edith Abrego Fuentes,Alergología,abregolaura@gmail.com,,,HOSPITAL PUNTA PACÍFICA,"PANAMÁ, Panamá. HOSPITAL PUNTA PACÍFICA",,https://directorio.cliniweb.com/laura-abrego,ya en base,"Alergología e Inmunología, Alergología, Alergología e Inmunología, Inmunología, Pediatría",Panama,Cliniweb
Alanna Mariel Armuelles Pinzón.,Alergología,armuellesalanna0589@gmail.com,,,Clínica Hospital San Fernando Instituto de Neumología y Alergias,"Panamá, . Vía España. Edificio principal, primer piso, sección C.",,https://directorio.cliniweb.com/alanna-mariel-armuelles-pinzon,ya en base,"Medicina Interna, Alergología e Inmunología, Alergología e inmunología Clínica",Panama,Cliniweb
Marcos A. López,Alergología,malopez@cwpanama.net,,,Consultorios Médicos Paitilla,"Ciudad de Panamá, Panamá. Piso 3° sur- Consultorio -Av. Balboa , calle 53.",,https://directorio.cliniweb.com/marcos-lopez,ya en base,"Neumología, Alergología e Inmunología, Alergología, Medicina Interna",Panama,Cliniweb
Eugenio Chanis,Alergología,info@ch-panamericano.com,,,,,,https://directorio.cliniweb.com/dr-eugenio-chanis,ya en base,"Alergología e Inmunología, Alergología, Medicina Interna",Panama,Cliniweb
Marisela  Williams De Díaz,Alergología,mdecristal2915@hotmail.com,,,Clínica Hospital San Fernando Centro Especializado San Fernando,", . Centro Especializado San Fernando piso 7, consultorio 4",,https://directorio.cliniweb.com/marisela-williams-de-diaz,ya en base,"Alergología e Inmunología, Alergología",Panama,Cliniweb
María De Lourdes  Martínez Pérez,Alergología,madelou16@hotmail.com,,,,,,https://directorio.cliniweb.com/dra-maria-de-lourdes-martinez-perez,ya en base,Alergología Pediátrica,Panama,Cliniweb
Pediatría - Kerygma Centro Médico  - Guapiles,Pediatría,info@kerygmaclinica.com,+507 8319-9024,, Kerygma Centro Médico,"Pococi, Costa Rica. 125 m Oeste del Hospital de Guápiles, Limón, Costa Rica",,https://directorio.cliniweb.com/dr-pediatria-kerygma-centro-medico-guapiles,NUEVO,Pediatría,Panama,Cliniweb
Raúl Johan Fernández,Pediatría,drraulfer@gmail.com,+507 6616-2921,, CLINICA Y SERVICIOS HOSPITALARIOS PANAMERICANOS S.A.,"LA CHORRERA, Panamá. LA CHORRERA, PANAMA OESTE",,https://directorio.cliniweb.com/raul-johan-fernandez,NUEVO,Pediatría,Panama,Cliniweb
Ana Cristina Jiménez Sancho,Pediatría,anacjimenezsa@gmail.com,+507 5062-2720,, Centro Médico La Asunción,"Curridabat, San José, Costa Rica. 100 metros oeste de la Municipalidad de Curridabat, Hacienda Vieja, Curridabat, San José.",,https://directorio.cliniweb.com/ana-cristina-jimenez-sancho-,NUEVO,Pediatría,Panama,Cliniweb
Edisson Raúl Pavón Carrera,Pediatría,edypc1@yahoo.es,+507 451-8006,,Centro Medico Citimed Consultorio de Edisson Raúl Pavón Correa,"Quito, Ecuador. Av. Mariana de Jesús OE7-02 y Nuño de Valderrama",,https://directorio.cliniweb.com/edisson-raul-pavon-correa,NUEVO,Pediatría,Panama,Cliniweb
Alfonso Rivera,Pediatría,pocho.rivera@gmail.com,+507 351-8471,,Centro Medico Citimed Consultorio de Alfonso Rivera,"Quito, Ecuador. Av. Mariana de Jesús OE7-02 y Nuño de Valderrama",,https://directorio.cliniweb.com/alfonso-rivera,NUEVO,Pediatría,Panama,Cliniweb
Marco Jiménez Cevallos,Pediatría,drmarcjimenez@hotmail.com,+507 351-7039,,Centro Medico Citimed Consultorio de Marco Vinicio  Jiménez Cevallos,"Quito, Ecuador. Av. Mariana de Jesús OE7-02 y Nuño de Valderrama",,https://directorio.cliniweb.com/marco-vinicio-jimenez-cevallos,NUEVO,Pediatría,Panama,Cliniweb
Daniela Naranjo,Pediatría,pediatriaintegral@cenpein.com,+507 292-8205,,Centro Medico Citimed Cenpein,"Quito, Ecuador. Av. Mariana de Jesús OE7-02 y Nuño de Valderrama",https://cenpein.com/,https://directorio.cliniweb.com/maria-daniela-naranjo,NUEVO,Pediatría,Panama,Cliniweb
Alfredo Naranjo,Pediatría,centronaranjo@cenpein.com,+507 292-8205,,Centro Medico Citimed Cenpein,"Quito, Ecuador. Av. Mariana de Jesús OE7-02 y Nuño de Valderrama",https://cenpein.com/,https://directorio.cliniweb.com/alfredo-naranjo,NUEVO,Pediatría,Panama,Cliniweb
Patricio Herrera Panchi,Pediatría,patricioherrera_2000@yahoo.com,+507 292-2430,, Novaclinica,"Quito, Ecuador. .",,https://directorio.cliniweb.com/patricio-herrera-panchi,NUEVO,Pediatría,Panama,Cliniweb
Einstein Hidalgo Flores,Pediatría,einsteinhidalgo2014@gmail.com,+507 254-5390,, Novaclinica,"Quito, Ecuador. .",,https://directorio.cliniweb.com/einstein-hidalgo-flores,NUEVO,Pediatría,Panama,Cliniweb
Guido Ron Bautista,Pediatría,ggrb1823@gmail.com,+507 254-5207,,Novaclinica,"Quito, Ecuador. Novaclínica Santa Cecilia",,https://directorio.cliniweb.com/guido-ron-bautista,NUEVO,"Pediatría, Gastroenterología Pediátrica",Panama,Cliniweb
Joami Noboa.,Pediatría,JOAMI_NOBOA@HOTMAIL.COM,+507 201-0016,Electroencefalografía, hospital metropolitano de santiago,"Santo Domingo, República Dominicana. Hospital Metropolitano de Santiago, Autop. Juan Pablo Duarte Km. 28, Santiago De Los Caballeros 51000",,https://directorio.cliniweb.com/joami-noboa,NUEVO,"Neurología Pediátrica, Pediatría",Panama,Cliniweb
Milton Jijón Argüello,Pediatría,miltonjijon@hotmail.com,+507 0999-8140,Genética Molecular,Centro Medico Citimed FUNEDERE,"Quito, Ecuador. Av. Mariana de Jesús OE7-02 y Nuño de Valderrama",,https://directorio.cliniweb.com/milton-jijon-arguello,NUEVO,"Genética Clínica, Pediatría",Panama,Cliniweb
Patricio Cobo Regalado,Pediatría,patricio.cobo28@gmail.com,+507 0999-7834,,Centro Medico Citimed Consultorio de Patricio   Cobo Regalado,"Quito, Ecuador. Av. Mariana de Jesús OE7-02 y Nuño de Valderrama",,https://directorio.cliniweb.com/patricio-cobo-regalado,NUEVO,Pediatría,Panama,Cliniweb
Edgar Vladimir Jara Muñóz,Pediatría,edgarjaram@yahoo.com,+507 0999-0423,,CDR Neonatal,"Quito, Ecuador. Av. Mariana de Jesús OE7-02 y Nuño de Valderrama",,https://directorio.cliniweb.com/edgar-vladimir-jara-munoz,NUEVO,"Neonatología, Pediatría",Panama,Cliniweb
César Alfonso Egas Velasco,Pediatría,mediccesar@hotmail.com,+507 0998-9550,,CDR Consultorio de César Alfonso Egas Velasco,"Quito, Ecuador. Av. Mariana de Jesús OE7-02 y Nuño de Valderrama",,https://directorio.cliniweb.com/cesar-alfonso-egas-velasco,NUEVO,Pediatría,Panama,Cliniweb
Maribel Freites M.,Pediatría,maribelfreitesmata@gmail.com,+507 0998-6093,,CDR Respirar,"Quito, Ecuador. Av. Mariana de Jesús OE7-02 y Nuño de Valderrama",,https://directorio.cliniweb.com/maribel-freites-m,NUEVO,"Pediatría, Neumología Pediátrica",Panama,Cliniweb
Adriana Rincón De Rosas,Pediatría,pediatraquito.adrirz20@gmail.com,+507 0998-1757,,CDR Consultorio de Adriana Rincón De Rosas,"Quito, Ecuador. Av. Mariana de Jesús OE7-02 y Nuño de Valderrama",,https://directorio.cliniweb.com/adriana-rincon-de-rosas,NUEVO,Pediatría,Panama,Cliniweb
Ivonne Proaño Santos,Pediatría,ivonne68proano@hotmail.com,+507 0997-2905,,Centro Medico Citimed Consultorio de Ivonne  Proaño Santos,"Quito, Ecuador. Av. Mariana de Jesús OE7-02 y Nuño de Valderrama",,https://directorio.cliniweb.com/ivonne-proano-santos,NUEVO,Pediatría,Panama,Cliniweb
Jonathan Lozada,Pediatría,citas@saludmaternoinfantil.com,+507 0995-3910,,CDR Consultorio de Jonathan  Lozada,"Quito, Ecuador. Av. Mariana de Jesús OE7-02 y Nuño de Valderrama",,https://directorio.cliniweb.com/jonathan-lozada,NUEVO,Pediatría,Panama,Cliniweb
Stalin Peña García,Pediatría,citas@drtalitopediatra.com,+507 0992-5162,,Centro Medico Citimed Consultorio de Stalin Peña,"Quito, Ecuador. Av. Mariana de Jesús OE7-02 y Nuño de Valderrama",www.drtalitopedriatra.com,https://directorio.cliniweb.com/stalin-pena,NUEVO,Pediatría,Panama,Cliniweb
Margarita Bucheli,Pediatría,margarita_bucheli@hotmail.com,+507 0991-2741,,CDR Consultorio de Margarita  Bucheli,"Quito, Ecuador. Av. Mariana de Jesús OE7-02 y Nuño de Valderrama",,https://directorio.cliniweb.com/margarita-bucheli,NUEVO,Pediatría,Panama,Cliniweb
Florinés Peña Avendaño,Pediatría,florinesmerida28@hotmail.com,+507 0984-7208,Puericultor,CDR Consulta Externa,"Quito, Ecuador. Av. Mariana de Jesús OE7-02 y Nuño de Valderrama",,https://directorio.cliniweb.com/florines-pena-avendano,NUEVO,Pediatría,Panama,Cliniweb
Daniel Echeverría Espinosa,Pediatría,danecheves@gmail.com,+507 0984-4982,,Citimed Cardiovasc,"Quito, Ecuador. Av. Mariana de Jesús OE7-02 y Nuño de Valderrama",,https://directorio.cliniweb.com/daniel-echeverria-espinosa,NUEVO,"Pediatría, Cardiología Pediátrica",Panama,Cliniweb
Brian Mayorga,Pediatría,brian.mayorga@cenpein.com,+507 0984-4942,,CDR Cenpein,"Quito, Ecuador. Av. Mariana de Jesús OE7-02 y Nuño de Valderrama",https://cenpein.com/,https://directorio.cliniweb.com/brian-mayorga,NUEVO,Pediatría,Panama,Cliniweb
Etza Atarina Villalva Miranda,Pediatría,etzav@yahoo.com,+507 0984-3165,,Centro Medico Citimed Consultorio de Etza Atarina Villalva  Miranda,"Quito, Ecuador. Av. Mariana de Jesús OE7-02 y Nuño de Valderrama",,https://directorio.cliniweb.com/etza-atarina-villalva-miranda,NUEVO,Pediatría,Panama,Cliniweb
Adriana Arnáo Noboa,Pediatría,adri_arnao@yahoo.com,+507 0983-3889,,Citimed Consultorio de Adriana Arnáo Noboa,"Quito, Ecuador. Av. Mariana de Jesús OE7-02 y Nuño de Valderrama",,https://directorio.cliniweb.com/adriana-arnao-noboa,NUEVO,Pediatría,Panama,Cliniweb
Junior Gahona Villegas,Pediatría,junier.gahona.villegas@gmail.com,+507 0983-2016,,"CDR Diálisis, Trasplante","Quito, Ecuador. Av. Mariana de Jesús OE7-02 y Nuño de Valderrama",,https://directorio.cliniweb.com/junior-gahona-villegas,NUEVO,"Nefrología, Pediatría",Panama,Cliniweb
María Fernanda Proaño,Pediatría,mfernandaproano@hotmail.com,+507 0982-0799,,CDR Consultorio de María Fernanda  Proaño,"Quito, Ecuador. Av. Mariana de Jesús OE7-02 y Nuño de Valderrama",,https://directorio.cliniweb.com/maria-fernanda-proano-,NUEVO,Pediatría,Panama,Cliniweb
Johanna Martinez,Pediatría,johannajose19@hotmail.com,+507 0962-7831,, CITIMED,", . Avenida Mariana de Jesús y Nuño de Valderrama",,https://directorio.cliniweb.com/johanna-martinez-1,NUEVO,Pediatría,Panama,Cliniweb
Mayela Guillén Guillén,Pediatría,dramayelaguillen@gmail.com,+507 0245-0145,,Centro Medico Citimed Consultorio de Mayela Teresa Guillén,"Quito, Ecuador. Av. Mariana de Jesús OE7-02 y Nuño de Valderrama",,https://directorio.cliniweb.com/mayela-teresa-guillen,NUEVO,"Pediatría, Endocrinología Pediátrica",Panama,Cliniweb
Clínica San Erasmo - Pediatría,Pediatría,pediatria@clinicasanerasmo.com,,,,,,https://directorio.cliniweb.com/pediatria,NUEVO,Pediatría,Panama,Cliniweb
Pediatra Centro Médico Jackson´s Memorial - San Ramón.,Pediatría,cmjacksonmemorial@gmail.com,,,,,,https://directorio.cliniweb.com/pediatra-centro-medico-jacksons-memorial,NUEVO,Pediatría,Panama,Cliniweb
Alicia Xulu,Pediatría,clinicapediatricaax@gmail.com,,, Centro Integral de Especialidades Médicas -CIEM,"Ciudad de Guatemala, Guatemala. Chimaltenango, San Juan Comalapa, 2a Avenida 1-55 zona 3.",,https://directorio.cliniweb.com/maria-alicia-xulu-telon,NUEVO,Pediatría,Panama,Cliniweb
Edison Aymacaña Albán,Pediatría,dr_edisonaymacana@hotmail.com,,,Centro Medico Citimed Consultorio de Edisson  Ayumacaña Albán,"Quito, Ecuador. Av. Mariana de Jesús OE7-02 y Nuño de Valderrama",,https://directorio.cliniweb.com/edison-aymacana,NUEVO,"Pediatría, Gastroenterología",Panama,Cliniweb
Iovane Mt,Pediatría,iovane.mtc@gmail.com,,,Clínica Hospital San Fernando Centro Especializado,"Ciudad de Panamá, Panamá, . Piso 4. Consultorio 6. - Vía España. Frente al Registro Público.",,https://directorio.cliniweb.com/maria-teresa-iovane-ibanez,NUEVO,"Pediatría, Neonatología",Panama,Cliniweb
Fernanda Barrera,Pediatría,dra.mafernandabarrera@gmail.com,,,Centro Medico Citimed Centro Médico Citimed,", . Piso 2- Consultorio 201 -Cenpein - Av. Mariana de Jesús OE7-02 y Nuño de Valderrama Distrito Metropolitano De Quito, Pichincha, Ecuador",,https://directorio.cliniweb.com/fernanda-barrera,NUEVO,Pediatría,Panama,Cliniweb
Huáscar Gabriel Contreras Piérola,Pediatría,drgcontreras@gmail.com,,,Centro Medico Citimed Cenpein,"Quito, Ecuador. Av. Mariana de Jesús OE7-02 y Nuño de Valderrama",,https://directorio.cliniweb.com/huascar-gabriel-contreras-pierola,NUEVO,Pediatría,Panama,Cliniweb
Andrés López,Pediatría,minimed@gmail.com,,,,,,https://directorio.cliniweb.com/andres-lopez,NUEVO,"Pediatría, Neonatología",Panama,Cliniweb
Pediatría Centro Médico Jackson Phoenix,Pediatría,resultados@grupojackson.com,,,,,,https://directorio.cliniweb.com/pediatria-centro-medico-jackson-phoenix,NUEVO,Pediatría,Panama,Cliniweb
Lydia Aparicio,Pediatría,laparicio2295@gmail.com,,,,,,https://directorio.cliniweb.com/lydia-aparicio,NUEVO,"Pediatría, Pediatría, Hematología",Panama,Cliniweb
Daisy Gómez,Pediatría,magherite@yahoo.es,,,,,,https://directorio.cliniweb.com/daisy-gomez,NUEVO,Pediatría,Panama,Cliniweb
Ceferino Gonzalez Agudo,Pediatría,ceferinogonzalez01@yahoo.es,+507 998-1177,, Consultorio Dr. Ceferino Gonzalez Agudo,"SANTIAGO, Panamá. LA PEÑA, LA PEÑA,",,https://directorio.cliniweb.com/ceferino-gonzalez-agudo,ya en base,Pediatría,Panama,Cliniweb
Eligia Del C. Camargo T.,Pediatría,elycar76@hotmail.com,+507 996-2360,, SERVICIOS MÉDICOS DE AZUERO,"Chitré, Panamá. Ave. Carmelo Spadafora, Chitré, Herrera, Panamá",,https://directorio.cliniweb.com/eligia-del-c-camargo-t,ya en base,Pediatría,Panama,Cliniweb
Yulissa Avila,Pediatría,yulavila@gmail.com,+507 9788-3856,, Centro Médico San Juan Bautista,"Chitré, Panamá. Provincia de Herrera",,https://directorio.cliniweb.com/yulissa-avila,ya en base,Pediatría,Panama,Cliniweb
Marlene Lili Mclean Aragon,Pediatría,mlmclean63@hotmail.com,+507 910-1250,,Clinica de Especialidades Pediatricas Chitré,"Chitré, Panamá. Calle Aminta Burger, urbanización cohen atrás de los bomberos de Chitré, planta baja edificio cepchitre",,https://directorio.cliniweb.com/marlene-lili-mclean-aragon,ya en base,Pediatría,Panama,Cliniweb
Josefina Farrugia,Pediatría,josefinafarrugia@gmail.com,+507 777-8080,, Hospital Chiriqui,"David, Panamá. Módulo A-Planta Baja - Ave. 3ra. y Calle Central",,https://directorio.cliniweb.com/josefina-farrugia,ya en base,Pediatría,Panama,Cliniweb
Gherson Cukier,Pediatría,clinicneumopediatria@gmail.com,+507 777-8078,, Hospital Chiriquí,"David, Panamá. Ave. 3ra. y Calle Central",www.hospitalchiriqui.com,https://directorio.cliniweb.com/gherson-cukier,ya en base,"Pediatría, Neumología Pediátrica",Panama,Cliniweb
Juan José Serrano,Pediatría,jjserrano_02@hotmail.com,+507 774-0128,,Hospital Chiriquí Hospital Chiriquí,"David, Panamá. Modulo B , Planta Baja , consultorio 21 - Ave. 3ra. y Calle Central",www.hospitalchiriqui.com,https://directorio.cliniweb.com/juan-serrano,ya en base,"Pediatría, Endocrinología Pediátrica",Panama,Cliniweb
Jorge Castillo,Pediatría,drjcastillo31@hotmail.com,+507 774-0128,Cuidados Intensivos Pediátricos,Hospital Chiriquí Hospital Chiriquí,"David, Panamá. Ave. 3ra. y Calle Central",,https://directorio.cliniweb.com/jorge-castillo-1,ya en base,Pediatría,Panama,Cliniweb
Graciela Tejedor,Pediatría,gracielaisel_panama@hotmail.com,+507 774-0128,,Hospital Chiriquí Hospital Chiriquí,"David, Panamá. Piso 1, consultorio 7 - Ave. 3ra. y Calle Central",www.hospitalchiriqui.com,https://directorio.cliniweb.com/graciela-tejedor,ya en base,Pediatría,Panama,Cliniweb
Glarissa Libed Sanjur Guerra,Pediatría,gsanjurg@gmail.com,+507 774-0128,,Hospital Chiriquí Hospital Chiriquí,"David, Panamá. Ave. 3ra. y Calle Central",,https://directorio.cliniweb.com/glarissa-libed-sanjur-guerra,ya en base,"Pediatría, Cirugía General",Panama,Cliniweb
Roberto Mendieta Herrera,Pediatría,rangelmpa7@hotmail.com,+507 7450-2153,, CENTRO MÉDICO NACIONAL,"Ciudad de Panamá, Panamá. Ave. Cuba y, Calle 38 Este, Panamá",,https://directorio.cliniweb.com/roberto-mendieta-herrera,ya en base,Pediatría,Panama,Cliniweb
Maricela Osiris Cotes Smith,Pediatría,cotes0909@gmail.com,+507 730-5080,," Hospital Chiriqui, S.a.","David, Panamá. Torre sur, consultorio 210 - Avenida 4a Oeste",www.hospitalchiriqui.com,https://directorio.cliniweb.com/maricela-cotes,ya en base,"Pediatría, Cirugía General",Panama,Cliniweb
Reyina L. Requena K.,Pediatría,reyyina@yahoo.es,+507 6980-1475,, CLÍNICA HOSPITAL SANTA ISABEL,"Ciudad de Panamá, Panamá. Ave. Omar Torrijos, Hacia Hospital Regional Changuinola, Changuinola",,https://directorio.cliniweb.com/reyina-l-requena-k,ya en base,Pediatría,Panama,Cliniweb
Abby De La Cruz,Pediatría,dra.abbydelacruz@gmail.com,+507 6914-1227,,Centro Especializado San Fernando Consultorio Dra Abby De La Cruz,"Ciudad de Panamá, Panamá. Vía España. Frente al Registro Público. Piso 3, consultorio 3-18a.",,https://directorio.cliniweb.com/dra-abby-de-la-cruz,ya en base,"Pediatría, Neonatología",Panama,Cliniweb
Kellin Montero,Pediatría,kellinm@hotmail.com,+507 6843-3542,,Hospital Chiriquí Hospital Chiriqui,"David, Panamá. Consultas Y Especialidades
Médicas De David Planta Baja Torre 2 - Ave. 3ra. y Calle Central",,https://directorio.cliniweb.com/kellin-montero,ya en base,Pediatría,Panama,Cliniweb
Chi-pin Chung,Pediatría,chungchipin@hotmail.com,+507 6785-9386,,Clínica Hospital San Fernando Centro Especializado,"Ciudad de Panamá, Panamá. Piso 6 consultorio 3 - Vía España. Frente al Registro Público",,https://directorio.cliniweb.com/chipin-chung,ya en base,Pediatría,Panama,Cliniweb
Yabel Saied Torrijos De Jaén,Pediatría,nataliasaied@hotmail.com,+507 6781-7941,, Consultorios Punta Pacífica,"Ciudad de Panamá, Panamá, . Piso 8. Consultorio 01 - Boulevard Pacífica y Vía Punta Darién",,https://directorio.cliniweb.com/yabel-saied-torrijos-de-jaen,ya en base,"Neonatología, Pediatría",Panama,Cliniweb
Pedro Tejada Jiménez,Pediatría,pedrotejada385@gmail.com,+507 6678-8727,, Chorrera,"La Chorrera, Panamá. Chorrera",,https://directorio.cliniweb.com/pedro-tejada-jimenez,ya en base,Pediatría,Panama,Cliniweb
Juan Ruiz,Pediatría,pediaclinic.ruiz.md@gmail.com,+507 6678-4313,,Consultorios Punta Pacífica Consultorios Punta Pacífica,"Ciudad de Panamá, Panamá. Piso 5. Consultorio 506 - Boulevard Pacífica y Vía Punta Darién",,https://directorio.cliniweb.com/juan-ruiz,ya en base,"Pediatría, Neonatología",Panama,Cliniweb
Milene Roxana McLenan Pérez,Pediatría,milimcp@gmail.com,+507 6678-0649,,"Clínica de la Dra. Milene Mclenan, Consultorios América.","Ciudad de Panamá, Panamá. Vía España, Las Sabanas.",,https://directorio.cliniweb.com/milene-mclenan,ya en base,Pediatría,Panama,Cliniweb
Juan C. Luria M.,Pediatría,jluria@yahoo.com,+507 6676-9470,, CLÍNICA GUADALUPANA - LAS TABLAS,"Ciudad de Panamá, Panamá. Cl. Rogelio Gaez, Las Tablas, Los Santos",,https://directorio.cliniweb.com/juan-c-luria-m,ya en base,Pediatría,Panama,Cliniweb
Lesbia De Diaz,Pediatría,clediaz@cableonda.net,+507 6676-8646,, Consultorios America,"Ciudad de Panamá, Panamá. RIO ABAJO, LA SABANA, EDIFICIO CONSULTORIOS AMERICA",,https://directorio.cliniweb.com/lesbia-de-diaz,ya en base,Pediatría,Panama,Cliniweb
Lourdes Del Carmen Vaughan Cobo,Pediatría,lourdesv@mipediatralulu.com,+507 6676-5429,,Consultorios Punta Pacífica,"Ciudad de Panamá, Panamá. Piso 8. Consultorio 801 - Boulevard Pacífica y Vía Punta Darién",,https://directorio.cliniweb.com/lourdes-vaughan,ya en base,"Neonatología, Pediatría",Panama,Cliniweb
José Silvio Saavedra Espinoza,Pediatría,jossaavedra2000@yahoo.com,+507 6676-3420,," Centro Medico Integral de Alta Especialidad, Centro Pediátrico Nacional","Ciudad de Panamá, Panamá. Piso 9 - Avenida Justo Arosemena, entre calle 38 y 39, detrás del Hospital Nacional",,https://directorio.cliniweb.com/jose-saavedra,ya en base,Pediatría,Panama,Cliniweb
Gregorio Coronado,Pediatría,coronadogregorio@hotmail.com,+507 6674-7776,,Hospital Chiriquí Hospital Chiriquí,"David, Panamá. Piso 2, consultorio 206 - Ave. 3ra. y Calle Central",,https://directorio.cliniweb.com/gregorio-coronado,ya en base,Pediatría,Panama,Cliniweb
Dalia G. Pang De Anderson,Pediatría,damapang.ene9@gmail.com,+507 6674-1332,, CENTRO MÉDICO ALFA,"Ciudad de Panamá, Panamá. Cl. 39 Este y Ave. Justo Arosemena, Panamá",,https://directorio.cliniweb.com/dalia-g-pang-de-anderson,ya en base,Pediatría,Panama,Cliniweb
Moises Cespedes,Pediatría,moisescespedes2@hotmail.com,+507 6672-4865,Epidemiología, CENTRO ESPECIALIZADO SAN FERNANDO - PEDIÁTRICO,"Ciudad de Panamá, Panamá. Vía España. Frente al Registro Público.",,https://directorio.cliniweb.com/moises-cespedes,ya en base,Pediatría,Panama,Cliniweb
Jorge Rodriguez,Pediatría,jar_2207@hotmail.com,+507 6672-4057,, Hospital Chiriqui,"David, Panamá. 1er piso/ Torre Nº 1 - Ave. 3ra. y Calle Central",,https://directorio.cliniweb.com/jorge-rodriguez-1,ya en base,Pediatría,Panama,Cliniweb
Pablo Franco Muñoz,Pediatría,pablofrancom@hotmail.com,+507 6671-4767,, CLÍNICA NUCLEO MÉDICO DENTAL,"Ciudad de Panamá, Panamá. Av. Herrera, San Juan Bautista, Chitré",,https://directorio.cliniweb.com/pablo-franco-munoz,ya en base,Pediatría,Panama,Cliniweb
Elia Edith Aguilar Romero,Pediatría,centrodeatencionintegralpty@gmail.com,+507 6671-3551,, Centro Medico Mae Lewis,"CHIRIQUI, Panamá. CHIRIQUI, CHIRIQUI",,https://directorio.cliniweb.com/dra-elia-edith-aguilar-romero,ya en base,Pediatría,Panama,Cliniweb
Nestor Manuel Castillero Santos,Pediatría,nmcdoc@cwpanama.net,+507 6670-7500,,Clínica Hospital San Fernando Centro Especializado,"Ciudad de Panamá, Panamá. Piso 4. Consultorio 3. - Vía España. Frente al Registro Público.",,https://directorio.cliniweb.com/nestor-manuel-castillero-santos,ya en base,"Neonatología, Pediatría",Panama,Cliniweb
Andrea Becerra Queiroz,Pediatría,pediatrabecerra@gmail.com,+507 6645-3578,,PACIFICA SALUD Consultorios Pacífica Salud,"Ciudad de Panamá, Panamá. Piso 2. Consultorio 222 - Boulevard Pacífica y Vía Punta Darién",pediatrabecerra.com,https://directorio.cliniweb.com/andrea-becerra,ya en base,Pediatría,Panama,Cliniweb
Juan José Araúz Dutari,Pediatría,juanitodutari@yahoo.com,+507 6633-4723,,Consultorios Town Center Costa del Este,"Panamá, . Torre Bambú, piso 5, consultorio 503 - Ave. Paseo del Mar, Costa del Este,",,https://directorio.cliniweb.com/juan-jose-arauz-1,ya en base,"Pediatría, Neonatología",Panama,Cliniweb
Valentin Reynaldo Corrales Vallecilla,Pediatría,drvcorrales@yahoo.com,+507 6618-7788,, Consultorios Punta Pacífica,"Ciudad de Panamá, Panamá. Piso 1. Consultorio 124 - Boulevard Pacífica y Vía Punta Darién",,https://directorio.cliniweb.com/valentin-reynaldo-corrales-vallecilla,ya en base,Pediatría,Panama,Cliniweb
Javier Alonso Nieto G.,Pediatría,nietdom@gmail.com,+507 6618-6048,,CENTRO ESPECIALIZADO SAN FERNANDO - PEDIÁTRICO,"Panamá, Panamá. Vía España. Frente al Registro Público.",,https://directorio.cliniweb.com/javier-alonso-nieto-g,ya en base,"Pediatría, Infectología, Infectología Pediátrica",Panama,Cliniweb
Roberto J Murgas Torrazza,Pediatría,pediatracde@gmail.com,+507 6618-3605,Ecocardiografía,Consultorios Punta Pacífica Consultorios Punta Pacífica,"Ciudad de Panamá, Panamá. Piso 1. Consultorio 110 - Boulevard Pacífica y Vía Punta Darién",www.drmurgas.com,https://directorio.cliniweb.com/roberto-j-murgas-torrazza,ya en base,"Pediatría, Neonatología",Panama,Cliniweb
Fernando Villalaz,Pediatría,villafran@cableonda.net,+507 6618-1736,, Clinica Hospital Jesus Nazareno,"SANTIAGO, Panamá. Vía Interamricana",,https://directorio.cliniweb.com/fernando-villalaz,ya en base,Pediatría,Panama,Cliniweb
Nitza Itzel Correoso Domínguez,Pediatría,ncorreoso@gmail.com,+507 6618-0941,,Clínica Hospital San Fernando Centro Especializado,"Panamá                                  , . Piso 7. Consultorio 13. - Vía España. Frente al Registro Público.",,https://directorio.cliniweb.com/nitza-correoso,ya en base,Pediatría,Panama,Cliniweb
Florencio Mccarthy,Pediatría,famw1997@gmail.com,+507 6618-0250,, Consultorios Punta Pacífica,"Ciudad de Panamá, Panamá, . Piso 3. Consultorio 329 - Boulevard Pacífica y Vía Punta Darién",,https://directorio.cliniweb.com/florencio-mccarthy,ya en base,"Nefrología, Pediatría, Nefrología Pediátrica",Panama,Cliniweb
Mirna Eneida Caicedo L.,Pediatría,mirnacaicedo@cwpanama.net,+507 6617-3441,,Centro Médico Nacional,"Ciudad de Panamá, Panamá. Ave. Justo Arosemena y Calle 38",,https://directorio.cliniweb.com/mirna-eneida-caicedo-l,ya en base,Pediatría,Panama,Cliniweb
Dilia Gaona Sanchez,Pediatría,diliagaona@hotmail.com,+507 6617-0192,, CENTRO MÉDICO DEL CARIBE,"Colón, Panamá. Calle 11 y 12 Ave. Roosevelt en la Provincia de Colón, Rep. de Panamá.",,https://directorio.cliniweb.com/dilia-gaona-sanchez,ya en base,Pediatría,Panama,Cliniweb
Carlos Raúl Vega Rich,Pediatría,cvegarich@yahoo.com,+507 6616-5833,,Consultorios Punta Pacífica Consultorios Punta Pacífica,"Ciudad de Panamá, Panamá, . Piso 3. Consultorio 317 - Boulevard Pacífica y Vía Punta Darién",,https://directorio.cliniweb.com/carlos-raul-vega-rich,ya en base,Pediatría,Panama,Cliniweb
Alberto Coutte Muñoz,Pediatría,dralbertocoutte2@yahoo.com,+507 6616-2226,, CONSULTORIOS MÉDICOS BELLA VISTA,"Ciudad de Panamá, Panamá. Ave. Peru Y Calle 38, Panamá",,https://directorio.cliniweb.com/alberto-coutte-munoz,ya en base,Pediatría,Panama,Cliniweb
Victor Manuel Farro Serrano,Pediatría,vbfarro@cwPANAMÁ.net,+507 6616-1348,, CENTRO MÉDICO NACIONAL,"Ciudad de Panamá, Panamá. Ave. Cuba y, Calle 38 Este, Panamá",,https://directorio.cliniweb.com/victor-manuel-farro-serrano5-671,ya en base,Pediatría,Panama,Cliniweb
Rafael Joly,Pediatría,rafaeljoly@hotmail.com,+507 6615-8373,,Clínica Dr. Rafael Joly,"Ciudad de Panamá, Panamá. Piso 3 - Boulevard Pacífica y Vía Punta Darién,",,https://directorio.cliniweb.com/rafaael-joly,ya en base,"Pediatría, Hematología Pediátrica",Panama,Cliniweb
Anamaris Mckay,Pediatría,anamarismckay@gmail.com,+507 6615-3745,, CONSULTORIOS MÉDICOS SAN JUDAS TADEO,"Ciudad de Panamá, Panamá. Calle Ricardo A. Wilson, San Miguelito",,https://directorio.cliniweb.com/anamaris-mckay,ya en base,Pediatría,Panama,Cliniweb
Manuel De Jesús Espinosa García,Pediatría,mjespinosag@yahoo.com,+507 6615-0590,,Clínica Hospital San Fernando Centro Especializado,"Ciudad de Panamá, Panamá, . Piso 6. Consultorio 1. - Vía España. Frente al Registro Público.",,https://directorio.cliniweb.com/manuel-de-jesus-espinosa-garcia,ya en base,Pediatría,Panama,Cliniweb
Briseida G. Bermudez Ortiz,Pediatría,briseida_bermudez@hotmail.com,+507 6614-3291,, Consultorios America,"Ciudad de Panamá, Panamá. Piso 2 Consultorio 223 - Vía España",,https://directorio.cliniweb.com/briseida-g-bermudez-ortiz,ya en base,Pediatría,Panama,Cliniweb
Manuel A. Samaniego P.,Pediatría,msamaniego06@hotmail.com,+507 6614-0724,, CLÍNICA DE ESPECIALIDADES,"Ciudad de Panamá, Panamá. Ave. 12 de Septiembre, Penonomé, Coclé",,https://directorio.cliniweb.com/manuel-a-samaniego-p,ya en base,Pediatría,Panama,Cliniweb
Albino Salas Cespedes,Pediatría,alamsace@yahoo.com,+507 6613-6973,,Clínica Hospital San Fernando Centro Especializado,"Ciudad de Panamá, Panamá. Piso 4. Consultorio 15. - Vía España. Frente al Registro Público.",,https://directorio.cliniweb.com/albino-salas-cespedes,ya en base,Pediatría,Panama,Cliniweb
Paul Gaston Gallardo Sosa,Pediatría,pgallardo@cwpanama.net,+507 6613-3507,,Clínica Hospital San Fernando Centro Especializado,"Ciudad de Panamá, Panamá. Piso 6. Consultorio 1. - Vía España. Frente al Registro Público.",,https://directorio.cliniweb.com/paul-gaston-gallardo-sosa,ya en base,Pediatría,Panama,Cliniweb
Katia Rueda Zurita,Pediatría,katiarueda021@gmail.com,+507 6612-7941,, Consultorios Punta Pacífica,"Ciudad de Panamá, Panamá, . Boulevard Pacífica y Vía Punta Darién",,https://directorio.cliniweb.com/katia-rueda-zurita,ya en base,"Neonatología, Pediatría",Panama,Cliniweb
Hortensia Isaura Solano Villanueva,Pediatría,hortensiasolano@yahoo.com,+507 6612-4273,,Clínica Hospital San Fernando Centro Especializado,"Ciudad de Panamá, Panamá. Piso 6. Consultorio 10. - Vía España. Frente al Registro Público.",,https://directorio.cliniweb.com/hortensia-solano-villanueva,ya en base,"Neonatología, Pediatría",Panama,Cliniweb
David Ellis Harvey,Pediatría,david09pa@yahoo.com,+507 6612-1542,,Clínica Hospital San Fernando Centro Especializado,"Ciudad de Panamá, Panamá. Piso 7. Consultorio 12. - Vía España. Frente al Registro Público.",,https://directorio.cliniweb.com/david-ellis-harvey,ya en base,Pediatría,Panama,Cliniweb
Maria Beatriz Abbott De Saiz,Pediatría,mbabbott23@gmail.com,+507 6611-4499,,Consultorios Punta Pacífica Consultorios Punta Pacífica,"Ciudad de Panamá, Panamá, . Piso 3. Consultorio 317 - Boulevard Pacífica y Vía Punta Darién",,https://directorio.cliniweb.com/maria-beatriz-abbott-de-saiz,ya en base,Pediatría,Panama,Cliniweb
Jorge Batista,Pediatría,jobatis@mns.com,+507 6588-7316,, Hospital Chiriqui,"David, Panamá. Módulo A-Planta Baja - Ave. 3ra. y Calle Central",,https://directorio.cliniweb.com/jorge-batista,ya en base,Pediatría,Panama,Cliniweb
Alba  Miranda,Pediatría,a_miranda05@yahoo.com,+507 6573-0144,, Hospital Chiriqui,"David, Panamá. 3er piso/ Torre Nº2
(consultorio Nº11) - Ave. 3ra. y Calle Central",,https://directorio.cliniweb.com/alba-miranda,ya en base,Pediatría,Panama,Cliniweb
Jesualda Liset Sánchez López,Pediatría,jesualda@hotmail.com,+507 6550-3441,, Consultorios Punta Pacífica,"Ciudad de Panamá, Panamá. Piso 8. Consultorio 01 - Boulevard Pacífica y Vía Punta Darién",,https://directorio.cliniweb.com/jesualda-l-sanchez,ya en base,"Neonatología, Pediatría",Panama,Cliniweb
Angie Miranda,Pediatría,angie0381@hotmail.com,+507 6540-8711,, Hospital Chiriqui,"David, Panamá. 5to piso/ Torre Nº2
(consultorio Nº46) - Ave. 3ra. y Calle Central",,https://directorio.cliniweb.com/angie-miranda,ya en base,Pediatría,Panama,Cliniweb
Erika Judith Muñoz,Pediatría,erikajudith1971@yahoo.es,+507 6525-8198,Neuroradiología,POLICENTRO MÉDICO ESPECIALIZADO - CHIRIQUÍ,", Panamá. Calle B Norte, a lado del Hotel Iberia, frente al Banco de Desarrollo Agropecuario, David, Chiriquí",,https://directorio.cliniweb.com/erika-judith-munoz,ya en base,Pediatría,Panama,Cliniweb
Gladys Mendoza,Pediatría,gladyseliza15@yahoo.com,+507 6450-6965,,The Panama Clinic Pacific Center,"Ciudad de Panamá, Panamá. Paitilla, Calle Ramón H. Jurado - Pacific Center",,https://directorio.cliniweb.com/gladys-mendoza,ya en base,Pediatría,Panama,Cliniweb
Evelyn Castillo,Pediatría,evegis17@gmail.com,+507 6450-3642,, Hospital Brisas,"Ciudad de Panamá, Panamá. Signature Plaza, Brisas del Golf",www.hospitalbrisas.com,https://directorio.cliniweb.com/evelyn-castillo,ya en base,Pediatría,Panama,Cliniweb
Alberto Heart,Pediatría,dralbertoheart@gmail.com,+507 6430-3818,,The Panama Clinic Pacific Center,"Ciudad de Panamá, Panamá. Calle Ramón H. Jurado - Torre B",,https://directorio.cliniweb.com/alberto-heart,ya en base,Pediatría,Panama,Cliniweb
Scarlett G. Sinisterra,Pediatría,abc.pediatrics.pad@gmail.com,+507 6405-8838,,The Panama Clinic Pacific Center,"Ciudad de Panamá, Panamá. Calle Ramón H. Jurado - Torre B",,https://directorio.cliniweb.com/scarlett-sinisterra,ya en base,"Pediatría, Cardiología Pediátrica",Panama,Cliniweb
Carlos A. Velarde,Pediatría,neopeds@cmpaitilla.net,+507 6328-7908,,Consultorios Médicos Paitilla Clínica Dr. Carlos Velarde.,"Ciudad de Panamá, Panamá. Piso 1 Sur , consultorio 130. - Avenida Balboa y Calle 53",www.cmpaitilla.net,https://directorio.cliniweb.com/carlos-velarde,ya en base,"Pediatría, Neonatología",Panama,Cliniweb
Moisés Zebede,Pediatría,infozebede@hotmail.com,+507 6299-0982,, Clínica de Alergia y Asma,"Ciudad de Panamá, Panamá. Edificio Planta Baja. Consultorio 4 - Boulevard Pacífica y Vía Punta Darién","www.doctorzebede,com",https://directorio.cliniweb.com/moises-zebede,ya en base,"Alergología e Inmunología, Pediatría, Alergología e Inmunología, Alergología, Medicina Crítica y Terapia Intensiva, Cuidados Intensivos",Panama,Cliniweb
Yenibeth Córdoba,Pediatría,yenibeth17@hotmail.com,+507 6249-2426,,ecodentist,"Arraiján, Panamá. plaza oeste  arraijan burunga",,https://directorio.cliniweb.com/yenibeth17,ya en base,Pediatría,Panama,Cliniweb
Daniel Herrera Elsea,Pediatría,dherrera09@gmail.com,+507 6237-2588,, Consultorios Punta Pacífica,"Ciudad de Panamá, Panamá, . Piso 2. Consultorio 216 - Boulevard Pacífica y Vía Punta Darién",,https://directorio.cliniweb.com/daniel-herrera-elsea,ya en base,Pediatría,Panama,Cliniweb
Anabelle Vega Tejada,Pediatría,jagonave1@yahoo.com,+507 6140-3338,,CENTRO MEDICO INTEGRAL ALTA ESPECIALIDAD.,"Ciudad de Panamá, Panamá. Piso 8, consultorio 3. - Av. Justo Arosemena entre calle 38 y calle 39, detrás del Hospital Nacional",,https://directorio.cliniweb.com/anabelle-vega,ya en base,Pediatría,Panama,Cliniweb
Ofelina Del C. Vergara A.,Pediatría,ofelinavach@gmail.com,+507 6090-8542,, CENTRO MÉDICO LA GLORIA BETHANIA,"Ciudad de Panamá, Panamá. Camino Real de Bethania, P.H. Delta Real, Planta Baja, Local Nº. 1, Bethania, Panamá",,https://directorio.cliniweb.com/ofelina-del-c-vergara-a,ya en base,Pediatría,Panama,Cliniweb
Yarminia Rico Cedeño,Pediatría,pediatraenfamilia@gmail.com,+507 6071-6804,, Consultorios América,"Ciudad de Panamá, Panamá. Piso 6, Consultorio 624-B  - Via España",,https://directorio.cliniweb.com/dra-yarminia-rico-cedeno,ya en base,Pediatría,Panama,Cliniweb
Ilinichna Alzamora,Pediatría,neopediatriasalzamora@gmail.com,+507 6059-7570,Consultor Internacional de lactancia materna (IBCLC), Consultorios Punta Pacífica,"Ciudad de Panamá, Panamá. Piso 4. Consultorio 417 - Boulevard Pacífica y Vía Punta Darién",www.momdadschool.com/nosotros/,https://directorio.cliniweb.com/ilinichna-alzamora,ya en base,"Pediatría, Neonatología",Panama,Cliniweb
Yarminia Del C. Rico Cedeño,Pediatría,pediatraenfamilia@gmail.com,+507 6052-2290,, CLÍNICA HOSPITAL SAN FERNANDO,"Ciudad de Panamá, Panamá. Vía España, Panamá",,https://directorio.cliniweb.com/yarminia-del-c-rico-cedeno,ya en base,Pediatría,Panama,Cliniweb
Thagrid Harich Natsheh,Pediatría,tnd2586@gmail.com,+507 442-4622,,Centro Médico Leitza,"Colón, Panamá. Via Principal de Sabanitas",,https://directorio.cliniweb.com/thagrid-harichnatsheh,ya en base,Pediatría,Panama,Cliniweb
Dayana Patricia Barba Rangel,Pediatría,dayana_70@hotmail.com,+507 396-7925,, Consultorios Punta Pacífica,"Ciudad de Panamá, Panamá. Boulevard Punta Pacifica y Punta Darién",,https://directorio.cliniweb.com/dayana-patricia-barba-rangel,ya en base,Pediatría,Panama,Cliniweb
Elsa E. Chen R.,Pediatría,elsachenr28@hotmail.com,+507 394-7867,," SAN FRANCISCO, SAN FRANCISCO,","Ciudad de Panamá, Panamá. Ciudad de Panamá                        , Panamá",,https://directorio.cliniweb.com/elsa-e-chen-r,ya en base,Pediatría,Panama,Cliniweb
Yila Castillo De Centella,Pediatría,clinicacentella@gmail.com,+507 393-8256,, Consultorios Punta Pacífica,"Ciudad de Panamá, Panamá, . Piso 3. Consultorio 316 - Boulevard Pacífica y Vía Punta Darién",,https://directorio.cliniweb.com/yila-castillo-de-centella,ya en base,Pediatría,Panama,Cliniweb
Indira Herrera Rodriguez,Pediatría,ennaclinic@gmail.com,+507 393-5778,Genética,Consultorios Pacífica Salud,"Ciudad de Panamá, Panamá, . Boulevard Pacífica y Vía Punta Darién",,https://directorio.cliniweb.com/indira-herrera-rodriguez,ya en base,Pediatría,Panama,Cliniweb
Waldo Espinosa,Pediatría,fertilitypanama@gmail.com,+507 392-9853,"Genética, Infertilidad",Igfer. Pacifica Salud.,"Ciudad de Panamá, Panamá. Piso 6, consultorio 624. - Boulevard Pacífica y Vía Punta Darién,",www.igfer.com/,https://directorio.cliniweb.com/waldo-espinosa,ya en base,Pediatría,Panama,Cliniweb
Edmundo Vidal Miranda Guerra,Pediatría,yarikad@yahoo.com,+507 392-7047,,Consultorios Punta Pacífica,"Ciudad de Panamá, Panamá, . Boulevard Pacífica y Vía Punta Darién",,https://directorio.cliniweb.com/edmundo-vidal-miranda-guerra_741480,ya en base,"Neumología, Neumología Pediátrica, Pediatría",Panama,Cliniweb
Desiree Montero Loo,Pediatría,dmonteroloo@gmail.com,+507 385-9506,, Clínica Novus.,"Ciudad de Panamá, Panamá. 24 de Diciembre",,https://directorio.cliniweb.com/desiree-monteroloo,ya en base,Pediatría,Panama,Cliniweb
Jaime Eduardo Boyd Linares,Pediatría,jeboyd@aap.net,+507 340-9996,Oncología y Hematología Pediátrica,Consultorios Royal Center,"Ciudad de Panamá, Panamá. Calle 53 con Avenida Balboa . Marbella",,https://directorio.cliniweb.com/jaime-eduardo-boyd-linares,ya en base,"Hematología, Pediatría",Panama,Cliniweb
Ian Alberto González Grajales.,Pediatría,iangg87@hotmail.com,+507 310-9924,,The Panama Clinic Pacific Center,"Ciudad de Panamá, Panamá. Calle Ramon H. Jurado- Pacific Center",,https://directorio.cliniweb.com/ian-gonzalez,ya en base,Pediatría,Panama,Cliniweb
Jean Uziel Villegas Wong,Pediatría,tmup99@hotmail.com,+507 305-6354,,Clínica Hospital San Fernando Policlínica Norte,"Ciudad de Panamá, Panamá, . Vía España. Frente al Registro Público.",,https://directorio.cliniweb.com/jean-uziel-villegas-wong,ya en base,"Neonatología, Pediatría",Panama,Cliniweb
Ramiro García Barrios,Pediatría,ramgarbar@gmail.com,+507 305-6353,,Clínica Hospital San Fernando Policlínica Norte,"Ciudad de Panamá, Panamá, . Piso 3. Consultorio 13. - Vía España. Frente al Registro Público.",,https://directorio.cliniweb.com/ramiro-garcia-barrios,ya en base,"Pediatría, Nefrología Pediátrica",Panama,Cliniweb
Marissa Del Carmen Díaz Hassán,Pediatría,md_cdiaz@hotmail.com,+507 305-6350,,Clínica Hospital San Fernando Policlínica Norte,"Ciudad de Panamá, Panamá, . Vía España. Frente al Registro Público.",,https://directorio.cliniweb.com/marissa-del-carmen-diaz-hassan,ya en base,Pediatría,Panama,Cliniweb
Alberto R. Mizrachi Martínez,Pediatría,mizrachifamily@hotmail.com,+507 278-6608,,Clínica Hospital San Fernando Centro Especializado,"Ciudad de Panamá, Panamá. Piso 8. Consultorio 10. - Vía España. Frente al Registro Público.",,https://directorio.cliniweb.com/alberto-mizrachi,ya en base,Pediatría,Panama,Cliniweb
Carlos Edir Mitre Castañeda,Pediatría,edirmitre@gmail.com,+507 278-6607,,Clínica Hospital San Fernando Centro Especializado,"Ciudad de Panamá, Panamá, . Piso 7. Consultorio 12. - Vía España. Frente al Registro Público.",,https://directorio.cliniweb.com/carlos-edir-mitre-castaneda,ya en base,"Pediatría, Neonatología",Panama,Cliniweb
Militza Torres Herrera,Pediatría,dramith16@gmail.com,+507 278-6604,Neurodesarrollo neonatal e infantil,Clínica Hospital San Fernando Centro Especializado,"Ciudad de Panamá, Panamá, . Piso 4. Consultorio 18. - Vía España. Frente al Registro Público.",,https://directorio.cliniweb.com/militza-torres-herrera,ya en base,"Pediatría, Neonatología",Panama,Cliniweb
Janina Del Carmen Vergara Velásquez.,Pediatría,jvergarav44@gmail.com,+507 278-6602,,Clínica Hospital San Fernando Centro Especializado,"Ciudad de Panamá, Panamá, . Vía España. Frente al Registro Público.",,https://directorio.cliniweb.com/janina-del-carmenvergara-velasquez,ya en base,"Alergología e Inmunología, Alergología, Pediatría",Panama,Cliniweb
Melisa Burgos,Pediatría,doctora@melisaburgos.com,+507 278-1775,, Centro de Diagnostico Pediátrico,", . La Loma. Centro Comercial y profecional San Fernando.",,https://directorio.cliniweb.com/melisa-burgos,ya en base,Pediatría,Panama,Cliniweb
Roberto Grimaldo Samaniego,Pediatría,drgrimaldo@hotmail.com,+507 277-7600,,CONSULTORIO DR. ROBERTO GRIMALDO,"SAN MIGUELITO, Panamá. JOSE DOMINGO ESPINAR, VILLA LUCRE, CALLE PRINCIPAL LOCAL COMERCIAL",,https://directorio.cliniweb.com/roberto-grimaldo,ya en base,Pediatría,Panama,Cliniweb
Luis J. De León,Pediatría,luisjdlg19@gmail.com,+507 277-7600,, Consultorios San Judas Tadeo,"Ciudad de Panamá, Panamá. Piso 6 - Calle Ricardo A. Wilson. San Miguelito",,https://directorio.cliniweb.com/luis-deleon,ya en base,Pediatría,Panama,Cliniweb
Dario Vallarino Denis.,Pediatría,dvallarino@yahoo.com,+507 265-1630,,CLÍNICA VALLARINO,"Panamá, . Balboa Plaza, Piso 2, Local 207. Ave Balboa",,https://directorio.cliniweb.com/dr-dario-vallarino,ya en base,Pediatría,Panama,Cliniweb
Orlando José Tejeira Arauz,Pediatría,ojtejeira@hotmail.com,+507 261-5321,,Clínica Hospital San Fernando Centro Especializado,"Ciudad de Panamá, Panamá. Piso 7. Consultorio 13. - Vía España. Frente al Registro Público.",,https://directorio.cliniweb.com/orlando-jose-tejeira-arauz,ya en base,Pediatría,Panama,Cliniweb
Eusebio E. Bravo B.,Pediatría,eusebio23bravo@gmail.com,+507 253-7747,,Clinica Hospital Panamericano / la Chorrera,"La Chorrera, Panamá. Piso 1, consultorio 16 - Calle 19 Norte",,https://directorio.cliniweb.com/eusebio-e-bravo-b,ya en base,Pediatría,Panama,Cliniweb
Secundino Sugasti P.,Pediatría,secunsug@cwpanama.net,+507 253-7272,, Clinica Saturno,"La Chorrera, Panamá. CALLE 3 NOVIEMBRE",,https://directorio.cliniweb.com/secundino-sugasti-p,ya en base,Pediatría,Panama,Cliniweb
Eugenia María Serrano,Pediatría,cpdramartaceballos@gmail.com,+507 240-6227,, Clínica Pediatrica,"Chame, Panamá. Vía interamericana frente a la Alcaldía de Chame , diagonal a los Bomberos",,https://directorio.cliniweb.com/eugenia-serrano,ya en base,Pediatría,Panama,Cliniweb
Albino Salas,Pediatría,alamsace@yahoo.com,+507 229-8110,,Centro Especializado San Fernando Centro Especializado San Fernando,"Ciudad de Panamá, Panamá. Vía España. Frente al Registro Público.",,https://directorio.cliniweb.com/albino-salas,ya en base,Pediatría,Panama,Cliniweb
Esther Toala Pérez,Pediatría,toalae30@gmail.com,+507 229-7989,,Clínica Hospital San Fernando Centro Especializado,"Ciudad de Panamá, Panamá, . Vía España. Frente al Registro Público.",,https://directorio.cliniweb.com/esther-toala-perez,ya en base,Pediatría,Panama,Cliniweb
Julio Cesar Vega,Pediatría,matvegajc.23@gmail.com,+507 229-4388,, Consultorios America,"Ciudad de Panamá, Panamá. RIO ABAJO, LA SABANA, CONSULTORIOS AMERICA",,https://directorio.cliniweb.com/julio-cesar-vega,ya en base,Pediatría,Panama,Cliniweb
Mariana E. López S.,Pediatría,melopez@rocketmail.com,+507 229-3591,, Centro Medico Paitilla,"Ciudad de Panamá, Panamá. ",,https://directorio.cliniweb.com/mariana-e-lopez-s,ya en base,Pediatría,Panama,Cliniweb
Humberto De Leon,Pediatría,hdeleon_26@cwpanama.net,+507 225-2697,, Centro Medico Nacional,"Ciudad de Panamá, Panamá. Calle 38 este",,https://directorio.cliniweb.com/humberto-de-leon,ya en base,Pediatría,Panama,Cliniweb
Geraldine Norte,Pediatría,neogroup427@yahoo.com,+507 206-2585,,Consultorios Médicos Paitilla,"Ciudad de Panamá, Panamá. Piso 4° sur- Consultorio 427-Av. Balboa , calle 53.",,https://directorio.cliniweb.com/geraldine-norte,ya en base,Pediatría,Panama,Cliniweb
Fulvia Guerra De Lasso De La Vega,Pediatría,fulviaisabel@hotmail.com,+507 204-8550,, Consultorios Pacífica Salud,"Ciudad de Panamá, Panamá, . Boulevard Pacífica y Vía Punta Darién",,https://directorio.cliniweb.com/fulvia-guerra-de-lasso-de-la-vega,ya en base,Pediatría,Panama,Cliniweb
Gladys Cossio,Pediatría,gladyscoccio@puntapacifica.com,+507 204-8514,Genética, Consultorios Pacífica Salud,"Ciudad de Panamá, Panamá, . Boulevard Pacífica y Vía Punta Darién",,https://directorio.cliniweb.com/gladys-cossio,ya en base,Pediatría,Panama,Cliniweb
Daniel Herrera Mow,Pediatría,dhm953@gmail.com,+507 204-8486,,Consultorios Punta Pacífica Consultorios Punta Pacífica,"Ciudad de Panamá, Panamá. Piso 2. Consultorio 215, 216 - Boulevard Pacífica y Vía Punta Darién",,https://directorio.cliniweb.com/daniel-herrera-mow,ya en base,Pediatría,Panama,Cliniweb
Jerika Latorraca Guerrero,Pediatría,jerikalatorraca@yahoo.com,+507 204-8477,,Consultorios Punta Pacífica Consultorios Punta Pacífica,"Ciudad de Panamá, Panamá, . Piso 1. Consultorio 119 - Boulevard Pacífica y Vía Punta Darién",,https://directorio.cliniweb.com/jerika-latorraca-guerrero,ya en base,Pediatría,Panama,Cliniweb
Enrique Ruidiaz,Pediatría,consultorioruidiaz@gmail.com,+507 204-8398,,"Consultorios Punta Pacífica Consultorios Hospital Pacífica Salud, PUNTA PACIFICA","Ciudad de Panamá, Panamá. Boulevard Pacífica y Vía Punta Darién, piso 6, consultorio 610-611.",,https://directorio.cliniweb.com/enrique-ruizdiazp,ya en base,"Pediatría, Neonatología",Panama,Cliniweb
Carlos Vega,Pediatría,oficina317@gmail.com,+507 204-8344,, MEDIPED S.A,"Ciudad de Panamá, Panamá. Boulevard Pacífica y Vía Punta Darién",,https://directorio.cliniweb.com/carlos-vega,ya en base,Pediatría,Panama,Cliniweb
Yahel Alvarado,Pediatría,alvaradoyahel@hotmail.com,+507 204-8314,, Consultorios Pacífica Salud,"Ciudad de Panamá, Panamá, . Boulevard Pacífica y Vía Punta Darién",,https://directorio.cliniweb.com/yahel-alvarado,ya en base,"Medicina General, Pediatría, Algiología",Panama,Cliniweb
Yamilette L. Rivera Solis,Pediatría,yamirivera25@yahoo.com,+507 204-8312,Neurodesarrollo,Consultorios Pacífica Salud,"Ciudad de Panamá, Panamá, . Boulevard Pacífica y Vía Punta Darién",,https://directorio.cliniweb.com/yamilette-l-rivera-solis,ya en base,"Pediatría, Neonatología",Panama,Cliniweb
Ximena Norero,Pediatría,xnorero@gmail.com,+507 203-8797,,Consultorios Punta Pacífica Consultorios Punta Pacífica,"Ciudad de Panamá, Panamá, . Boulevard Pacífica y Vía Punta Darién. Consultorio 407",,https://directorio.cliniweb.com/ximena-norero,ya en base,"Infectología, Pediatría",Panama,Cliniweb
María Elisa Dejuane Mateo.,Pediatría,dra.medejuane@gmail.com,+507 203-0862,,Centro Especializado San Fernando Clínica Neo-pediátrica Dejuane,"Ciudad de Panamá, Panamá. Piso 4, consultorio 4-1 - Vía España. Frente al Registro Público.",,https://directorio.cliniweb.com/dejuane,ya en base,"Pediatría, Neonatología, Neonatología",Panama,Cliniweb
Juan Iván Rogers,Pediatría,dr.rogersped@gmail.com,,,,,,https://directorio.cliniweb.com/dr-rogers,ya en base,Pediatría,Panama,Cliniweb
Robin Samudio,Pediatría,robinsamudio9@hotmail.com,,,Hospital Chiriquí Hospital Chiriquí,"David, Panamá. Ave. 3ra. y Calle Central",,https://directorio.cliniweb.com/robin-samudio,ya en base,Pediatría,Panama,Cliniweb
Jessica Batista,Pediatría,clinicaprincessdrabatista2@gmail.com,,,,,,https://directorio.cliniweb.com/dra-jessica-batista,ya en base,Pediatría,Panama,Cliniweb
Natividad Caballero,Pediatría,natycaballero22@gmail.com,,,,,,https://directorio.cliniweb.com/dra-natividad-caballero,ya en base,"Neonatología, Pediatría, Pediatría",Panama,Cliniweb
Pedro Ernesto Vargas Vidal,Pediatría,clinica.drvargas@gmail.com,,,Consultorios Médicos Paitilla,"Ciudad de Panamá, Panamá. Piso 3 Norte, consultorios 303-304 - Avenida Balboa y Calle 53",www.pedrovargas.com,https://directorio.cliniweb.com/pedro-vargas,ya en base,"Pediatría, Neonatología",Panama,Cliniweb
Nancy Melissa Ambulo,Pediatría,gastropedpanama@gmail.com,,,The Panama Clinic Pacific Center,"Ciudad de Panamá, Panamá. Torre B Piso 27 Consultorio 2724 The Panama Clinic - Recepción - Calle Ramón H. Jurado - Pacific Center",,https://directorio.cliniweb.com/nancy-ambulo,ya en base,"Pediatría, Gastroenterología Pediátrica",Panama,Cliniweb
Nigma García Arámburo,Pediatría,cambol_23@hotmail.com,,,,,,https://directorio.cliniweb.com/nigma-garcia-aramburo,ya en base,Pediatría,Panama,Cliniweb
Krisslly Ramírez,Pediatría,dramama.pty@hotmail.com,,,,,,https://directorio.cliniweb.com/dra-krisslly-ramirez,ya en base,"Pediatría, Pediatría",Panama,Cliniweb
Telsys Bonilla De Niet,Pediatría,telsys2026@gmail.com,,,Consultorios Médicos Paitilla Consultorios Médicos Paitilla,"Ciudad de Panamá, Panamá. Piso 6 . Consultorio 626 - Avenida Balboa y Calle 53",https://directorio.cmpaitilla.net/telsys-bonilla,https://directorio.cliniweb.com/telsys-bonilla,ya en base,"Neonatología, Pediatría, Pediatría",Panama,Cliniweb
Rodolfo Anibal  Iturralde Moreno,Pediatría,riturralde07@gmail.com,,,The Panama Clinic Pacific Center,", . Torre B.  Piso 23. Consultorio 2318",,https://directorio.cliniweb.com/dr-rodolfo-anibal-iturralde-moreno,ya en base,Pediatría,Panama,Cliniweb
Carmen Guerrero Rojas,Pediatría,dra.guerrerorojas.pedgi@gmail.com,,"Hepatología, Nutrición pediátrica, Gastroenterología Pediátrica",,,,https://directorio.cliniweb.com/carmen-guerrero-rojas,ya en base,"Pediatría, Pediatría",Panama,Cliniweb
Yanemi Moran,Pediatría,yanemi_moran@yahoo.com,,, Hospital Chiriqui,"David, Panamá. Mezzanine- Torre Nº 2 - Ave. 3ra. y Calle Central",,https://directorio.cliniweb.com/yanemi-moran,ya en base,Pediatría,Panama,Cliniweb
Marta Ceballos Rodriguez,Pediatría,playassalud@gmail.com,,,Clínica Pediatrica,"Chame, Panamá. Vía interamericana frente a la Alcaldía de Chame , diagonal a los Bomberos",,https://directorio.cliniweb.com/marta-ceballos,ya en base,"Pediatría, Pediatría",Panama,Cliniweb
Jorge Hawkins,Pediatría,consultorios@cmcaribe.com,,,Centro Médico del Caribe Centro Médico del Caribe,"Colón, Panamá. Consultorio 217 - Calle 12 y Roosevelt",,https://directorio.cliniweb.com/drjorge-hawkins,ya en base,Pediatría,Panama,Cliniweb
Bolivar Davalos,Pediatría,bolivardavalos06@hotmail.com,,,Clínica Hospital San Fernando Centro Especializado,"Ciudad de Panamá, Panamá. Piso 3. Consultorio 10. - Vía España. Frente al Registro Público.",,https://directorio.cliniweb.com/bolivar-davalos,ya en base,Pediatría,Panama,Cliniweb
Gerardo Rivera Chen,Pediatría,griverachen@hotmail.com,,,Clínica Hospital San Fernando Centro Especializado,"Ciudad de Panamá, Panamá. Piso 7. Consultorio 8. - Vía España. Frente al Registro Público.",,https://directorio.cliniweb.com/gerardo-rivera-chen,ya en base,"Neonatología, Pediatría",Panama,Cliniweb
Alyna Nekelda Arcia Torres,Pediatría,alyarcia09@yahoo.com,,Emergenciología, Centro Medico Nacional,"Ciudad de Panamá, Panamá. Piso 3, consultorio 306 - Calle 38 Este y Ave Justo Arosemana",,https://directorio.cliniweb.com/alyna-nekelda-arcia-torres,ya en base,Pediatría,Panama,Cliniweb
Dario Antonio Vallarino De Sanctis,Pediatría,mdvallarino@gmail.com,,,,,,https://directorio.cliniweb.com/dr-dario-antonio-vallarino-1,ya en base,"Pediatría, Neonatología",Panama,Cliniweb
Ana Gabriela Lucas Quintero,Pediatría,consultas@pediatricsclinicpanama.com,,,Pediatrics Clinic,"Ciudad de Panamá, Panamá. Plaza 507, local 15 - Costa del Este, Calle Centenario, al lado del Súper 99",chat.openai.com/g/g-1E7Z6Q2XF-gpt-chat-espanol,https://directorio.cliniweb.com/ana-gabriela-lucas,ya en base,Pediatría,Panama,Cliniweb
Jorge Juan Medrano De Leon,Pediatría,jorgemedrano72@hotmail.com,,, Centro Médico Integral  Alta Especialidad. Centro Pediátrico Nacional,"Ciudad de Panamá, Panamá. Piso 9 - Av. Justo Arosemena entre calle 38 y calle 39, detrás del Hospital Nacional",,https://directorio.cliniweb.com/jorge-juan-medrano-de-leon,ya en base,"Pediatría, Neonatología",Panama,Cliniweb
Laura Edith Abrego Fuentes,Pediatría,abregolaura@gmail.com,,,HOSPITAL PUNTA PACÍFICA,"PANAMÁ, Panamá. HOSPITAL PUNTA PACÍFICA",,https://directorio.cliniweb.com/laura-abrego,ya en base,"Alergología e Inmunología, Alergología, Alergología e Inmunología, Inmunología, Pediatría",Panama,Cliniweb
Ariadne Milord De Manzanares,Pediatría,ariadnemilord@yahoo.com,,, Centro Especializado,"Ciudad de Panamá, Panamá. Piso 8. Consultorio 8-2. - Vía España. Frente al Registro Público.",,https://directorio.cliniweb.com/ariadne-milord-de-manzanares,ya en base,Pediatría,Panama,Cliniweb
Eduardo Nelson Valdes,Pediatría,EDUARDONELSONVALDES@YAHOO.COM,,, Centro Médico Integral  Alta Especialidad. Centro Pediatrico Nacional,"Ciudad de Panamá, Panamá. Piso 9 - Av. Justo Arosemena entre calle 38 y calle 39, detrás del Hospital Nacional",,https://directorio.cliniweb.com/eduardo-nelson-valdes,ya en base,"Pediatría, Neonatología",Panama,Cliniweb
Nicole Maheva Monteverde Caballero,Pediatría,nmonteverdec@gmail.com,,,Centro Especializado,"Ciudad de Panamá, Panamá. Planta Baja. Consultorio 3. - Via España",,https://directorio.cliniweb.com/nicole-monteverde,ya en base,"Endocrinología Pediátrica, Pediatría, Pediatría",Panama,Cliniweb
Mariam  Cano Amores,Pediatría,canomariam@gmail.com,,,,,,https://directorio.cliniweb.com/mariam-nicole-cano-amores,ya en base,Pediatría,Panama,Cliniweb
Karen Aimee Icaza Valdes,Pediatría,karenicaza_483@hotmail.com,,,Clínica Hospital San Fernando Centro Especializado,"Ciudad de Panamá, Panamá. Piso 6. Consultorio 3. - Vía España. Frente al Registro Público.",,https://directorio.cliniweb.com/karen-i,ya en base,Pediatría,Panama,Cliniweb
Maribel Adames Pereira,Pediatría,dra.adamespereira@gmail.com,,, Chitré (Ecomedic-Cemlab),"Chitré, Panamá. PLAZA DE LEONARDOS y AVENIDA RANALDO CAMARO B,DIAGONAL A LA FARMACIA DEL HOSPITAL GUSTAVO NELSON COLLADO",,https://directorio.cliniweb.com/maribel-adames,ya en base,Pediatría,Panama,Cliniweb
Caridad Samaniego,Pediatría,recepcion@fertileg.com,,,,,,https://directorio.cliniweb.com/caridad-samaniego,ya en base,Pediatría,Panama,Cliniweb
Ericson Gallardo Herrera,Pediatría,dr.ericson.pediatra@gmail.com,,, Centro Medico Odontológico El Coco,", . Penonomé",,https://directorio.cliniweb.com/ericson-gallardo,ya en base,Pediatría,Panama,Cliniweb
Miguel Antonio Bambú Rodríguez,Pediatría,mbpeds@gmail.com,,,Hospital Nacional,"Ciudad de Panamá, Panamá. Piso 9, consultorio 1 - Avenida Justo Arosemena, entre calle 38 y 39, detrás del Hospital Nacional",,https://directorio.cliniweb.com/miguel-antonio-bambu-rodriguez,ya en base,"Pediatría, Neonatología",Panama,Cliniweb
Miguel Rodríguez Lavergne,Pediatría,mikerodriguezlavergne@gmail.com,,,"Hospitales Nacionales, S. A.","Ciudad de Panamá, Panamá. PANAMA, PANAMA",,https://directorio.cliniweb.com/miguel-rodriguez-lavergne,ya en base,Pediatría,Panama,Cliniweb
Debora Ujueta,Pediatría,consultas@pediatricsclinicpanama.com,,,,,https://pediatricsclinicpanama.com/,https://directorio.cliniweb.com/debora-ujueta,ya en base,"Pediatría, Neonatología",Panama,Cliniweb
David Méndez Dutari,Pediatría,recepcion4s@consultoriospaitilla.com,,,Consultorios Médicos Paitilla Consultorios Médicos Paitilla,"Ciudad de Panamá, Panamá. Piso 4 Sur, consultorio 430. - Avenida Balboa y Calle 53",www.cmpaitilla.net,https://directorio.cliniweb.com/david-mendez,ya en base,"Pediatría, Neonatología",Panama,Cliniweb
Dilia Gaona,Pediatría,diliagaona@hotmail.com,,, Hospital Cuatro Altos,"Chagres, . Vía Transísmica; Cuatro Altos Colon - Colón - Colón",,https://directorio.cliniweb.com/dilia-gaona,ya en base,"Pediatría, Neonatología",Panama,Cliniweb
Maureen Quiroz,Pediatría,consultas@pediatricsclinicpanama.com,,,,,,https://directorio.cliniweb.com/maureen-quiroz,ya en base,"Pediatría, Pediatría",Panama,Cliniweb
Pedro Tejada,Pediatría,pedrotejada385@gmail.com,,,,,,https://directorio.cliniweb.com/dr-pedro-tejada,ya en base,Pediatría,Panama,Cliniweb
Elio Adriano Arrocha,Pediatría,limarpanama@yahoo.com,,,Consultorios Médicos Paitilla Consultorios Médicos Paitilla,"Ciudad de Panamá, Panamá. Piso 4, consultorio 429. - Avenida Balboa y Calle 53",www.cmpaitilla.net,https://directorio.cliniweb.com/elio-arrocha,ya en base,"Pediatría, Nefrología",Panama,Cliniweb
Lilia Nuñez,Pediatría,linunezdoc@hotmail.com,,,Consultorios Médicos Paitilla,"Ciudad de Panamá, Panamá. Piso 1° sur- Consultorio 127-Av. Balboa , calle 53.",,https://directorio.cliniweb.com/lilia-nunez,ya en base,"Pediatría, Endocrinología",Panama,Cliniweb
Cristina González Niño,Pediatría,crisgonmd@yahoo.com,,,,,,https://directorio.cliniweb.com/cristina-gonzalez,ya en base,"Endocrinología, Pediatría, Endocrinología Pediátrica",Panama,Cliniweb
Iván Augusto Sierra Robles,Pediatría,drivansierra@icloud.com,,,Consultorios Médicos Paitilla Consultorios Médicos Paitilla,"Ciudad de Panamá, Panamá. Piso 5, consultorio 529 - Avenida Balboa y Calle 53",,https://directorio.cliniweb.com/ivan-sierra,ya en base,Pediatría,Panama,Cliniweb
Mireya Alvear,Pediatría,mdmoreno38@gmail.com,,,Centro Médico Nacional,"Ciudad de Panamá, Panamá. Piso 1, consultorio 113 - Av. Justo Arosemena entre calle 38 y calle 39",,https://directorio.cliniweb.com/mireya-arcia,ya en base,Pediatría,Panama,Cliniweb
Eloida Patiño,Pediatría,clinicaprincessdrapatino1@gmail.com,,,,,,https://directorio.cliniweb.com/dra-eloida-patino,ya en base,"Pediatría, Pediatría",Panama,Cliniweb
Itzel Aguilar Moreno.,Pediatría,kidsclinicpediatra@gmail.com,,,Consultorios Town Center Consultorios Town Center 6to piso Torre Bambú,"Ciudad de Panamá, Panamá. Costa del Este Town Center, Torre Bambú consultorio 604",,https://directorio.cliniweb.com/itzel-aguilar-moreno,ya en base,Pediatría,Panama,Cliniweb
Liliana Neil,Pediatría,dralilneilb@hotmail.com,,,The Panama Clinic Pacific Center ( Día Martes solo cupos para Teleconsultas),"Ciudad de Panamá, Panamá. Torre B, piso 24, consultorio 2405 - Calle Ramón H. Jurado - Pacific Center",,https://directorio.cliniweb.com/liliana-neil,ya en base,"Endocrinología Pediátrica, Pediatría, Pediatría",Panama,Cliniweb
Alfredo Cohen Henriquez Sasso,Pediatría,drhenriquez76@yahoo.com,,,Clínica Hospital San Fernando Consultorios Sur,"Ciudad de Panamá, Panamá. Piso 1. Consultorio 4. - Vía España. Frente al Registro Público.",,https://directorio.cliniweb.com/alfredo-cohen-henriquez-sasso,ya en base,Pediatría,Panama,Cliniweb
Bernardo A. Quintero C.,Pediatría,clinica.dr.quintero@gmail.com,,, Consultorios Punta Pacífica,"Ciudad de Panamá, Panamá. Piso 6. Consultorio 623 - Boulevard Pacífica y Vía Punta Darién",,https://directorio.cliniweb.com/bernardo-quintero,ya en base,"Pediatría, Infectología",Panama,Cliniweb
Leria Batista,Pediatría,leriab10@gmail.com,,,,,,https://directorio.cliniweb.com/leria-batista,ya en base,"Pediatría, Doctor de niños",Panama,Cliniweb
Bella Bethel Guerra Cosme,Pediatría,bellabethel@hotmail.com,,,,,,https://directorio.cliniweb.com/dra-bella-bethel-guerra-cosme,ya en base,"Pediatría, Neonatología",Panama,Cliniweb
Elizabeth Caparó,Pediatría,Ecaparoingram@gmail.com,,Trastornos del Sueño,The Panama Clinic The Panama Clinic,"Ciudad de Panamá, Panamá. Calle Ramón H. Jurado,Pacific Center, torre B.",https://pediatricsclinicpanama.com/,https://directorio.cliniweb.com/dra-elizabeth-caparo,ya en base,"Neumología Pediátrica, Pediatría, Pediatría",Panama,Cliniweb
Mirla Janeth Caballero González,Pediatría,kidsclinicpediatra@gmail.com,,,Hospital Pacífica Salud,", Panamá. Pacific Boulevard and, Blvrd Pacífica, Panamá",,https://directorio.cliniweb.com/mirla-janeth-caballero-gonzalez,ya en base,"Pediatría, Pediatría",Panama,Cliniweb
José Ángel Castrellón,Pediatría,joseangelc30@hotmail.com,,, Consultorios America,"Ciudad de Panamá, Panamá. PUEBLO NUEVO, LAS SABANAS, CONSULTORIOS AMERICA",,https://directorio.cliniweb.com/jose-angel-castrellon,ya en base,Pediatría,Panama,Cliniweb
Marcos Rolando Salazar Fong,Pediatría,marcorolando@gmaiil.com,,,,,,https://directorio.cliniweb.com/marcos-rolando-salazar-fong,ya en base,Pediatría,Panama,Cliniweb
Vanessa Anabell Rodriguez,Pediatría,vanessarodriguez@outlook.com,,,"Consultorios Punta Pacífica Consultorios Hospital Pacífica Salud, PUNTA PACIFICA","Ciudad de Panamá, Panamá, . Piso 6. Consultorio 610, 611 - Boulevard Pacífica y Vía Punta Darién",,https://directorio.cliniweb.com/dra-vanessa-anabell-rodriguez,ya en base,Pediatría,Panama,Cliniweb
Diva Alicia Almillátegui Cruz,Pediatría,divaalmic@yahoo.com.mx,,,Clínica de Especialidades Pediátricas Chitré,"Chitré, Panamá. Planta Baja - Calle Aminta Burger, urbanización Cohen detrás de los bomberos de Chitré.",,https://directorio.cliniweb.com/diva-alicia-almillategui,ya en base,Pediatría,Panama,Cliniweb
Iván Mendieta,Pediatría,euphos12@gmail.com,,,The Panama Clinic ABC Pediatrics,", . Calle Ramon H. Jurado- Torre B piso 24 consultorio 2404-2405",,https://directorio.cliniweb.com/dr-ivan-mendieta,ya en base,Pediatría,Panama,Cliniweb
Dora Pérez,Pediatría,dradoraperez@gmail.com,,,Centro Médico  Gualex,"Chitré, Panamá. Atención de urgencia prepagada B/. 75.00,  Consulta presencial B/. 65.00, Teleconsulta B/. 75.00",,https://directorio.cliniweb.com/dora-perez,ya en base,Pediatría,Panama,Cliniweb
Icaro Leandro,Pediatría,ileandro@cableonda.net,,,Consultorios Médicos Paitilla Consultorios Médicos Paitilla,"Ciudad de Panamá, Panamá. Piso 2 Norte, consultorio 203 - Avenida Balboa y Calle 53",,https://directorio.cliniweb.com/icaro-leandro,ya en base,"Pediatría, Cardiología",Panama,Cliniweb
Francisco Bravo Icaza,Pediatría,fbravomd@hotmail.com,,,Consultorios Médicos Paitilla Consultorio de Dr. Francisco Bravo,"Ciudad de Panamá, Panamá. Piso 4, consultorio 403 - Piso 4, Consultorio 403, Calle 53 Este",,https://directorio.cliniweb.com/francisco-bravo-icaza,ya en base,Pediatría,Panama,Cliniweb
Itzel  Mendoza Lopez,Pediatría,Itzelitam22@gmail.com,,,,,,https://directorio.cliniweb.com/dra-itzel-mendoza-lopez,ya en base,"Pediatría, Doctor de niños",Panama,Cliniweb
Yaizeth Morales,Pediatría,yaimorales1415@gmail.com,,,Consultorios Town Center Costa del Este,"Panamá, Panamá. Torre Bambú, piso 6, consultorio 604 - Ave. Paseo del Mar, Costa del Este,",,https://directorio.cliniweb.com/dra-yaizeth-morales,ya en base,Pediatría,Panama,Cliniweb
Kiriam Escobar Lee,Pediatría,kescobarlee@outlook.com,,,,,,https://directorio.cliniweb.com/kiriam-escobar-lee,ya en base,"Infectología, Pediatría",Panama,Cliniweb
Martin  Lasso,Pediatría,nicmic66@gmail.com,,,Novus Medical Center,"Ciudad de Panamá, Panamá. Piso 1, Local 30 -Plaza Comercial San Fernando, arriba del Banco Nacional.",https://drmartinlasso.com/,https://directorio.cliniweb.com/martin_lasso,ya en base,Pediatría,Panama,Cliniweb
Esther Soto Gómez,Pediatría,eysg01@gmail.com,,,,,,https://directorio.cliniweb.com/dra-esther-soto-gomez,ya en base,"Pediatría, Doctor de niños",Panama,Cliniweb
Francisco Sousa-Lennox,Pediatría,fxlm51@yahoo.com,,,Consultorios Médicos Paitilla,"Ciudad de Panamá, Panamá. Piso 4° norte- Consultorio 415-Av. Balboa , calle 53.",,https://directorio.cliniweb.com/francisco-sousa-lennox,ya en base,Pediatría,Panama,Cliniweb
Manuel Abood Aoun,Pediatría,manuelabood@hotmail.com,,,Clínica Hospital San Fernando Centro Especializado,"Ciudad de Panamá, Panamá. Piso 7. Consultorio 8. - Vía España. Frente al Registro Público.",,https://directorio.cliniweb.com/manuel-abood,ya en base,Pediatría,Panama,Cliniweb
Henry Lum Chial,Pediatría,drlumchial@hotmail.com,,,Clínica Hospital San Fernando Policlínica Norte,"Ciudad de Panamá, Panamá. Piso 3. Consultorio 6. - Vía España. Frente al Registro Público.",,https://directorio.cliniweb.com/henry-lum-chial,ya en base,Pediatría,Panama,Cliniweb
Rafael Sánchez Barría,Pediatría,pichincha21@yahoo.com,,,Clínica Hospital San Fernando Centro Especializado,"Ciudad de Panamá, Panamá, . Piso 7. Consultorio 8. - Vía España. Frente al Registro Público.",,https://directorio.cliniweb.com/rafael-sanchez-barria,ya en base,Pediatría,Panama,Cliniweb
Mario Antonio Rodriguez,Pediatría,rodriguezmarioantonio@yahoo.com,,,Consultorios Médicos Paitilla,"Ciudad de Panamá, Panamá. Piso 2° sur- Consultorio 219-Av. Balboa , calle 53.",,https://directorio.cliniweb.com/mario-antonio-rodriguez,ya en base,Pediatría,Panama,Cliniweb
Manuel Vásquez Vega,Pediatría,mevv@me.com,,,Consultorios Médicos Paitilla,"Ciudad de Panamá, Panamá. Piso 4° sur- Consultorio 421-Av. Balboa , calle 53.",,https://directorio.cliniweb.com/manuel-vasquez,ya en base,"Pediatría, Neonatología",Panama,Cliniweb
Marion B. Alleyne B.,Pediatría,walleyneb@gmail.com,,,Consultorios Médicos Paitilla,"Ciudad de Panamá, Panamá. Piso 1° sur- Consultorio 127-Av. Balboa , calle 53.",,https://directorio.cliniweb.com/marion-alleyne,ya en base,"Pediatría, Neurología Pediátrica",Panama,Cliniweb
Vera Itzel Lombardo,Pediatría,vera_lombardo@hotmail.com,,, Centro Médico Integral  Alta Especialidad,"Ciudad de Panamá, Panamá. Piso 9 - Av. Justo Arosemena entre calle 38 y calle 39, detrás del Hospital Nacional",,https://directorio.cliniweb.com/vera-itzel-lombardo,ya en base,"Pediatría, Neonatología",Panama,Cliniweb
Michael J. Carrillo,Pediatría,mikecarrillo.md@gmail.com,,,,,www.drmikecarrillo.com,https://directorio.cliniweb.com/dr-michael-carrillo,ya en base,Pediatría,Panama,Cliniweb
Rubén Villalaz,Pediatría,drvillalaz@hotmail.com,,,Consultorios Médicos Paitilla,"Ciudad de Panamá, Panamá. Piso 4° sur- Consultorio 420-Av. Balboa , calle 53.   Lunes a viernes de 4:00 p.m a 6:00 p.m",,https://directorio.cliniweb.com/ruben-villalaz,ya en base,"Pediatría, Neonatología",Panama,Cliniweb
Hermes Pimentel,Pediatría,drpimenpediatra@gmail.com,,Neurodesarrollo Infantil,Consultorios Médicos Paitilla,"Ciudad de Panamá, Panamá. Piso 4° sur- Consultorio -Av. Balboa , calle 53.",,https://directorio.cliniweb.com/hermes-pimentel,ya en base,Pediatría,Panama,Cliniweb
Sofía Gómez,Pediatría,wclavijo@gmail.com,,"Pediatría-Epilepsia, Pediatría del Desarrollo",,,www.drluisacuddy.com,https://directorio.cliniweb.com/sofiagomez,ya en base,"Pediatría, Doctor de niños",Panama,Cliniweb
Adrian Ruidiaz Ng,Pediatría,aruidiaz6@gmail.com,,,"Consultorios Punta Pacífica Consultorios Hospital Pacífica Salud, PUNTA PACIFICA","Panamá, . Boulevard Pacífica y Vía Punta Darién, piso 6, consultorio 610-611.",,https://directorio.cliniweb.com/adrian-ruidiaz-ng,ya en base,"Pediatría, Neonatología",Panama,Cliniweb
Maryorie Bonilla,Pediatría,MARYIEBONILLA482@GMAIL.COM,,"Especialista en Trastornos del Neurodesarrollo, Pediatría del Desarrollo",Hospital Punta Pacifica - Piso 8 Consultorio 801,", . Hospital Punta Pacífica, Piso 8- Consulotrio 801 Clínica Especializada Pediátrica",,https://directorio.cliniweb.com/maryorie-bonilla,ya en base,Pediatría,Panama,Cliniweb
Marjorie Conte,Pediatría,contemarjorie05@gmail.com,,,,,,https://directorio.cliniweb.com/marjorie-conte,ya en base,Pediatría,Panama,Cliniweb
Pablo Caycho,Pediatría,clinicaprincessdrcaycho1@gmail.com,,,,,,https://directorio.cliniweb.com/dr-pablo-caycho,ya en base,"Pediatría, Doctor de niños",Panama,Cliniweb
Manuel Marcelino De Gracia Varela,Pediatría,mmdegracia@gmail.com,,,Clínica Hospital San Fernando Centro Especializado,"Ciudad de Panamá, Panamá. Piso 6. Consultorio 1. - Vía España. Frente al Registro Público.",,https://directorio.cliniweb.com/manuel-de-gracia,ya en base,"Pediatría, Neonatología",Panama,Cliniweb
Enrique Ruidiaz Ng,Pediatría,consultorioruidiaz@gmail.com,,,"Consultorios Punta Pacífica Consultorios Hospital Pacífica Salud, PUNTA PACIFICA","Ciudad de Panamá, Panamá. Piso 6. Consultorio 611 - Boulevard Pacífica y Vía Punta Darién",,https://directorio.cliniweb.com/enrique-ruizdiaz,ya en base,"Pediatría, Neonatología",Panama,Cliniweb
Dras. Pediatras,Pediatría,pediatraspc@gmail.com,,,,,https://pediatricsclinicpanama.com/,https://directorio.cliniweb.com/dras-pediatras,ya en base,Pediatría,Panama,Cliniweb
Ismael Arroyo Escartin,Pediatría,endokids@gmail.com,,,,,,https://directorio.cliniweb.com/ismael-arroyo-escartin,ya en base,"Endocrinología Pediátrica, Endocrinología Pediátrica, Pediatría, Pediatría",Panama,Cliniweb
Cecibel Rodriguez,Pediatría,cecibel_r@hotmail.com,,,Clínica Correoso,", . Detrás del McDonald's",,https://directorio.cliniweb.com/dra-cecibel-rodriguez,ya en base,Pediatría,Panama,Cliniweb
Joyra Raquel Andrade Ng,Pediatría,jandrade0108@gmail.com,,, Hospital Paitilla,"Panamá, Panamá. Avenida Balboa con calle 53, Panamá, Unidad de Urgencias Pediátricas",,https://directorio.cliniweb.com/joyra-raquel-andrade-ng,ya en base,Pediatría,Panama,Cliniweb
Alvaro   Moreno Peralta,Pediatría,alvaromoreno0236@gmail.com,,, Chitré,"Chitré, Panamá. Ave. Carmelo Spadafora Edificio: Clínica Venancio Villarreal  Apartamento: 2",,https://directorio.cliniweb.com/alvaro-moreno-peralta,ya en base,Pediatría,Panama,Cliniweb
Publio De Gracia Tejada,Pediatría,publio52@hotmail.com,,, HOSPITAL CUATRO ALTOS    ,"COLÓN , Panamá. HOSPITAL CUATRO ALTOS    ",,https://directorio.cliniweb.com/publio-de-gracia-tejada32859,ya en base,Pediatría,Panama,Cliniweb
Ian Alberto González,Pediatría,dr.iangonzalezg@gmail.com,,,The Panama Clinic The Panama Clinic,"Ciudad de Panamá, . The Panama Clinic, Torre B, Piso 24 , Consultorio 2404,",,https://directorio.cliniweb.com/ian-alberto-gonzalez,ya en base,"Neonatología, Pediatría",Panama,Cliniweb
Andrea Zoe Becerra Queiroz,Pediatría,pediatrabecerra@gmail.com,,, Consultorios Pacífica Salud,", Panamá. Pacific Boulevard and, Blvrd Pacífica, Panamá",,https://directorio.cliniweb.com/andrea-zoe-becerra-queiroz,ya en base,Pediatría,Panama,Cliniweb
Yariela Del Carmen Arauz Navarro,Pediatría,yariarauz2027@gmail.com,,,CONSULTORIOS MÉDICOS ROYAL CENTER,"PANAMÁ, Panamá. CONSULTORIOS MÉDICOS ROYAL CENTER",,https://directorio.cliniweb.com/yariela-del-carmen-arauz-navarro1,ya en base,"Pediatría, Neonatología",Panama,Cliniweb
Gilberto Enrique Cordoba Bonilla,Pediatría,cordobamartinez16@gmail.com,,, CONSULTORIOS PAITILLA    ,"PANAMÁ, Panamá. CONSULTORIOS PAITILLA    ",,https://directorio.cliniweb.com/gilberto-enrique-cordoba-bonilla              ,ya en base,Pediatría,Panama,Cliniweb
Maricel Somari Barraza Otero,Pediatría,mdmarisolb@gmail.com,,,,,,https://directorio.cliniweb.com/maricel-somari-barraza-otero,ya en base,Pediatría,Panama,Cliniweb
Kenneth Williams,Pediatría,consultorios@cmcaribe.com,,,Centro Médico del Caribe  Centro Médico del Caribe,"Colón, Panamá. Consultorio 207. - Calle 12 y Roosevelt",,https://directorio.cliniweb.com/kenneth-williams,ya en base,"Pediatría, Neonatología",Panama,Cliniweb
Pedro E. Verbel Arrocha,Pediatría,verbel@bellsouth.net.pa,,, CONSULTORIOS AMÉRICA,"PANAMÁ, Panamá. CONSULTORIOS AMÉRICA",,https://directorio.cliniweb.com/pedro-e-verbel-arrocha,ya en base,Pediatría,Panama,Cliniweb
Julissa Suijan Loo Chung,Pediatría,julissa-loo@hotmail.com,,, Clínica Aguadulce,"Coclé, Panamá. Edif Paseo Boulevard, Local # 6",,https://directorio.cliniweb.com/julissa-suijan-loo-chung,ya en base,Pediatría,Panama,Cliniweb
Gesaid Denazareth Tejada Aguilar,Pediatría,gesaid@hotmail.com,,,Clinica Hospital Jesus Nazareno,"SANTIAGO, Panamá. SANTIAGO, VERAGUAS",,https://directorio.cliniweb.com/gesaid-denazareth-tejada-aguilar,ya en base,"Pediatría, Neonatología",Panama,Cliniweb
Yacksdenicel Osorio Perez,Pediatría,yacksy14@gmail.com,,,The Panama Clinic ABC Pediatrics,", . Calle Ramon H Jurado, Edificio Pacific Center. Torre B piso 24 consultorio 2404.",,https://directorio.cliniweb.com/dra-yacksdenicel-osorio-perez,ya en base,Pediatría,Panama,Cliniweb
Maricela Osiris Cotes,Pediatría,cotes0909@gmail.com,,,Hospital Chiriquí Hospital Chiriquí,"David, . Consultorios Hospital Chiriquí, #210,",,https://directorio.cliniweb.com/maricela-osiris-cotes,ya en base,Pediatría,Panama,Cliniweb
Leyla Muñoz Oro,Pediatría,leyla.jovanna@gmail.com,,,,,,https://directorio.cliniweb.com/dra-leyla-munoz-oro,ya en base,"Neonatología, Pediatría",Panama,Cliniweb
Kenneth Antonio Williams  Larson,Pediatría,kawcom17@gmail.com,,,Sura-directorio-pa Cuatro Altos,"Colón, Panamá. Cuatro Altos Ave. Randolph Edificio: Hospital Colón Cuatro Altos  Apartamento: 410",,https://directorio.cliniweb.com/kenneth-antonio-willams-larson,ya en base,"Pediatría, Neonatología",Panama,Cliniweb
Margarita Estela Purñiotis Ruíz De Villarreal,Pediatría,margares12@yahoo.com,,, Cuatro Altos Colón,"Colón, Panamá. Cuatro Altos Ave. Randolph Edificio: Hospital Colón Cuatro Altos  Apartamento: 5",,https://directorio.cliniweb.com/margarita-estela-purniotis-rui,ya en base,Pediatría,Panama,Cliniweb
Erica Moreno,Pediatría,erikamoreno371@gmail.com,,,,,,https://directorio.cliniweb.com/dra-erica-moreno,ya en base,Pediatría,Panama,Cliniweb
Lourdes Bethancourt,Pediatría,lulubetha@gmail.com,,, Consultorios Médicos Paitilla,"Ciudad de Panamá, Panamá. Piso 4° sur- Consultorio 420-Av. Balboa , calle 53. ",,https://directorio.cliniweb.com/dra-lourdes-bethancourt,ya en base,Pediatría,Panama,Cliniweb
Javier Martinez,Pediatría,drjomv_1102@hotmail.com,,,Hospital Chiriqui,"David, Panamá. Ave. 3ra. y Calle Central",,https://directorio.cliniweb.com/javier-martinez,ya en base,"Pediatría, Neonatología",Panama,Cliniweb
Juan Antonio Ruiz Gutierrez,Pediatría,dr.jruiz13@gmail.com,,,,"Ciudad de Panamá, Panamá. ",,https://directorio.cliniweb.com/juan-antonio-ruiz-gutierrez,ya en base,Pediatría,Panama,Cliniweb
Jorge Escalona Chong,Pediatría,Jmech11@gmail.com,,, SERVICIOS MÉDCIOS AGUADULCE ,"AGUADULCE, Panamá. SERVICIOS MÉDCIOS AGUADULCE ",,https://directorio.cliniweb.com/dr-jorge-escalona-chong-pediatria,ya en base,Pediatría,Panama,Cliniweb
Isamara Bernard,Pediatría,draisamarbernard@gmail.com,,,,,,https://directorio.cliniweb.com/isamara-bernard,ya en base,Pediatría,Panama,Cliniweb
Saul Antonio Jovane Carrizo,Pediatría,drjovane@me.com,,, San Juan de Dios,"SANTIAGO, Panamá. Edificio: Clínica San Juan de Dios, frente al Parque Juan Demóstenes Arosemena",,https://directorio.cliniweb.com/saul-antonio-jovane-carrizo,ya en base,Pediatría,Panama,Cliniweb
Yoselin Del Carmen Domínguez Delgado,Pediatría,yoselin_2552@hotmail.es,,,,,,https://directorio.cliniweb.com/yoselin-del-carmen-dominguez-delgado,ya en base,Pediatría,Panama,Cliniweb
Ronald Reyes Carrión,Pediatría,yony870224@gmail.com,,,,,,https://directorio.cliniweb.com/dr-ronald-reyes,ya en base,Pediatría,Panama,Cliniweb
Roberto Peñalba S.,Pediatría,mdrobertopenalba@hotmail.com,,, CONSULTORIOS MEDICOS SAN JUDAS TADEO,"PANAMÁ, Panamá. CONSULTORIOS MEDICOS SAN JUDAS TADEO",,https://directorio.cliniweb.com/roberto-penalba-s  ,ya en base,Pediatría,Panama,Cliniweb
Paola Lucia Castillero Aviles,Pediatría,paoluc_85@hotmail.com,,, CENTRO MÉDICO SAN JUAN BAUTISTA ,"CHITRÉ, Panamá. CENTRO MÉDICO SAN JUAN BAUTISTA  ",,https://directorio.cliniweb.com/paola-lucia-castillero-aviles,ya en base,Pediatría,Panama,Cliniweb
Marco Altuna,Pediatría,dr_altuna@yahoo.com,,,Clínica Hospital San Fernando Centro Especializado San Fernando,", . Vía España. Frente al Registro Público.   Centro Especializado San Fernando / Piso 5, consultorios 17",,https://directorio.cliniweb.com/marco-altuna,ya en base,Pediatría,Panama,Cliniweb
Jeremias Bernal,Pediatría,clinicapediatricajbernal@gmail.com,,,,,,https://directorio.cliniweb.com/dr-jeremias-bernal,ya en base,Pediatría,Panama,Cliniweb
Carol Gonzalez,Pediatría,karolgonzalez02@yahoo.com,,, Hospital Chiriqui,"David, Panamá. 5to piso/ Torre Nº2
(consultorio Nº42) - Ave. 3ra. y Calle Central",,https://directorio.cliniweb.com/carol-gonzalez,ya en base,Pediatría,Panama,Cliniweb
Robin Abrego .,Pediatría,donrorro2004@yahoo.com,,, Hospital Chiriqui,"David, Panamá. Consultorios Especializados - Ave. 3ra. y Calle Central",,https://directorio.cliniweb.com/robin-abrego946096,ya en base,Pediatría,Panama,Cliniweb
Melissa Guerrero,Pediatría,melguerrero04@gmail.com,,,,,,https://directorio.cliniweb.com/dr-melissa-guerrero,ya en base,Pediatría,Panama,Cliniweb
José Abdiel Luque González,Pediatría,CLAIMS@MEDCLAIMSPANAMA.COM,,,,,,https://directorio.cliniweb.com/jose-abdiel-luque-gonzalez-1,ya en base,Pediatría,Panama,Cliniweb
Saskia Mier Sánchez,Medicina General,mdsmier@gmail.com,+507 9982-1504,, Novaclinica,"Quito, Ecuador. Novaclínica Santa Cecilia",,https://directorio.cliniweb.com/saskia-mier-sanchez,NUEVO,Medicina General,Panama,Cliniweb
Belkis E. Andrioni Q.,Medicina General,iekaterina_11@hotmail.com,+507 939-0340,,No Registrado,,,,NUEVO,Medicina General,Panama,TuRecetaWeb
Abel Antonio Hooker Mendez,Medicina General,abel123095@gmail.com,+507 8882-0928,, Clínica del Doctor Abel Antonio Hooker Mendez,", . -   ",,https://directorio.cliniweb.com/abel-antonio-hooker-mendez,NUEVO,"Medicina General, Cirugía General",Panama,Cliniweb
Hilda María Barrantes Guerrero,Medicina General,hildamaria.barrantes@gmail.com,+507 8878-0548,, Consultorio de Hilda María Barrantes Guerrero,", Costa Rica. 300m sur y 25 m este del Almacn el Verdugo Cañas Guanacaste 300m sur y 25 m este del Almacén el Verdugo Cañas Guanacaste",,https://directorio.cliniweb.com/hilda-maria-del-socorro-barrantes-guerrero,NUEVO,Medicina General,Panama,Cliniweb
David Rolando Romero Matamoros,Medicina General,dr.romeromatamoros@gmail.com,+507 8865-4428,, Consultorio de David Rolando Romero Matamoros,", Costa Rica. Pérez Zeledón, San Isidro, Clínica San Lucas ",,https://directorio.cliniweb.com/david-rolando-romero-matamoros,NUEVO,Medicina General,Panama,Cliniweb
Aaron Josue Vargas Avila,Medicina General,ajvargas226@gmail.com,+507 8856-8460,, Clínica del Doctor Aaron Josue Vargas Avila,", . -   ",,https://directorio.cliniweb.com/aaron-josue-vargas-avila,NUEVO,Medicina General,Panama,Cliniweb
Albert Josué Cerdas Duran,Medicina General,albertcd94@hotmail.com,+507 8819-5491,, Consultorio de Albert Josué Cerdas Duran,", . Consultorio de  Albert Josué Cerdas Duran",,https://directorio.cliniweb.com/albert-josue-cerdas-duran,NUEVO,Medicina General,Panama,Cliniweb
Jeffry Martin Mussio Rojas,Medicina General,docmussio@gmail.com,+507 8777-0112,, Consultorio de Jeffry Martin Mussio Rojas,", Costa Rica. LA UNION, TRES RIOS, CARTAGO, COSTA RICA.",,https://directorio.cliniweb.com/jeffry-martin-mussio-rojas,NUEVO,Medicina General,Panama,Cliniweb
Kevin Adolfo Corella Ruiz,Medicina General,kevincorellar@msn.com,+507 8768-1616,, Consultorio de Kevin Adolfo Corella Ruiz,", Costa Rica. Alajuela centro, 275m Este de la Municipalidad 175m Este de la esquina de la parada de taxis de la Iglesia Agonia",,https://directorio.cliniweb.com/kevin-adolfo-corella-ruiz,NUEVO,Medicina General,Panama,Cliniweb
Dallana Fernández Paniagua,Medicina General,dayaferpa@gmail.com,+507 8729-1980,, Consultorio de Dallana Fernández Paniagua,", . Consultorio de  Dallana Fernández Paniagua",,https://directorio.cliniweb.com/dallana-fernandez-paniagua,NUEVO,Medicina General,Panama,Cliniweb
José Francisco Jinesta González,Medicina General,jfjinesta@gmail.com,+507 8703-9336,, Consultorio de José Francisco Jinesta González,"San Jose, Costa Rica. . - CURRIDABAT DE MC DONALD´S DE PLAZA DEL SOL 850 METROS AL SUR",,https://directorio.cliniweb.com/jose-francisco-jinesta-gonzalez,NUEVO,Medicina General,Panama,Cliniweb
Priscilla Chaves Flores,Medicina General,pila0519@gmail.com,+507 8642-6550,, Consultorio de Priscilla Chaves Flores,", Costa Rica. Heredia, Mercedes Norte, 75 metros al norte del cementerio",,https://directorio.cliniweb.com/priscilla-chaves-flores,NUEVO,Medicina General,Panama,Cliniweb
Rodolfo Antonio Vargas Mena,Medicina General,rodolfo.vargas@outlook.com,+507 8589-6632,, Consultorio de Rodolfo Antonio Vargas Mena,", . Consultorio de  Rodolfo Antonio Vargas Mena",,https://directorio.cliniweb.com/rodolfo-antonio-vargas-mena,NUEVO,Medicina General,Panama,Cliniweb
Eddy Ramon Poveda Morales,Medicina General,eddypm0222@gmail.com,+507 8550-0350,, Consultorio de Eddy Ramon Poveda Morales,"San Jose, Costa Rica. 275 mts este de la Municipalidad De Alajuela",,https://directorio.cliniweb.com/eddy-ramon-poveda-morales,NUEVO,Medicina General,Panama,Cliniweb
María José Serrano Chaves,Medicina General,marijo022008@hotmail.com,+507 8537-4065,, Consultorio de María José Serrano Chaves,", . Consultorio de  María José Serrano Chaves",,https://directorio.cliniweb.com/maria-jose-serrano-chaves,NUEVO,Medicina General,Panama,Cliniweb
Jean Carlo Calvo Duran,Medicina General,jcanatomy@hotmail.com,+507 8531-1915,, Consultorio de Jean Carlo Calvo Duran,", . Consultorio de  Jean Carlo Calvo Duran",,https://directorio.cliniweb.com/jean-carlo-calvo-duran,NUEVO,Medicina General,Panama,Cliniweb
Adrian Alberto Cespedes Prado,Medicina General,cespedes27@hotmail.com,+507 8373-8573,, Clínica del Doctor Adrian Alberto Cespedes Prado,", . -   ",,https://directorio.cliniweb.com/adrian-alberto-cespedes-prado,NUEVO,Medicina General,Panama,Cliniweb
Adrián Francisco Hernández Pereira,Medicina General,adnhp3195@gmail.com,+507 8325-4278,, Clínica del Doctor Adrián Francisco Hernández Pereira,", . -   ",,https://directorio.cliniweb.com/adrian-francisco-hernandez-pereira,NUEVO,Medicina General,Panama,Cliniweb
Medicina General - Kerygma Centro Médico  - Guapiles,Medicina General,info@kerygmaclinica.com,+507 8319-9024,, Kerygma Centro Médico,"Pococi, Costa Rica. 125 m Oeste del Hospital de Guápiles, Limón, Costa Rica",,https://directorio.cliniweb.com/dr-medicina-general-kerygma-centro-medico-guap,NUEVO,Medicina General,Panama,Cliniweb
Adrian Castillo Aranda,Medicina General,castilloa06@gmail.com,+507 7106-1131,, Clínica del Doctor Adrian Castillo Aranda,", . San Jose Rohrmoser La Favorita Zona Franca Coyol Alajuela",,https://directorio.cliniweb.com/adrian-castillo-aranda,NUEVO,Medicina General,Panama,Cliniweb
Josué González Cubero,Medicina General,jgonzalez1405@hotmail.com,+507 7012-8997,, Consultorio de Josué González Cubero,", . Consultorio de  Josué González Cubero",,https://directorio.cliniweb.com/josue-gonzalez-cubero,NUEVO,Medicina General,Panama,Cliniweb
Yolanda Maria Cattan Franco,Medicina General,yolicattan.yc@gmail.com,+507 6688-6528,,"David, calle tercera",,,,NUEVO,Medicina General,Panama,TuRecetaWeb
Noelia Valderrama Romero,Medicina General,nomaval17@gmail.com,+507 6457-4438,,Atención a domicilio,,,,NUEVO,Medicina General,Panama,TuRecetaWeb
Abdy Orozco Montoya,Medicina General,dr.orozco@outlook.es,+507 6416-1807,, Clínica del Doctor Abdy Orozco Montoya,", . Cartago",,https://directorio.cliniweb.com/abdy-orozco-montoya,NUEVO,"Medicina General, Cirugía General",Panama,Cliniweb
Marquela Gutierrez,Medicina General,marquelag@gmail.com,+507 6306-7435,,Policlinica Gustavo A. Ross,,,,NUEVO,Medicina General,Panama,TuRecetaWeb
Luis Alejandro González Evans,Medicina General,drluisgonzalez28@gmail.com,+507 6246-5043,,Urb.Santa lucia #1B,,,,NUEVO,Medicina General,Panama,TuRecetaWeb
Fidel González,Medicina General,fidel_gc@outlook.com,+507 6234-9823,,"Panamá Oeste, La Chorrera",,,,NUEVO,Medicina General,Panama,TuRecetaWeb
Carla Tatum Mosquera B.,Medicina General,tatum_29@hotmail.com,+507 6232-2944,,"Panamá, Betania, Villa Cáceres",,,,NUEVO,Medicina General y Urgencia Médica,Panama,TuRecetaWeb
Ashley Scarlett Pérez Flórez,Medicina General,ascarlett28@hotmail.com,+507 6208-8434,,Don Bosco La Riviera Calle 8va,,,,NUEVO,Medicina General,Panama,TuRecetaWeb
Abner Josue Mendoza Cordero,Medicina General,abnermenco@hotmail.com,+507 6143-7336,, Clínica del Doctor Abner Josue Mendoza Cordero,", . San pedro  ",,https://directorio.cliniweb.com/abner-josue-mendoza-cordero,NUEVO,Medicina General,Panama,Cliniweb
Oscar Armando Guardia Guerra,Medicina General,oscarguardiag@gmail.com,+507 6039-2008,,"David, Chiriquí / Teleconsultas",,,,NUEVO,Medicina General,Panama,TuRecetaWeb
Oscar Adrián Carvajal Jiménez,Medicina General,drocarvajalj@gmail.com,+507 5064-0400,, Consultorio médico Dr. Carvajal J.,"Vázquez de Coronado, San José, Costa Rica. 100 metros este y 175 norte de la Clínica de Coronado",,https://directorio.cliniweb.com/oscar-adrian-carvajal-jimenez,NUEVO,Medicina General,Panama,Cliniweb
Laura Elena Bustillos Pacheco,Medicina General,laubp_93@hotmail.com,+507 5062-5520,, Clínica Médica Goretti,"Cartago, Costa Rica. 150 metros sur del Colegio Universitario de Cartago",,https://directorio.cliniweb.com/laura-elena-bustillos-pacheco,NUEVO,Medicina General,Panama,Cliniweb
Aaron Esteban Hernandez Cervantes,Medicina General,dr_aaronhc@yahoo.com,+507 5062-2976,, Hospital Clínica UNIBE,"Tibás, San José, . 200 metros este del ICE, Tibas, Costa Rica",,https://directorio.cliniweb.com/aaron-esteban-hernandez-cervantes,NUEVO,Medicina General,Panama,Cliniweb
Omar A. Ramos Abadia,Medicina General,dr.ramosomar@hotmail.com,+507 474-1874,,"doctorsalud, PLAZA MILENIUM local G01",,,,NUEVO,Medicina General,Panama,TuRecetaWeb
Ronyel Roberto Rudas Olmos,Medicina General,rudasrr@yahoo.com.mx,+507 395-1735,,Consultorios Medico Paitilla planta baja local 9,,,,NUEVO,Medicina General,Panama,TuRecetaWeb
Fernando Rodríguez,Medicina General,fernandor1991@gmail.com,+507 341-9310,,Clinilab Costa Verde / Centro Médico Delgado,,,,NUEVO,Medicina General,Panama,TuRecetaWeb
Heysel Lawrence,Medicina General,lawrencehealth09@gmail.com,+507 315-0773,,Clínica Albrook Plaza Albrook,,,,NUEVO,Medicina General y Urgencia Médica,Panama,TuRecetaWeb
Marlon Muñoz,Medicina General,m.munoz19@icloud.com,+507 230-3794,,Centro Médico Especializado Plaza Cecilia,,,,NUEVO,Medicina General,Panama,TuRecetaWeb
Xinia Patricia Fallas Villalobos,Medicina General,patriciafallas@consultoriovida.com,+507 2237-0020,, Consultorio de Xinia Patricia Fallas Villalobos,", Costa Rica. HEREDIA CENTRO, 100 METROS SUR DE LA ESQUINA SUROESTE DEL PARQUE DE LOS ANGELES, EN CLINICA INMACULADA",,https://directorio.cliniweb.com/xinia-patricia-fallas-villalobos,NUEVO,Medicina General,Panama,Cliniweb
Leonel Jefferson Ojeda Reyes,Medicina General,jeffleo40@hotmail.com,+507 0999-9229,,CDR Salud Lab,"Quito, Ecuador. Av. Mariana de Jesús OE7-02 y Nuño de Valderrama",,https://directorio.cliniweb.com/leonel-jefferson-ojeda-reyes,NUEVO,Medicina General,Panama,Cliniweb
Mónica Guerra,Medicina General,monicaguerra0306@gmail.com,+507 0997-7349,,Citimed Centro Quirúrgico,"Quito, Ecuador. Av. Mariana de Jesús OE7-02 y Nuño de Valderrama",,https://directorio.cliniweb.com/monica-guerra,NUEVO,Medicina General,Panama,Cliniweb
Juan  Rivera,Medicina General,dr.juan.rivera@live.com,+507 0990-1969,, Clínica Samborondón,"Guayaquil, Ecuador. Av. Samborondón 7850, Samborondón 092302, Ecuador",,https://directorio.cliniweb.com/juan_rivera,NUEVO,Medicina General,Panama,Cliniweb
Centro De Investigación Y Diagnóstico Médico,Medicina General,cid.med@outlook.com,+507 0260-0721,, Centro de Investigación y Diagnóstico Médico,"Quito, Ecuador. Avenida Mariana de Jesús Oe 702 y Nuño de Vaderrama",http://cidmedsalud.com/,https://directorio.cliniweb.com/cidmed,NUEVO,Medicina General,Panama,Cliniweb
Bienestar sobre Ruedas - Estée Lauder,Medicina General,bienestar@semmpanama.com,,,,,,https://directorio.cliniweb.com/bienestar-sobre-ruedas-estee-lauder,NUEVO,Medicina General,Panama,Cliniweb
Bienestar sobre Ruedas - BAC,Medicina General,bienestar@semmpanama.com,,,,,,https://directorio.cliniweb.com/bienestar-sobre-ruedas-bac,NUEVO,Medicina General,Panama,Cliniweb
Clínica San Erasmo - Medicina General,Medicina General,karla.castro@clinicasanerasmo.com,,,,,,https://directorio.cliniweb.com/clinica-san-erasmo---medicina-general,NUEVO,Medicina General,Panama,Cliniweb
Medicina General Clínica Bienestar Integral - Parrita,Medicina General,b.integralcr@gmail.com,,,,,www.bienestarintegralcr.com,https://directorio.cliniweb.com/medicina-clinica-bienestar-integral---parrita,NUEVO,Medicina General,Panama,Cliniweb
Bienestar sobre Ruedas - ISP,Medicina General,bienestar@semmpanama.com,,,,,,https://directorio.cliniweb.com/bienestar-sobre-ruedas-isp,NUEVO,Medicina General,Panama,Cliniweb
Medicina General Centro Médico Jackson´s Memorial - San Ramón,Medicina General,cmjacksonmemorial@gmail.com,,,Centro Médico Jackson´s Memorial,"San Ramon, Costa Rica. 100m sur de los semaforos del Hospital Carlos Luis Valverde Vega, 20201 San Ramón, Costa Rica",,https://directorio.cliniweb.com/medicinageneralcentromedicojacksonsmemorial,NUEVO,Medicina General,Panama,Cliniweb
Bienestar sobre Ruedas - OPTIMA,Medicina General,bienestar@semmpanama.com,,,,,,https://directorio.cliniweb.com/bienestar-sobre-ruedas-optima,NUEVO,Medicina General,Panama,Cliniweb
Bienestar sobre Ruedas - PROMED,Medicina General,bienestar@semmpanama.com,,,,,,https://directorio.cliniweb.com/bienestar-sobre-ruedas-promed,NUEVO,Medicina General,Panama,Cliniweb
Bienestar sobre Ruedas - Banisi,Medicina General,bienestar@semmpanama.com,,,,,,https://directorio.cliniweb.com/bienestar-sobre-ruedas-banisi,NUEVO,Medicina General,Panama,Cliniweb
Gabriela Zapata,Medicina General,Gabriela_zapata@hotmail.com,,,Centro Medico Citimed Centro Médico Citimed,", . Piso 6- Consultorio 629 - Av. Mariana de Jesús OE7-02 y Nuño de Valderrama Distrito Metropolitano De Quito, Pichincha, Ecuador",,https://directorio.cliniweb.com/gabriela-zapata,NUEVO,Medicina General,Panama,Cliniweb
Radiología Dr. Solera - Medicina General - Guadalupe,Medicina General,mercadeo2@radiologiadrsolera.com,,,,,,https://directorio.cliniweb.com/medicina-general-4,NUEVO,"Medicina General, Chequeos Médicos",Panama,Cliniweb
Silvia E. Cordero Q.,Medicina General,CQSILV2@mawdy.com,,,,,,https://directorio.cliniweb.com/silvia-elena-cordero-quiros,NUEVO,Medicina General,Panama,Cliniweb
Angela Braddick,Medicina General,abraddick@palig.com,,,,,,https://directorio.cliniweb.com/angela-braddick,NUEVO,Medicina General,Panama,Cliniweb
Medicina General Centro Médico Jackson Phoenix,Medicina General,resultados@grupojackson.com,,,,,,https://directorio.cliniweb.com/medicina-general-centro-medico-jackson-phoenix,NUEVO,"Medicina General, Chequeos Médicos",Panama,Cliniweb
Shalina Deva Villarreal,Medicina General,med_primaria@hospitalsanfernando.com,,,,,,https://directorio.cliniweb.com/shalina-deva-villarreal,NUEVO,Medicina General,Panama,Cliniweb
Giselle Girado,Medicina General,ggirado@palig.com,,,,,,https://directorio.cliniweb.com/giselle-girado,NUEVO,Medicina General,Panama,Cliniweb
Debbie Burakoff,Medicina General,dburakoff@palig.com,,,,,,https://directorio.cliniweb.com/debbie-burakoff,NUEVO,Medicina General,Panama,Cliniweb
Ruben Santos,Medicina General,rsantos@palig.com,,,,,,https://directorio.cliniweb.com/ruben-santos,NUEVO,Medicina General,Panama,Cliniweb
Guadalupe Ureña,Medicina General,gurena@palig.com,,,,,,https://directorio.cliniweb.com/guadalupe-urena,NUEVO,Medicina General,Panama,Cliniweb
Ericka Ortega,Medicina General,eortega@palig.com,,,,,,https://directorio.cliniweb.com/ericka-ortega,NUEVO,Medicina General,Panama,Cliniweb
Ana María Gómez Jaramillo,Medicina General,info@anagomezmd.com,,,Centro Medico Citimed SuportaMed,", . Piso 8 - Consultorio 801 - Av. Mariana de Jesús OE7-02 y Nuño de Valderrama",,https://directorio.cliniweb.com/ana-maria-gomez-jaramillo,NUEVO,"Medicina General, Medicina Interna",Panama,Cliniweb
Lucia Angelica García Soto,Medicina General,garcia.angelik@gmail.com,,,Centro Medico Citimed SuportaMed,", . Piso 8 - Consultorio 801 - Av. Mariana de Jesús OE7-02 y Nuño de Valderrama",,https://directorio.cliniweb.com/lucia-angelica-garcia-soto,NUEVO,Medicina General,Panama,Cliniweb
Densisur Medicina General/  Pap,Medicina General,asegumedigeneral@gmail.com,,,,,,https://directorio.cliniweb.com/densisur-medicina-general-pap,NUEVO,Medicina General,Panama,Cliniweb
Francisco Aversa,Medicina General,faversa@palig.com,,,,,,https://directorio.cliniweb.com/francisco-aversa-1,NUEVO,Medicina General,Panama,Cliniweb
Rosa Aguilar Mendoza,Medicina General,medica1995@hotmail.com,+507 998-6421,, Consultorio Dra. Rosa Aguilar Mendoza,"SANTIAGO, Panamá. SANTIAGO, SANTIAGO, COOPEVE, CLINICA EDIFICIO",,https://directorio.cliniweb.com/rosa-aguilar-mendoza,ya en base,Medicina General,Panama,Cliniweb
Melissa Raquel Aguilar Solis,Medicina General,melissaras13@gmail.com,+507 996-5475,, Centro Medico San Juan Bautista,"CHITRÉ, Panamá. Av. Carmelo Spadafora, vía Los Santos Chitré – Herrera",,https://directorio.cliniweb.com/melissa-raquel-aguilar-solis,ya en base,Medicina General,Panama,Cliniweb
Mayra Vega,Medicina General,dravega2706@gmail.com,+507 909-4884,,CLINICA MEDISALUD,"Penonomé, Panamá. PENONOME",,https://directorio.cliniweb.com/mayra-vega,ya en base,Medicina General,Panama,Cliniweb
Todo Salud: Teleconsultas,Medicina General,info@todosaludpanama.com,+507 730-4290,, Centro Diagnóstico TODO SALUD PANAMÁ,"David, Panamá. Calle J Norte, Ave. Belisario Porras, Edificio Pacific Plaza, Doleguita",www.todosaludpanama.com/home/,https://directorio.cliniweb.com/todosalud-teleconsultas,ya en base,Medicina General,Panama,Cliniweb
Todo Salud : Ultrasonidos,Medicina General,info@todosaludpanama.com,+507 730-4290,, Centro Diagnóstico TODO SALUD PANAMÁ,"David, Panamá. Club de Leones, Av. Belisario Porras, David, Panamá",www.todosaludpanama.com/home/,https://directorio.cliniweb.com/todosalud-ultrasonidos,ya en base,Medicina General,Panama,Cliniweb
Todo Salud: Laboratorios,Medicina General,info@todosaludpanama.com,+507 730-4290,, Centro Diagnóstico TODO SALUD PANAMÁ,"David, Panamá. Calle J Norte, Ave. Belisario Porras, Edificio Pacific Plaza, Doleguita",www.todosaludpanama.com/home/,https://directorio.cliniweb.com/todosalud-laboratorios,ya en base,Medicina General,Panama,Cliniweb
Todo Salud: Medicina General,Medicina General,info@todosaludpanama.com,+507 730-4290,, Centro Diagnóstico TODO SALUD PANAMÁ,"David, Panamá. Calle J Norte, Ave. Belisario Porras, Edificio Pacific Plaza, Doleguita",,https://directorio.cliniweb.com/todosalud-medicinageneral,ya en base,Medicina General,Panama,Cliniweb
Dayanara Herrera,Medicina General,dayanaraahc@hotmail.com,+507 6935-8373,, CONSULTORIOS MÉDICOS AMÉRICA,", Panamá. Vía España, diagonal a la Clínica Hospital San Fernando, Panamá",,https://directorio.cliniweb.com/dayanara-herrera,ya en base,"Medicina General, Alergología e Inmunología, Alergología",Panama,Cliniweb
Antonio F. Hernandez H.,Medicina General,antonio_fco@hotmail.com,+507 6929-1434,, CLÍNICA HOSPITAL JESÚS NAZARENO,"Santiago, Panamá. Vía InterAMÉRICAna, Santiago, Santiago",,https://directorio.cliniweb.com/antonio-f-hernandez-h,ya en base,Medicina General,Panama,Cliniweb
Marlina Cedeño,Medicina General,mcaballerocede@gmail.com,+507 688-0142,, Centro Médico Estético.,"Ciudad de Panamá                        , Panamá. San Juan Bautista, Panamá
Plaza Moderna Local N# 7.",,https://directorio.cliniweb.com/marilina-cedeno,ya en base,Medicina General,Panama,Cliniweb
Centro De Tratamiento Integral De Diabetes Y Sobrepeso,Medicina General,Centrodediabetesysobrepeso@gmail.com,+507 6811-5869,Diabetes, Hospital Santa Fe,"Ciudad de Panamá, Panamá. Calle Juan Antonio Delgado.",,https://directorio.cliniweb.com/centro-diabetes,ya en base,Medicina General,Panama,Cliniweb
Miguel A. Mora R.,Medicina General,mimora23@cwPANAMÁ.net,+507 6780-8786,, CLÍNICA HOSPITAL JESÚS NAZARENO,"Ciudad de Panamá, Panamá. Vía InterAMÉRICAna, Santiago, Santiago",,https://directorio.cliniweb.com/miguel-a-mora-r,ya en base,Medicina General,Panama,Cliniweb
Tisbe Irazema Wong Herazo,Medicina General,tisbedpma@hotmail.com,+507 6676-5946,, CLÍNICA DR. ÁVILA,", Panamá. David, Chiriquí, Panamá",,https://directorio.cliniweb.com/tisbe-irazema-wong-herazo,ya en base,Medicina General,Panama,Cliniweb
Verónica Calderón,Medicina General,veroyaelc@gmail.com,+507 6675-6575,,The Panama Clinic Clínica de Bienestar Integral,"Ciudad de Panamá, Panamá. Torre B, piso 27, consultorio 2725 - Calle Ramon H. Jurado . Paitilla",,https://directorio.cliniweb.com/veronica-calderon,ya en base,Medicina General,Panama,Cliniweb
Luris O. Gonzalez R.,Medicina General,lurisgonzalez17@gmail.com,+507 6674-2484,Gerontología, CENTRO MÉDICO SAN JUAN BAUTISTA,"Ciudad de Panamá, Panamá. Ave. Carmelo Spadafora (al Lado de Mc Donald's), Chitré",,https://directorio.cliniweb.com/luris-o-gonzalez-r,ya en base,Medicina General,Panama,Cliniweb
Jose Carlos Correa Contreras,Medicina General,chepesk13@hotmail.com,+507 6673-1983,, CENTRO MÉDICO CHITRE,"Ciudad de Panamá, Panamá. Ave. Herrera, Llano Bonito, Chitré, Herrera",,https://directorio.cliniweb.com/jose-carlos-correa-contreras,ya en base,Medicina General,Panama,Cliniweb
Aquiles Machuca Abrego,Medicina General,machucaaquiles@hotmail.com,+507 6673-0952,, CLÍNICA DR. MACHUCA,"Santiago, Panamá. Urb. Urracá, calle 11, Santiago",,https://directorio.cliniweb.com/aquiles-machuca-abrego,ya en base,Medicina General,Panama,Cliniweb
Robinson Campo Martinez,Medicina General,rcampom@hotmail.com,+507 6672-5920,, CENTRO MÉDICO AZUERO (SANTA LIBRADA),"Ciudad de Panamá, Panamá. Calle las Peras B143, San Miguelito, Panamá, Panamá",,https://directorio.cliniweb.com/robinson-campo-martinez,ya en base,Medicina General,Panama,Cliniweb
Alfredo A. Lopez Gonzalez,Medicina General,clinickpbtesh2@gmail.com,+507 6672-4252,, CLÍNICA PAMELA BTESH,"Ciudad de Panamá, Panamá. La Gran Estación, San Miguelito",,https://directorio.cliniweb.com/alfredo-a-lopez-gonzalez,ya en base,Medicina General,Panama,Cliniweb
Agustin Solis Barahona,Medicina General,dr_asolisbarahona@hotmail.com,+507 6671-7316,, CENTRO MÉDICO LOS SANTOS,"Las Tablas, Panamá. Calle Joaquín Pablo Franco (al Lado del Minsa), Las Tablas",,https://directorio.cliniweb.com/agustin-solis-barahona,ya en base,Medicina General,Panama,Cliniweb
José M. Teran,Medicina General,teranjm@sane.com.pa,+507 6617-6772,,Clínica Hospital San Fernando Centro Especializado,"Ciudad de Panamá, Panamá. Piso 5. Consultorio 14. - Vía España. Frente al Registro Público.",,https://directorio.cliniweb.com/jose-teran,ya en base,Medicina General,Panama,Cliniweb
Ricardo M. Pareja R.,Medicina General,rparejamd@hotmail.com,+507 6616-4201,, CONSULTORIOS MÉDICOS AMÉRICA,"Ciudad de Panamá, Panamá. Vía España, diagonal a la Clínica Hospital San Fernando, Panamá",,https://directorio.cliniweb.com/ricardo-m-pareja-r,ya en base,Medicina General,Panama,Cliniweb
Jorge A. Espinosa De Ycaza,Medicina General,bobbyone-79@hotmail.com,+507 6614-8413,, CLÍNICA SAN JUDAS TADEO - LA CHORRERA,", Panamá. Av Ricardo J. Alfaro, La Chorrera",,https://directorio.cliniweb.com/jorge-a-espinosa-de-ycaza,ya en base,"Medicina General, Ginecología y Obstetricia",Panama,Cliniweb
Juan Carlos Navarro Garcia,Medicina General,jucanaga@yahoo.com,+507 6614-3954,, CLÍNICA DR. JUAN DE DIOS NAVARRO - SANTIAGO,"Ciudad de Panamá, Panamá. Urb. Barberena, Santiago, Veraguas",,https://directorio.cliniweb.com/juan-carlos-navarro-garcia,ya en base,Medicina General,Panama,Cliniweb
Niurka Quintero,Medicina General,niurka_quintero@hotmail.com,+507 6614-0587,, CLÍNICA HOSPITAL PANAMÉRICANO,"La Chorrera, Panamá. La Chorrera, Calle Santa Rita y Calle El Carmen, frente a la Iglesia San Francisco de Paula, Panamá Oeste, Panamá",,https://directorio.cliniweb.com/dra-niurka-quintero,ya en base,"Medicina General, Ginecología y Obstetricia",Panama,Cliniweb
José Manuel Aguilar Araúz,Medicina General,daliaruiz@cwpanama.net,+507 6613-3297,, CLINICA Y SERVICIOS HOSPITALARIOS PANAMERICANOS S.A.,"LA CHORRERA, Panamá. LA CHORRERA, PANAMA OESTE",,https://directorio.cliniweb.com/jose-manuel-aguilar-arauz,ya en base,Medicina General,Panama,Cliniweb
Jorge E. Martin E.,Medicina General,jemartine@hotmail.com,+507 6612-3848,, CENTRO ESPECIALIZADO SAN FERNANDO - PEDIÁTRICO,", Panamá. Vía España. Frente al Registro Público.",,https://directorio.cliniweb.com/jorge-e-martin-e,ya en base,"Medicina General, Cirugía General",Panama,Cliniweb
Lassanaui Samudio Calvo,Medicina General,lsamudio@hotmail.com,+507 6571-1752,, CENTRO MÉDICO NACIONAL,"Ciudad de Panamá, Panamá. Ave. Cuba y, Calle 38 Este, Panamá",,https://directorio.cliniweb.com/lassanaui-samudio-calvo,ya en base,Medicina General,Panama,Cliniweb
Enrique Gonzalez Trejos,Medicina General,etroge@gmail.com,+507 6567-0445,, CLÍNICA HOSPITAL JESÚS NAZARENO,"Ciudad de Panamá, Panamá. Vía InterAMÉRICAna, Santiago, Santiago",,https://directorio.cliniweb.com/enrique-gonzalez-trejos,ya en base,Medicina General,Panama,Cliniweb
Ivan A. Diaz Argote,Medicina General,iff35@hotmail.com,+507 6524-6299,, CLÍNICA HOSPITAL SANTA ISABEL,"Ciudad de Panamá, Panamá. Ave. Omar Torrijos, Hacia Hospital Regional Changuinola, Changuinola",,https://directorio.cliniweb.com/ivan-a-diaz-argote,ya en base,Medicina General,Panama,Cliniweb
Kelineth J. Salamanca,Medicina General,mnc.royal.recepcion@gmail.com,+507 6450-2205,"Nutrición Clínica, Salud Pública",Consultorios Médicos Roya Center,"Ciudad de Panamá, Panamá. Calle 53 Este 53, Marbella",,https://directorio.cliniweb.com/kelinet-salamanca,ya en base,Medicina General,Panama,Cliniweb
Vetpoint Clínica Veterinaria,Medicina General,vetpoint.pma@outlook.com,+507 6415-6677,"Dermatología Clínica, Citopatología, Médico Cirujano", VETPOINT - CLINICA VETERINARIA,"PANAMA, . Ave.6a C Norte, Ph. Parques del Carmen, PB.",,https://directorio.cliniweb.com/dr-ovidio-fuentes,ya en base,"Medicina General, Veterinario",Panama,Cliniweb
Clínica Médica La Federal,Medicina General,edencas@hotmail.com,+507 6288-7173,,Clínica Médica La Federal,", . Calle B Norte y Ave 2da Este a un costado del almacén 1 2 3, Edificio Los 8 ( a un costado del almacén 1 2 3), Sucursal #1 Local 21 Sucursal #2 Local 25-2, Chiriquí, Panama",,https://directorio.cliniweb.com/eduardo-enrique-castillo-diaz,ya en base,Medicina General,Panama,Cliniweb
Bolivar Perez Jimenez.,Medicina General,bpjmed@hotmail.com,+507 6070-2508,,CLÍNICA HOSPITAL ZARATI,"Penonomé, Panamá. Sobre la Vía InterAMÉRICAna, a 750 metros en dirección a Ciudad de Panamá de El Machetazo de Penonomé",,https://directorio.cliniweb.com/bolivar-perez-jimenez,ya en base,Medicina General,Panama,Cliniweb
Nazareth De León,Medicina General,ndleon@umip.ac.pa,+507 520-0306,, Clínica de Atención Integral. Universidad Marítima Internacional de Panamá,"Ciudad de Panamá, Panamá. Panamá",www.umip.ac.pa,https://directorio.cliniweb.com/nazareth-deleon,ya en base,Medicina General,Panama,Cliniweb
Indira Santos,Medicina General,isantos@umip.ac.pa,+507 520-0306,, Clínica de Atención Integral. Universidad Marítima Internacional de Panamá,"Ciudad de Panamá, Panamá. La Boca, Calle Estiva. Casa 919A Ancón, Prov. De Panamá",www.umip.ac.pa,https://directorio.cliniweb.com/indira-santos,ya en base,Medicina General,Panama,Cliniweb
Franklyn Chang,Medicina General,Frankchang09@hotmail.com,+507 474-4803,, Consultorios Dr. Franklyn Chang,"Colón, Panamá. Av San Eladio, Plaza Millenium",,https://directorio.cliniweb.com/franklyn-chang,ya en base,Medicina General,Panama,Cliniweb
Isai Roman Carr,Medicina General,amilclinica@gmail.com,+507 474-4803,, Cosultrios Medicos Amil Plaza Milenuim,"Colón, Panamá. COLO CRISTOBAL ESTE PLAZA MILENUIM LOCAL C-02 RECTA DE NOVEY LABORATORIOS CLINICOS ESPECIALIZADOS COLON",,https://directorio.cliniweb.com/isai-roman,ya en base,Medicina General,Panama,Cliniweb
Rolando González,Medicina General,rolandogonzalez599@hotmail.com,+507 441-4420,,Centro Médico del Caribe  Centro Médico del Caribe,"Colón, Panamá. Calle 12 y Roosevelt",www.centromedicodelcaribe.com,https://directorio.cliniweb.com/rolando-gonzalez,ya en base,Medicina General,Panama,Cliniweb
Lucelly Rodríguez,Medicina General,lucellyrodriguez_1085@hotmail.com,+507 441-4420,, Centro Médico del Caribe,"Colón, Panamá. Calle 12 y Roosevelt",www.centromedicodelcaribe.com,https://directorio.cliniweb.com/lucelly-rodriguez,ya en base,Medicina General,Panama,Cliniweb
Jorge Angelkos,Medicina General,jorgeangelkos@hotmail.com,+507 441-4420,,Centro Médico del Caribe  Centro Médico del Caribe,"Colón, Panamá. Planta Baja , consultorio 218. - Calle 12 y Roosevelt",www.centromedicodelcaribe.com/,https://directorio.cliniweb.com/jorge-angelkos,ya en base,Medicina General,Panama,Cliniweb
Masiel Pimentel,Medicina General,pimentel.masiel@cmcaribe.com,+507 441-4420,,Centro Médico del Caribe  Centro Médico del Caribe,"Colón, Panamá. Calle 12 y Roosevelt",www.centromedicodelcaribe.com,https://directorio.cliniweb.com/masiel-pimentel,ya en base,Medicina General,Panama,Cliniweb
Larissa Rosales,Medicina General,larissaarissa@hotmail.com,+507 441-4420,, Centro Médico del Caribe,"Colón, Panamá. Calle 12 y Roosevelt",www.centromedicodelcaribe.com,https://directorio.cliniweb.com/larissa-rosales,ya en base,Medicina General,Panama,Cliniweb
Paola Vega Ceballos,Medicina General,paola.vega14@gmail.com,+507 441-4420,,Centro Médico del Caribe  Centro Médico del Caribe,"Colón, Panamá. Calle 12 y Roosevelt",www.centromedicodelcaribe.com,https://directorio.cliniweb.com/paola-vega,ya en base,Medicina General,Panama,Cliniweb
Juvenal Saucedo,Medicina General,drjuvenalsaucedo@gmail.com,+507 441-4420,,Centro Médico del Caribe  Centro Médico del Caribe,"Colón, Panamá. Calle 12 y Roosevelt",,https://directorio.cliniweb.com/juvenal-saucedo,ya en base,Medicina General,Panama,Cliniweb
Ericka Rivas Quinland,Medicina General,erickar17@hotmail.com,+507 441-4420,,Centro Médico del Caribe  Centro Médico del Caribe,"Colón, Panamá. Calle 12 y Roosevelt",,https://directorio.cliniweb.com/ericka-rivas,ya en base,Medicina General,Panama,Cliniweb
Francisco Javier You,Medicina General,javieryou.08@gmail.com,+507 441-4420,,Centro Médico del Caribe  Centro Médico del Caribe,"Colón, Panamá. Calle 12 y Roosevelt",,https://directorio.cliniweb.com/francisco-you,ya en base,Medicina General,Panama,Cliniweb
Abraham Alvarado,Medicina General,abraham.alva09@gmail.com,+507 441-4420,,Centro Médico del Caribe  Centro Médico del Caribe,"Colón, Panamá. Calle 12 y Roosevelt",,https://directorio.cliniweb.com/abraham-alvarado,ya en base,Medicina General,Panama,Cliniweb
Myrna Jimenez,Medicina General,myrna_j10@hotmail.com,+507 441-4420,,CENTRO MEDICO DEL CARIBE Centro Medico del Caribe,"Colón, Panamá. Calle 12 y Roosevelt",,https://directorio.cliniweb.com/dra-myrna-jimenez,ya en base,Medicina General,Panama,Cliniweb
Yashiro Diaz,Medicina General,yashirodiaz@cwpanama.net,+507 396-0722,, Clínica Villa Zaita,"Ciudad de Panamá                        , Panamá. Urbanización Ciudad del Lago, calle principal, Plaza del Lago",,https://directorio.cliniweb.com/yashirodiaz,ya en base,Medicina General,Panama,Cliniweb
Gerardo Castrellon Oller,Medicina General,gcasol@gmail.com,+507 395-9446,Medicina Preventiva, Consultorios Pacífica Salud,"Ciudad de Panamá, Panamá, . Boulevard Pacífica y Vía Punta Darién",,https://directorio.cliniweb.com/gerardo-castrellon-oller,ya en base,Medicina General,Panama,Cliniweb
Guillermo Antonio Zurita Lemm,Medicina General,atencion.integral.ensalud@gmail.com,+507 394-4693,,Clínica Hospital San Fernando Centro Especializado,"Ciudad de Panamá, Panamá. Vía España. Frente al Registro Público.",,https://directorio.cliniweb.com/guillermo-antonio-zurita-lemm,ya en base,Medicina General,Panama,Cliniweb
Herminio Rodríguez Sanjur,Medicina General,capssa@clinicadeatencionprimaria.com,+507 392-3271,,"Clínica Hospital San Fernando Clínica De Atención Primaria De Salud, S.A. | Consultorios Sur | piso 3 | oficina 07","Ciudad de Panamá, Panamá. Consultorios Sur Piso 3  Consultorio 07  Vía España. Frente al Registro Público.",www.clinicadeatencionprimaria.com,https://directorio.cliniweb.com/clinicadeatencionprimariadesalud,ya en base,Medicina General,Panama,Cliniweb
Pedro Martez,Medicina General,p.martezpm@gmail.com,+507 388-6818,, Centro Médico & Dental Versalles,"Ciudad de Panamá, Panamá. Avenida Costanera, Juan Díaz.",www.cmversalles.com,https://directorio.cliniweb.com/pedro-martez,ya en base,Medicina General,Panama,Cliniweb
Clinica Physis,Medicina General,saludphysis@gmail.com,+507 387-6246,, Centro Médico Nacional,"Ciudad de Panamá, Panamá. Av. Justo Arosemena entre calle 38 y calle 39",,https://directorio.cliniweb.com/clinica-physis,ya en base,Medicina General,Panama,Cliniweb
Ahmed Diaz George,Medicina General,centromedicocondado@hotmail.com,+507 381-4935,,Centro Médico Condado Centro Médico Condado,"Ciudad de Panamá, Panamá. Av Condado del Rey, Panamá",,https://directorio.cliniweb.com/ahmed-diaz-george,ya en base,Medicina General,Panama,Cliniweb
Carmen Erhman,Medicina General,hsf.agenda2@gmail.com,+507 360-7400,,Hospital Santa Fe Hospital Santa Fe,"Ciudad de Panamá, Panamá. Calle Juan Antonio Delgado",www.hospitalsantafepanama.com,https://directorio.cliniweb.com/carmen-erhman,ya en base,Medicina General,Panama,Cliniweb
Erick Omar Sanmartin Urriola,Medicina General,esanmartin17@gmail.com,+507 315-0773,, Clínica Albrook,"Ciudad de Panamá, Panamá. Ave. Canfield",,https://directorio.cliniweb.com/eric-o-sanmartin,ya en base,Medicina General,Panama,Cliniweb
Fundación Ayoudas Panamá,Medicina General,ayoudaspanama@gmail.com,+507 310-9999,,The Panama Clinic Pacific Center,"Ciudad de Panamá, . Piso 11 , Consultorio 1111 - Calle Ramón H. Jurado - Pacific Center",,https://directorio.cliniweb.com/fundacion-ayoudas-panama,ya en base,Medicina General,Panama,Cliniweb
Jorge Kosmas,Medicina General,jorgekc24@hotmail.com,+507 310-9999,,The Panama Clinic Pacific Center,"Ciudad de Panamá, Panamá. Calle Ramón H. Jurado - Pacific Center",,https://directorio.cliniweb.com/jorge-kosmas,ya en base,Medicina General,Panama,Cliniweb
Jorge Vallee,Medicina General,soporte@aspsoluciones.com,+507 310-9999,,The Panama Clinic Pacific Center,"Ciudad de Panamá, Panamá. Calle Ramón H. Jurado - Pacific Center",,https://directorio.cliniweb.com/dr-jorge-vallee,ya en base,Medicina General,Panama,Cliniweb
Rodolfo Fernández,Medicina General,rodfer@cwpanama.net,+507 310-9999,,The Panama Clinic Pacific Center,"Ciudad de Panamá, Panamá. Calle Ramón H. Jurado - Pacific Center",,https://directorio.cliniweb.com/rodolfo-fernandez,ya en base,Medicina General,Panama,Cliniweb
Felix Antonio Díaz Fernández,Medicina General,dr.felixdiazfernandez@gmail.com,+507 305-6350,Máster en Infeccción por VIH, Clinica Hospital San Fernando,"Ciudad de Panamá, Panamá. Vía España. Frente al Registro Público.",,https://directorio.cliniweb.com/felix-antonio-diaz-fernandez,ya en base,Medicina General,Panama,Cliniweb
Cris María Esther Lee Villarreal,Medicina General,dracrismarialee@gmail.com,+507 305-6329,,"Clínica Hospital San Fernando Clínica Hospital San Fernando, Coworking Médico - Consultorios Norte","Ciudad de Panamá, Panamá. Via España. Frente al Registro Público.",,https://directorio.cliniweb.com/cris-maria-esther-lee-villarreal,ya en base,"Medicina General, Medicina Estética, Nutrición",Panama,Cliniweb
Wendy Guzman Davila,Medicina General,corromadurosalud@gmail.com,+507 301-5650,, Corró Maduro. Salud y Bienestar.,"Ciudad de Panamá, Panamá. Plaza Versalles",,https://directorio.cliniweb.com/wendy-guzman,ya en base,Medicina General,Panama,Cliniweb
Mario Alberto Yuil Rodríguez,Medicina General,info@yuilmedical.com,+507 294-2550,, Ph Business Point./ Medicina General a Domicilio,"Ciudad de Panamá, Panamá. Avenida Perú, calle 39",www.yuilmedical.com,https://directorio.cliniweb.com/YMS,ya en base,Medicina General,Panama,Cliniweb
Ruth Aracely Sarmiento Flores,Medicina General,calasbody@hotmail.com,+507 278-6608,,Clínica Hospital San Fernando Centro Especializado,"Ciudad de Panamá, Panamá, . Vía España. Frente al Registro Público.",,https://directorio.cliniweb.com/ruth-aracely-sarmiento-flores,ya en base,Medicina General,Panama,Cliniweb
Amado Samudio Coba,Medicina General,amsamudio36@hotmail.com,+507 261-2990,,Clínica Hospital San Fernando Policlínica Norte,"Ciudad de Panamá, Panamá, . Vía España. Frente al Registro Público.",,https://directorio.cliniweb.com/amado-samudio-coba,ya en base,Medicina General,Panama,Cliniweb
Ortho Rehabilitacion Paitilla (terapia Física),Medicina General,ortopedica624@gmail.com,+507 2062-5822,, Consultorios Médicos Paitilla,"Ciudad de Panamá, Panamá. Piso 6° sur- Consultorio -Av. Balboa , calle 53. ",,https://directorio.cliniweb.com/ortho-rehabilitacion-paitilla-terapia-fisica,ya en base,Medicina General,Panama,Cliniweb
Juan L. Carbone Picard-Ami,Medicina General,carbone.picard@gmail.com,+507 204-8329,,Consultorios Punta Pacífica PACIFICA SALUD,"Ciudad de Panamá, Panamá. Piso 2, consultorio 223 - Boulevard Punta Pacifica y Punta Darién",www.pacificasalud.com,https://directorio.cliniweb.com/dr-juan-carbone-p,ya en base,Medicina General,Panama,Cliniweb
Bárbara McCree,Medicina General,bgmccree@hotmail.com,+507 204-8320,Láser Estético,Consultorios Punta Pacífica Clínica Dermoestética . Pacifica Salud,"Ciudad de Panamá, Panamá. Planta Baja - Boulevard Pacífica y Vía Punta Darién,",www.amadapinzon.com/,https://directorio.cliniweb.com/barbara-mccree,ya en base,Medicina General,Panama,Cliniweb
José De Jesus García,Medicina General,josdjgarcia@hotmail.com,+507 204-8314,Gerontología, Consultorios Pacífica Salud,"Ciudad de Panamá, Panamá, . Boulevard Pacífica y Vía Punta Darién",,https://directorio.cliniweb.com/jose-de-jesus-garcia,ya en base,Medicina General,Panama,Cliniweb
Yahel Alvarado,Medicina General,alvaradoyahel@hotmail.com,+507 204-8314,, Consultorios Pacífica Salud,"Ciudad de Panamá, Panamá, . Boulevard Pacífica y Vía Punta Darién",,https://directorio.cliniweb.com/yahel-alvarado,ya en base,"Medicina General, Pediatría, Algiología",Panama,Cliniweb
Ricardo Anel Chang Jiménez,Medicina General,doctorricardochang@yahoo.com,+507 204-8312,, Consultorios Pacífica Salud,"Ciudad de Panamá, Panamá, . Boulevard Pacífica y Vía Punta Darién",,https://directorio.cliniweb.com/ricardo-anel-chang-jimenez_24f3df,ya en base,"Medicina General, Psiquiatría",Panama,Cliniweb
Gina Raquel Hernández González De Lombardo,Medicina General,draginapanama@hotmail.com,+507 204-8311,, Consultorios Pacífica Salud,"Ciudad de Panamá, Panamá, . Boulevard Pacífica y Vía Punta Darién",,https://directorio.cliniweb.com/gina-raquel-hernandez-gonzalez-de-lombardo,ya en base,"Medicina General, Nutrición",Panama,Cliniweb
Juan B Durán Ortega,Medicina General,jb06duran@gmail.com,+507 203-3281,, Consultorios Pacífica Salud,"Ciudad de Panamá, Panamá, . Boulevard Pacífica y Vía Punta Darién",,https://directorio.cliniweb.com/juan-b-duran-ortega,ya en base,Medicina General,Panama,Cliniweb
Inabagdikinya González Lombardo.,Medicina General,inagonzalez.med@gmail.com,,,Innova Salud,", . Vista Alegre, Via Panamericana, al frente del Rey",,https://directorio.cliniweb.com/DrInaGonzalez,ya en base,Medicina General,Panama,Cliniweb
Raquel Fuster Aizpurúa,Medicina General,info.vonfuster@gmail.com,,,Veterinaria Von Fuster,"Panamá, . Calle Anastacio Ruiz Noriega, Plaza Cocos, Local 1 Marbella",,https://directorio.cliniweb.com/raquel-fuster,ya en base,"Medicina General, Veterinario, Médico Veterinario Zootecnista",Panama,Cliniweb
Horacio Botello,Medicina General,norepinefrina@yahoo.com,,,Centro de Medicina Integral Dr. Horacio Botello,"Chitré, Panamá. Edificio Clínica Dental Azuero local en planta Baja. - Entrega General San Juan Bautista",,https://directorio.cliniweb.com/horacio-botello,ya en base,"Medicina General, Medicina Estética",Panama,Cliniweb
Mariana Vega.,Medicina General,Drmvega13@gmail.com,,,Clínica Mundo Animal Bella Vista Clinica Mundo Animal Bella Vista,", . Calle 45 Este, Bella Vista, Plaza Bella Vista, Local 3a",,https://directorio.cliniweb.com/dra-mariana-vega,ya en base,"Medicina General, Veterinario, Nutrición",Panama,Cliniweb
Abundant Life Home Healthcare,Medicina General,info@abundantlifepty.com,,Home Care,,,https://abundantlifepty.com/,https://directorio.cliniweb.com/abundant-life-home-healthcare,ya en base,"Geriatría, Geriatría y Gerontología, Medicina General, Medicina Paliativa, Cuidados Paliativos, Fisioterapia, Centro de Terapia, Enfermería",Panama,Cliniweb
Clínica Comunal De Don Bosco,Medicina General,clinica@jcdonbosco.com,,,,,,https://directorio.cliniweb.com/doctor-jc-don-bosco,ya en base,Medicina General,Panama,Cliniweb
Aníbal Jiménez Justiniani,Medicina General,AAJJ221180@YAHOO.COM.AR,,, Clínica Dr. Aníbal Jiménez,", . Pedregal parador vía José Agustín Arango a 200 metros de estación de metro del parador pedregal, edificio rosado planta baja al lado de taller de mecánica.",,https://directorio.cliniweb.com/anibal-jimenez,ya en base,Medicina General,Panama,Cliniweb
Adya Abebi Mitchell Correa,Medicina General,dra.mitchell.correa@gmail.com,,,,,,https://directorio.cliniweb.com/dra-adya-abebi-mitchell-correa,ya en base,Medicina General,Panama,Cliniweb
Medicina Especializada,Medicina General,Medisalud02@gmail.com,,Multiples Especialidades,,,,https://directorio.cliniweb.com/medicina-especializada,ya en base,Medicina General,Panama,Cliniweb
Herick Bernal.,Medicina General,herickbernal@gmail.com,,"Hipertensión Arterial, Diabetes, Tratamiento De Adicciones, Clínica de Adicciones",Clínica Family Doctor,", . Ave. José Agustín Arango, Plaza Juan Díaz, Local 5 Planta Alta a un costado de la Delta de Llano Bonito",,https://directorio.cliniweb.com/dr-herick-bernal,ya en base,Medicina General,Panama,Cliniweb
Medicina General Biogenesis Regenerative Center,Medicina General,drmoreno@biogenesiscenter.com,,Bioregeneración,365 Medical Center,"Panamá, . JW MARRIOTT, CALLE PUNTA COLON, PUNTA PACIFICA, CORREGIMIENTO DE SAN FRANCISCO, PLANTA BAJA, LOCAL S-12A",,https://directorio.cliniweb.com/medicina-general-by-365,ya en base,Medicina General,Panama,Cliniweb
Patricia Espino,Medicina General,patty.espino@hotmail.com,,,,,,https://directorio.cliniweb.com/patricia-espino,ya en base,Medicina General,Panama,Cliniweb
Shayrah Phillips Salazar,Medicina General,shayrahphillipsdrv@gmail.com,,,,,,https://directorio.cliniweb.com/dra-shayrah-phillips,ya en base,Medicina General,Panama,Cliniweb
Om Spa  Clínica Estetica,Medicina General,omspaintl@gmail.com,,, Om Spa Esthetic,"Panamá, . Corregimiento de la exposición, ave. balboa, Edf. Interplus, piso 29, Local 29A (Lateral a la sede del PRD)",https://omspaesthetic.com/,https://directorio.cliniweb.com/om-spa,ya en base,"Cosmetología, Medicina General, Medicina Estética",Panama,Cliniweb
Erick Montenegro,Medicina General,clientes@ccdejesus.com,,,Clinica Corazon de Jesus,"Penonomé, Panamá. EDIFICIO SAN JUAN - Avenida Manuel Amador Guerrero",www.ccdejesus.com,https://directorio.cliniweb.com/DRMONTENEGRO,ya en base,Medicina General,Panama,Cliniweb
Alessandra Quintero,Medicina General,familiaquirosquintero@gmail.com,,,,,https://www.myclinicpanama.com/,https://directorio.cliniweb.com/dra-alessandra-quintero,ya en base,Medicina General,Panama,Cliniweb
Centro Medico Prolab Diagnostics,Medicina General,prolabdiagnostics1@gmail.com,,,,,,https://directorio.cliniweb.com/medico,ya en base,Medicina General,Panama,Cliniweb
Edisa Sánchez Donado,Medicina General,edisan0195@gmail.com,,,,,,https://directorio.cliniweb.com/dra-edisa-sanchez-donado,ya en base,Medicina General,Panama,Cliniweb
Samuel Mendieta,Medicina General,mendietasamuel89@gmail.com,,Cirugía Laparoscópica,,,,https://directorio.cliniweb.com/dr-samuel-mendieta,ya en base,"Medicina General, Cirugía General",Panama,Cliniweb
Stacy Escobar,Medicina General,drastacyn08.pa@gmail.com,,Nutrición Clínica,OM SPA ESTHETIC,", . Corregimiento de la exposición, ave. balboa, Edf. Interplus, piso 29, Local 29A (Lateral a la sede del PRD) Ciudad de Panamá, Panamá •",,https://directorio.cliniweb.com/dra-stacy-escobar,ya en base,"Medicina Estética, Medicina General, Tricología",Panama,Cliniweb
Salud Sura - El Crisol,Medicina General,saludelcrisol@sura.com.pa,,,Salud Sura El Crisol,", . PH City Plaza El Crisol; Ave. Domingo Díaz, frente al Crisol (antiguo Autodepot), Locales G29 y G30",,https://directorio.cliniweb.com/administrador-sura-sede-el-crisol,ya en base,Medicina General,Panama,Cliniweb
Pilar Santamaría,Medicina General,pilar.santamaria@hospitalpaitilla.com,,,,,,https://directorio.cliniweb.com/eira-del-pilar-santamaria,ya en base,"Medicina General, Médico a Domicilio, Gerencia de la Salud, Medicina General, Chequeos Médicos",Panama,Cliniweb
Rogel L. Navas G.,Medicina General,reggy1983@gmail.com,,,Clínica FamiSalud. Medicina Integral y Preventiva,", . Plaza Galápagos 2 Frente a Villa Lucre. Vía José Domingo Díaz",www.instagram.com/famisaludpanama,https://directorio.cliniweb.com/2-dr-rogel-navas,ya en base,Medicina General,Panama,Cliniweb
Medicina General,Medicina General,batist_216@hotmail.com,,, DOCTORMED,", . City Plaza, local #3, diagonal al Super Carnes Arraiján, Panamá Oeste",,https://directorio.cliniweb.com/medicina-general-1,ya en base,Medicina General,Panama,Cliniweb
José Jesús Bósquez Mendieta,Medicina General,jjbosquez10@gmail.com,,,,,,https://directorio.cliniweb.com/dr-jose-bosquez,ya en base,Medicina General,Panama,Cliniweb
Johanna Rudas,Medicina General,johannaibeth1823@gmail.com,,,,,,https://directorio.cliniweb.com/johanna-rudas,ya en base,Medicina General,Panama,Cliniweb
Efrain Atencio,Medicina General,drefraintite2906@gmail.com,,,Centro Médico Los Andes,"Ciudad de Panamá, Panamá. 63636 Panamá, San Miguelito",,https://directorio.cliniweb.com/centromedicolosandes,ya en base,Medicina General,Panama,Cliniweb
Dr Luis Alberto Wong/ Medico General,Medicina General,alberto04@gmail.com,,Medicina de Emergencias,,,,https://directorio.cliniweb.com/dr-luis-alberto-wong-medico-general,ya en base,"Medicina General, Urgencia Médico-Quirúrgica",Panama,Cliniweb
Wilmer González,Medicina General,drwilmergonzalez@gmail.com,,,,,,https://directorio.cliniweb.com/dr-wilmer-gonzalez,ya en base,Medicina General,Panama,Cliniweb
Angela González,Medicina General,info@angomedics.com,,,,,,https://directorio.cliniweb.com/dra-angela-gonzalez-1,ya en base,"Medicina General, Chequeos Médicos",Panama,Cliniweb
TOTAL MEDIC CARE - Esperanza Revalinera,Medicina General,TOTALMEDICCARE@GMAIL.COM,,,,,,https://directorio.cliniweb.com/dra-esperanza-revalinera,ya en base,"Medicina General, Chequeos Médicos",Panama,Cliniweb
Erick Jaramillo Gonzalez,Medicina General,clinicaeriant@gmail.com,,, MEDICENTER,"Ciudad de Panamá, Panamá. VIA ISRAEL, MEDICENTER-CONSULTORIO DR ALVARO SANTANA",,https://directorio.cliniweb.com/erick-jaramillo,ya en base,Medicina General,Panama,Cliniweb
Neysi Puello,Medicina General,vet01pawswashvet@gmail.com,,,Paws Wash and Vet,"Panamá, . Plaza G&G, calle Tomas Gabriel Duque. Local 3",,https://directorio.cliniweb.com/drapawswash,ya en base,"Veterinario, Medicina General, Laboratorio, Nutrición, Medicina Interna",Panama,Cliniweb
Maria Eugenia Arosemena,Medicina General,beddaclinic@gmail.com,,,,,,https://directorio.cliniweb.com/maria-eugenia-arosemena,ya en base,Medicina General,Panama,Cliniweb
Yinna  De Leon,Medicina General,yinna.de.leon07@gmail.com,,,,,,https://directorio.cliniweb.com/dra-yinna-de-leon,ya en base,Medicina General,Panama,Cliniweb
Comfort Care,Medicina General,Comfortcarepanama@gmail.com,,Atención wellness integral,,,comfortcarepanama.com,https://directorio.cliniweb.com/comfortcarepanama,ya en base,"Enfermería, Médico a Domicilio, Medicina General, Chequeos Médicos, Medicina Paliativa, Cuidados Paliativos",Panama,Cliniweb
Zazir Martinez,Medicina General,zazimc21@hotmail.es,,,Centro Especializado San Fernando Clinic Piel,", . Piso 10. Consultorio 4-5. - Vía España. Frente al Registro Público.",,https://directorio.cliniweb.com/dra-zazir-martinez,ya en base,"Medicina General, Cosmetología, Medicina Antienvejecimiento y Longevidad, Medicina Estética, Esteticista",Panama,Cliniweb
Eduardo Pitti,Medicina General,yohedy30@hotmail.com,,, Centro Médico del Caribe,"Colón, Panamá. Planta Baja, consultorio 222. - Calle 12 y Roosevelt",www.centromedicodelcaribe.com,https://directorio.cliniweb.com/eduardo-pittib,ya en base,Medicina General,Panama,Cliniweb
Ana Laura Jones,Medicina General,analaurajones25@hotmail.com,,,The Panama Clinic Pacific Center,"Ciudad de Panamá, Panamá. Calle Ramón H. Jurado - Torre A",,https://directorio.cliniweb.com/ana-laura-jones,ya en base,"Medicina General, Medicina Estética, Nutrición",Panama,Cliniweb
Jaime Jaen,Medicina General,saludelcrisol@sura.com.pa,,, Sede Salud Sura El Crisol,", . City Plaza, Vía Domingo Diaz frente a la entrada del crisol, local G29, G30",,https://directorio.cliniweb.com/dr-jaime-jaen,ya en base,Medicina General,Panama,Cliniweb
Musharaf Tarajia Asvat,Medicina General,drtarajia@me.com,,,,,www.clinicapdc.com,https://directorio.cliniweb.com/dr-musharaf-tarajia-asvat,ya en base,"Medicina General, Medicina General, Chequeos Médicos",Panama,Cliniweb
Total Medic Care,Medicina General,admtotalmediccare@gmail.com,,,,,,https://directorio.cliniweb.com/administracion-total-medic,ya en base,"Medicina General, Chequeos Médicos, Medicina General",Panama,Cliniweb
Emmanuel Tejeira,Medicina General,e.tejeira19@gmail.com,,,,,,https://directorio.cliniweb.com/emmanuel-tejeira,ya en base,Medicina General,Panama,Cliniweb
Lorena Porras,Medicina General,porraslorena@gmail.com,,Nutrición Clínica, Consultorios Punta Pacífica,"Ciudad de Panamá, Panamá, . Boulevard Pacífica y Vía Punta Darién",,https://directorio.cliniweb.com/lorena-porras,ya en base,Medicina General,Panama,Cliniweb
Victor M. Guillén D.,Medicina General,beddaclinic@gmail.com,,Atención Primaria,,,,https://directorio.cliniweb.com/victor-m-guillen-d,ya en base,Medicina General,Panama,Cliniweb
Randy Teale,Medicina General,randy.teale@gmail.com,,Medicina Funcional y Preventiva,,,,https://directorio.cliniweb.com/dr-randy-teale,ya en base,Medicina General,Panama,Cliniweb
Charles Coates Fernández.,Medicina General,ccoatesf@gmail.com,,,Tetra Pak,"Panamá, . Pacific Center, Panamá",,https://directorio.cliniweb.com/charles-coates,ya en base,"Medicina General, Medicina General, Medicina Ocupacional",Panama,Cliniweb
Angela Cordoba,Medicina General,angelacordoba2116@gmail.com,,,Dermally,", . Street Mall esquina Vía Israel y Vía Brasil, piso 1, suite 109, San Francisco",,https://directorio.cliniweb.com/dra-angela-cordoba,ya en base,"Medicina General, Medicina Estética",Panama,Cliniweb
Irian Nuñez,Medicina General,irian_08@icloud.com,,,,,,https://directorio.cliniweb.com/irian-nunez,ya en base,"Clínica Médica, Medicina General, Chequeos Médicos",Panama,Cliniweb
Layla Maltez,Medicina General,amaltezg@gmail.com,,,,,,https://directorio.cliniweb.com/dra-layla-maltez,ya en base,Medicina General,Panama,Cliniweb
Angelli Sarai  Prieto Guerra,Medicina General,caiss@sura.com.pa,,,Seguros Sura Panamá,", . .",,https://directorio.cliniweb.com/dra-angelli-sarai-prieto-guerra,ya en base,Medicina General,Panama,Cliniweb
Dioris Jaen,Medicina General,caiss@sura.com.pa,,, Seguros Sura Panamá,", . .",,https://directorio.cliniweb.com/dioris-jaen,ya en base,Medicina General,Panama,Cliniweb
Shannon Lynn Tuer,Medicina General,Healthconnectionsboquete@gmail.com,,,,,,https://directorio.cliniweb.com/shannon-lynn-tuer,ya en base,"Medicina General, Chequeos Médicos",Panama,Cliniweb
Arnulfo Arosemena.,Medicina General,recepcion@curamedpanama.com,,,,,,https://directorio.cliniweb.com/dr-arnulfo-arosemena,ya en base,"Medicina General, Chequeos Médicos, Medicina General, Centro de Diagnóstico Especializado",Panama,Cliniweb
Tania Franco Bazán,Medicina General,taniafrancob@gmail.com,,,,,,https://directorio.cliniweb.com/tania-franco,ya en base,"Medicina Estética, Medicina General, Medicina Ocupacional",Panama,Cliniweb
Kenji Nagakane Justavino,Medicina General,saludelcrisol@sura.com.pa,,, Sede Salud Sura El Crisol,", . City Plaza, Vía Domingo Diaz frente a la entrada del crisol, local G29, G30",,https://directorio.cliniweb.com/dr-kenji-nagakane-justavino,ya en base,Medicina General,Panama,Cliniweb
Jesthy Priscilla Macias Pinzón,Medicina General,jesthymacias@rocketmail.com,,,,,,https://directorio.cliniweb.com/jesthy-macias,ya en base,Medicina General,Panama,Cliniweb
Yazmina Tonge,Medicina General,caiss@sura.com.pa,,,Seguros Sura Panamá,", . .",,https://directorio.cliniweb.com/dra-yazmina-tonge,ya en base,Medicina General,Panama,Cliniweb
Maylena Cecilia  Montilla Rodríguez,Medicina General,caiss@sura.com.pa,,,Seguros Sura Panamá,", . .",,https://directorio.cliniweb.com/dra-maylena-cecilia-montilla-rodriguez,ya en base,Medicina General,Panama,Cliniweb
Anacristina Rodríguez,Medicina General,info@myclinicpanama.com,,,,,https://www.myclinicpanama.com/?fbclid=PAZXh0bgNhZW0CMTEAAabS5U8D8u30nYXS6u-WC6lL4nkiqp6dOmUYJNab4NeW6BgUYRHRvBBRvxk_aem_4F766DhPvr6mewpGO_rkpA,https://directorio.cliniweb.com/anacristina-rodriguez,ya en base,Medicina General,Panama,Cliniweb
Faraznha Irani Guerra,Medicina General,faraznhag@gmail.com,,,,,,https://directorio.cliniweb.com/dra-faraznha-irani-guerra,ya en base,"Medicina General, Chequeos Médicos",Panama,Cliniweb
Flor Angelica  Camarena Mercado,Medicina General,caiss@sura.com.pa,,,Seguros Sura Panamá,", . .",,https://directorio.cliniweb.com/dra-flor-angelica-camarena-mercado,ya en base,Medicina General,Panama,Cliniweb
Suyim Quintero Diaz Granados,Medicina General,drasuyimquintero@hotmail.com,,,,,,https://directorio.cliniweb.com/suyim-quintero,ya en base,Medicina General,Panama,Cliniweb
Erick Joseph Montes Saldaña,Medicina General,caiss@sura.com.pa,,, Seguros Sura Panamá,", . .",,https://directorio.cliniweb.com/dr-erick-joseph-montes-saldana,ya en base,Medicina General,Panama,Cliniweb
Stephanie G. Vásquez Q.,Medicina General,stephanie_vq16@hotmail.com,,,,,,https://directorio.cliniweb.com/stephanie-vasquez,ya en base,"Medicina General, Medicina Estética",Panama,Cliniweb
My Clinic,Medicina General,info@myclinicpanama.com,,Multiples Especialidades,,,https://www.myclinicpanama.com/,https://directorio.cliniweb.com/my-clinic,ya en base,Medicina General,Panama,Cliniweb
Homero Díaz,Medicina General,hdw141996@gmail.com,,,,,,https://directorio.cliniweb.com/dr-homero-diaz,ya en base,Medicina General,Panama,Cliniweb
Stephanie Cristel  Obaldia Garcia,Medicina General,caiss@sura.com.pa,,, Seguros Sura Panamá,", . .",,https://directorio.cliniweb.com/dra-stephanie-cristel-obaldia-garcia,ya en base,Medicina General,Panama,Cliniweb
José Manuel Gómez Guardia,Medicina General,jmgomez142@gmail.com,,,,,,https://directorio.cliniweb.com/jose-manuel-gomez-guardia,ya en base,"Medicina General, Chequeos Médicos",Panama,Cliniweb
Selba Clinic,Medicina General,somos@selbaclinic.com,,,,,https://lacolson.com/,https://directorio.cliniweb.com/selbaclinic,ya en base,"Nutrición, Medicina General, Chequeos Médicos",Panama,Cliniweb
Daniel Batista,Medicina General,saludelcrisol@sura.com.pa,,, Sede Salud Sura El Crisol,", . City Plaza, Vía Domingo Diaz frente a la entrada del crisol, local G29, G30",,https://directorio.cliniweb.com/dr-daniel-batista,ya en base,Medicina General,Panama,Cliniweb
Clínica y Laboratorio Express - Villa Lucre,Medicina General,soportetil2@sura.com.pa,,,,,https://clinica.express/,https://directorio.cliniweb.com/clinica-y-laboratorio-express,ya en base,"Medicina General, Centro de Atención Médica Primaria",Panama,Cliniweb
Reinaldo Acuña Bethancourt,Medicina General,rey06@hotmail.com,,Control Metabólico ,,,,https://directorio.cliniweb.com/reinaldo-acuna-bethancourt,ya en base,Medicina General,Panama,Cliniweb
Graciela I. Marín Fonseca,Medicina General,saludelcrisol@sura.com.pa,,,SEDE SURA- EL CRISOL Sede Salud Sura El Crisol,"Ciudad de Panamá, Panamá. City Plaza, Vía Domingo Diaz frente a la entrada del crisol, local G29, G30",,https://directorio.cliniweb.com/dra-graciela-marin,ya en base,Medicina General,Panama,Cliniweb
William Corella,Medicina General,centromedicokadosh01@gmail.com,,,"Centro Médico Kadosh Centro Médico Kadosh, Dr. William Corella","Bugaba, Panamá. calle 3ra este Diagonal a la Iglesia Mormon, La Concepción Bugaba",,https://directorio.cliniweb.com/William-corella,ya en base,Medicina General,Panama,Cliniweb
Vidatec,Medicina General,consultamedica@vidateclab.com,,,,,https://www.vidateclab.com/,https://directorio.cliniweb.com/abraham-rodriguez,ya en base,Medicina General,Panama,Cliniweb
Gabriel Rebollón Guardado,Medicina General,info@gabrielrebollon.com,,,,,https://gabrielrebollon.com,https://directorio.cliniweb.com/dr-gabriel-rebollon,ya en base,"Medicina General, Medicina Preventiva, Medicina Corporativa ",Panama,Cliniweb
Julio Montero Prado,Medicina General,juliomontero626@gmail.com,,,,,,https://directorio.cliniweb.com/dr-julio-montero-prado,ya en base,Medicina General,Panama,Cliniweb
Libett Escarlett  Osorio Martinez,Medicina General,caiss@sura.com.pa,,, Seguros Sura Panamá,", . .",,https://directorio.cliniweb.com/dra-libett-escarlett-osorio-martinez,ya en base,Medicina General,Panama,Cliniweb
Tree Smart Wellness,Medicina General,SoporteSC2@towncenter.com.pa,,Medicina Funcional y Preventiva,,,,https://directorio.cliniweb.com/tree-smart-wellness,ya en base,Medicina General,Panama,Cliniweb
Diogenes. Amaya,Medicina General,diogenes19@gmail.com,,,,,,https://directorio.cliniweb.com/diogenes-amaya,ya en base,Medicina General,Panama,Cliniweb
Giovanna Stagnaro,Medicina General,gstagnaro@palig.com,,,,,,https://directorio.cliniweb.com/giovanna-stagnaro,ya en base,Medicina General,Panama,Cliniweb
Milagros Zeballos.,Medicina General,misaludmiclinica@gmail.com,,,,,,https://directorio.cliniweb.com/dra-milagros-zeballos,ya en base,Medicina General,Panama,Cliniweb
Luis Emilio Hernández Fonseca,Medicina General,oxihealthpanama@gmail.com,,,,,,https://directorio.cliniweb.com/luis-emilio-hernandez-fonseca-1,ya en base,Medicina General,Panama,Cliniweb
José Barria,Medicina General,josebarria180794@gmail.com,,,,,,https://directorio.cliniweb.com/jose-barria,ya en base,Medicina General,Panama,Cliniweb
Yul Aníbal Tam Samaniego.,Medicina General,dr.ytams@gmail.com,,,,,,https://directorio.cliniweb.com/yul-anibal-tam-samaniego,ya en base,Medicina General,Panama,Cliniweb
Johana Marcucci,Medicina General,johannamarcucci@hotmail.com,,,The Panama Clinic Pacific Center,"Ciudad de Panamá, Panamá. Torre A, piso 12, consultorio 1209 - Calle Ramon H. Jurado, Pacific Center.",,https://directorio.cliniweb.com/dra-johana-marcucci,ya en base,"Medicina General, Medicina Estética",Panama,Cliniweb
Rosalin Saavedra,Medicina General,rsaavedra@palig.com,,,,,,https://directorio.cliniweb.com/rosalin-saavedra,ya en base,Medicina General,Panama,Cliniweb
Carmen Cecilia Martinez Villamonte,Medicina General,carmenmartinez@universal-clinic.com,,, UNIVERSAL CLINIC,", . Plaza Santa Fe, local #5",,https://directorio.cliniweb.com/draccmv27,ya en base,Medicina General,Panama,Cliniweb
Hillary Cordero,Medicina General,hcordero@palig.com,,,,,,https://directorio.cliniweb.com/hillary-cordero,ya en base,Medicina General,Panama,Cliniweb
Ana Díaz,Medicina General,adiaz3@palig.com,,,,,,https://directorio.cliniweb.com/ana-diaz,ya en base,Medicina General,Panama,Cliniweb
Saralí Chan Delgado,Medicina General,sachand0907@gmail.com,,,CENTRO MEDICO DEL CARIBE CENTRO MEDICO DEL CARIBE,", . Calle 12 y Roosevelt",,https://directorio.cliniweb.com/sarali-chan-delgado,ya en base,Medicina General,Panama,Cliniweb
Evelio Parra,Medicina General,dr_evelioparra@yahoo.com,,, Hospital Santa Fe,"Panamá, Panamá. Piso 3, Consultorio 28 - Ave Frangipani y Simón Bolivar",,https://directorio.cliniweb.com/dr-evelio-parra,ya en base,Medicina General,Panama,Cliniweb
José Luis Moreno O.,Medicina General,jlmo75@hotmail.com,,,,,,https://directorio.cliniweb.com/7-dr-jose-luis-moreno-o,ya en base,"Medicina General, Ortopedia Pie, Ortopedia Tobillo, Ortopedia y Traumatología, Cirugía De Trauma",Panama,Cliniweb
Arnulfo Rodríguez,Medicina General,enrique77_07@hotmail.com,,,,,,https://directorio.cliniweb.com/arnulfo-rodriguez,ya en base,Medicina General,Panama,Cliniweb
Pamela Borges,Medicina General,pborges@palig.com,,,,,,https://directorio.cliniweb.com/pamela-borges,ya en base,Medicina General,Panama,Cliniweb
Katherine Zeng,Medicina General,conclinicwest@hotmail.com,,,,,,https://directorio.cliniweb.com/katherine-zeng,ya en base,Medicina General,Panama,Cliniweb
Universal Clinic,Medicina General,rmdavila95@gmail.com,,, UNIVERSAL CLINIC,"Panamá, . Ciudad de Panamá",,https://directorio.cliniweb.com/universal-clinic-2,ya en base,Medicina General,Panama,Cliniweb
Jerónimo Valdez,Medicina General,valdesjeronimo13@gmail.com,,, Centro Medico Caribe,"Colón, . Calle 12 y Roosevelt",,https://directorio.cliniweb.com/jeronimo-valdez,ya en base,Medicina General,Panama,Cliniweb
Jair Rodriguez,Medicina General,dr.jarodz@gmail.com,,,CENTRO MEDICO DEL CARIBE CENTRO MEDICO DEL CARIBE,", . Calle 12 y Roosevelt",,https://directorio.cliniweb.com/jair-rodriguez,ya en base,Medicina General,Panama,Cliniweb
Erick Fernando Rios Aguirre,Medicina General,dr.erick04@gmail.com,,,,,,https://directorio.cliniweb.com/dr-erick-fernando-rios-aguirre,ya en base,Medicina General,Panama,Cliniweb
Oziel Batista (medicina Interna),Medicina General,ozzbat81@gmail.com,,,,,,https://directorio.cliniweb.com/dr-oziel-batista-medicina-interna,ya en base,Medicina General,Panama,Cliniweb
Yaribel Zoraima Chang Pimentel,Medicina General,yaribelch04@gmail.com,,,,,,https://directorio.cliniweb.com/dra-yaribel-zoraima-chang-pimentel,ya en base,Medicina General,Panama,Cliniweb
Carolina Araúz De Noel,Medicina General,acacartin@gmail.com,,,,,,https://directorio.cliniweb.com/carolina-arauz-de-noel,ya en base,"Medicina General, Chequeos Médicos",Panama,Cliniweb
Roberto Ramón Vallarino Maggiori,Medicina General,vallarinoroberto@gmail.com,,, Clínica Dental Vallarino,", Panamá. Calle 50, con Vía Israel; Centro comercial La Colmena, Panamá",,https://directorio.cliniweb.com/roberto-ramon-vallarino-maggiori,ya en base,Medicina General,Panama,Cliniweb
Consultorios Médicos Río Hato / Dr. Angel Alonzo,Medicina General,ANGELALONZO@GMAIL.COM,,,,,,https://directorio.cliniweb.com/angel-alonzo,ya en base,Medicina General,Panama,Cliniweb
Osman Angel Contreras Aguilar,Medicina General,osmancontreras20@gmail.com,,,,,,https://directorio.cliniweb.com/osman-angel-contreras-aguilar,ya en base,Medicina General,Panama,Cliniweb
Carlos Alberto Flores Pinzón,Medicina General,cafloresp@gmail.com,,,,,,https://directorio.cliniweb.com/dr-carlos-alberto-flores-pinzon,ya en base,"Medicina General, Chequeos Médicos",Panama,Cliniweb
Evaristo J. Gonzalez Urriola,Medicina General,evaristogon@hotmail.com,,, CLÍNICA SANTA ELENA PLAZA OTEIMA,", Panamá. Av. 9 de Enero",,https://directorio.cliniweb.com/evaristo-j-gonzalez-urriola,ya en base,Medicina General,Panama,Cliniweb
Melissa Rodríguez Chú,Medicina General,gilimedico2@gmail.com,,,,,,https://directorio.cliniweb.com/dra-melissa-rodriguez-chu,ya en base,Medicina General,Panama,Cliniweb
Victor R. Berguido,Medicina General,viberg@hotmail.com,,, América,"Ciudad de Panamá, Panamá. Carrasquilla Via España Edificio: Consultorios América  Apartamento: 221",,https://directorio.cliniweb.com/victor-r-berguido,ya en base,Medicina General,Panama,Cliniweb
Estefanía Alleyne,Medicina General,estefania.alleyne@laclinicasa.com,,, LA CLINICA S.A.,", . Vía Brasil, diagonal a la Samuel Lewis, al lado de City Mall, local #33",,https://directorio.cliniweb.com/dra-estefania-alleyne,ya en base,Medicina General,Panama,Cliniweb
Wilma Cedeño,Medicina General,wilma.cedeno16@gmail.com,,,,,,https://directorio.cliniweb.com/dr-wilma-cedeno,ya en base,Medicina General,Panama,Cliniweb
Lucero De Icaza,Medicina General,ludicaza1593@gmail.com,,,,,,https://directorio.cliniweb.com/lucero-icaza,ya en base,"Medicina General, Chequeos Médicos",Panama,Cliniweb
Cesar Julio Restrepo Calderon,Medicina General,cjrc1971@hotmail.com,,, Clínica San José - Changuinola,", Panamá. Ave. 17 de Abril, El Empalme",,https://directorio.cliniweb.com/cesar-julio-restrepo-calderon,ya en base,Medicina General,Panama,Cliniweb
Hugo Gutiérrez,Medicina General,higut3v@gmail.com,,,Hugo Gutiérrez,", . A ser contactado por teléfono o vía e-mail: higut3v@gmail.com",,https://directorio.cliniweb.com/hugo-gutierrez,ya en base,Medicina General,Panama,Cliniweb
Maryeisy Castro,Medicina General,vascularcarec@gmail.com,,,,,,https://directorio.cliniweb.com/dra-maryeisy-castro,ya en base,Medicina General,Panama,Cliniweb
Michelle Ruiz,Medicina General,michelleruizschober@gmail.com,,,PANAMA AESTHETICS,", . CALLE RAMON H JURADO. THE PANAMA CLINIC. TORRE A, PISO 10. CONSULTORIOS 1013-1015, PANAMA",,https://directorio.cliniweb.com/dra-michelle-ruiz,ya en base,Medicina General,Panama,Cliniweb
Cesar Augusto Frago Pinzon,Medicina General,evaristogon@hotmail.com,,, CLÍNICA SANTA ELENA PLAZA OTEIMA,"David, Panamá. Av. 9 de Enero, David, Chiriquí",,https://directorio.cliniweb.com/cesar-augusto-frago-pinzon,ya en base,Medicina General,Panama,Cliniweb
Yanisa Del Carmen  Ríos Arrocha,Medicina General,riosyanisa@gmail.com,,, Chitré,"Chitré, Panamá. Ave. Herrera Edificio: Consultorio Popular.",,https://directorio.cliniweb.com/yanisa-del-carmen-rios-arrocha,ya en base,Medicina General,Panama,Cliniweb
Samuel Alexander Montero Castillo,Medicina General,samc9719@gmail.com,,,,,,https://directorio.cliniweb.com/samuel-alexander-montero-castillo,ya en base,Medicina General,Panama,Cliniweb
Miguel Quintero,Medicina General,miguel9813.mq@gmail.com,,,,,,https://directorio.cliniweb.com/miguel-quintero,ya en base,Medicina General,Panama,Cliniweb
Ivette Ríos Diez,Medicina General,dra.ivetterios23@gmail.com,,,,,,https://directorio.cliniweb.com/dra-ivette-rios-diez-1,ya en base,"Medicina General, Medicina Paliativa, Cuidados Paliativos",Panama,Cliniweb
Eloisa Heras,Medicina General,draeloflinn@gmail.com,,,CENTRO MEDICO DEL CARIBE Centro Médico Caribe,", . Calle 12 y Roosevelt",,https://directorio.cliniweb.com/dra-eloisa-heras,ya en base,Medicina General,Panama,Cliniweb
Aruxi Aparicio Hidalgo,Medicina General,aruxi.ahidalgo@gmail.com,,,The Panama Clinic The Panama Clinic,"Panamá, . Calle Ramon H Jurado, Edificio Pacific Center. Torre A piso 11 consultorio 1118.",,https://directorio.cliniweb.com/aruxi-aparicio-hidalgo,ya en base,Medicina General,Panama,Cliniweb
Ricardo Alexis Cohn Malek,Medicina General,RACMGS@HOTMAIL.COM,,,,,,https://directorio.cliniweb.com/ricardo-alexis-cohn-malek,ya en base,Medicina General,Panama,Cliniweb
Iván Cedeño Batista,Medicina General,dr_civan_@hotmail.com,,,,,,https://directorio.cliniweb.com/dr-ivan-cedeno-batista,ya en base,"Medicina Física y Rehabilitación, Medicina General",Panama,Cliniweb
Amada Guerra,Medicina General,dra.amadaguerra@gmail.com,,,The Panama Clinic Pacific Center,"Panamá, . Torre B, piso 23, consultorio 2308 - Calle Ramón H. Jurado - Pacific Center",,https://directorio.cliniweb.com/dra-amada-guerra,ya en base,"Nutriología, Medicina General",Panama,Cliniweb
Maleyri Navas,Medicina General,maleyrinavas0@gmail.com,,,,,,https://directorio.cliniweb.com/maleyri-navas,ya en base,Medicina General,Panama,Cliniweb
Thalia Herbert,Medicina General,thaliah06@gmail.com,,,CENTRO MEDICO DEL CARIBE CENTRO MEDICO DEL CARIBE,", . Calle 12 y Roosevelt",,https://directorio.cliniweb.com/dra-thalia-herbert,ya en base,Medicina General,Panama,Cliniweb
Gaghe Ford,Medicina General,fordayesha18@gmail.com,,,CENTRO MEDICO DEL CARIBE CENTRO MEDICO DEL CARIBE.,", . Calle 12 y Roosevelt",,https://directorio.cliniweb.com/gaghe-ford,ya en base,Medicina General,Panama,Cliniweb
Stephanie Cohen,Medicina General,vetdracohenvet@gmail.com,,,,,,https://directorio.cliniweb.com/dra-stephanie-cohen,ya en base,"Veterinario, Medicina General, Cardiología",Panama,Cliniweb
Larissa Elizabeth Caballero Saldaña,Medicina General,laryelizacaball@gmail.com,,,The Panama Clinic The Panama Clinic,"Panamá, . Calle Ramon H Jurado, Edificio Pacific Center. Torre B piso 24 consultorio 2411.",,https://directorio.cliniweb.com/dra-larissa-elizabeth-caballero-saldana,ya en base,Medicina General,Panama,Cliniweb
Lassannaui   Samudio Herrera,Medicina General,lassannaui@hotmail.com,,, Nacional,"Ciudad de Panamá, Panamá. Edificio: Centro Médico Nacional  Apartamento: 22",,https://directorio.cliniweb.com/lassannaui-samudio-herrera,ya en base,Medicina General,Panama,Cliniweb
Anthony Malverde,Medicina General,anthonyymalverde@gmail.com,,,CENTRO MEDICO DEL CARIBE CENTRO MEDICO DEL CARIBE,", . Calle 12 y Roosevelt",,https://directorio.cliniweb.com/dr-anthony-malverde,ya en base,Medicina General,Panama,Cliniweb
Herigberto Pérez,Medicina General,erick_164@hotmail.com,,,CENTRO MEDICO DEL CARIBE CENTRO MEDICO DEL CARIBE.,", . Consultorio 209 - Calle 12 y Roosevelt",,https://directorio.cliniweb.com/dr-herigberto-perez,ya en base,Medicina General,Panama,Cliniweb
Martha Quintero Mojica,Medicina General,mrth.g@hotmail.com,,,,,,https://directorio.cliniweb.com/martha-quintero-mojica,ya en base,Medicina General,Panama,Cliniweb
Isaac Aaron Sitton Bernal,Medicina General,isitton@hotelclinicpanama.com,,,The Panama Clinic The Panamá Clinic,"Ciudad de Panamá, Panamá. Calle Ramon H. Jurado- Pacific Center.",,https://directorio.cliniweb.com/isaac-sitton,ya en base,Medicina General,Panama,Cliniweb
Estudios Cardiológicos,Medicina General,estudioscardiologicoss.a@gmail.com,,, Consultorios Médicos Paitilla,"Ciudad de Panamá, Panamá. Piso 4° sur- Consultorio 432-Av. Balboa , calle 53. ",,https://directorio.cliniweb.com/estudios-cardiologicos,ya en base,Medicina General,Panama,Cliniweb
Aleida Lorenzo Arrocha,Medicina General,aleidalorenzo@midoctora.org,,, Mi doctora.org,"Colón, Panamá. Viento Frío, Santa Isabel, Costa arriba, junto al parque, Colón.",,https://directorio.cliniweb.com/aleida-lorenzo,ya en base,Medicina General,Panama,Cliniweb
Gilberto Soto,Medicina General,gil_0718@hotmail.com,,,CENTRO MEDICO DEL CARIBE CENTRO MEDICO DEL CARIBE,", . Calle 12 y Roosevelt",,https://directorio.cliniweb.com/gilberto-soto,ya en base,Medicina General,Panama,Cliniweb
Marlene Estrella Alarcón,Medicina Interna,drastar57@gmail.com,+507 9971-0294,, Novaclinica,"Quito, Ecuador. Novaclínica Santa Cecilia",,https://directorio.cliniweb.com/marlene-estrella-alarcon,NUEVO,Medicina Interna,Panama,Cliniweb
Cornelia Dingler,Medicina Interna,ximesoraymt@outlook.es,+507 453-0230,,Citimed Consultorio de Cornelia  Dingler,"Quito, Ecuador. Av. Mariana de Jesús OE7-02 y Nuño de Valderrama",,https://directorio.cliniweb.com/cornelia-dingler,NUEVO,Medicina Interna,Panama,Cliniweb
Grace Johanna Salazar Tamayo,Medicina Interna,grace.salazar@gmail.com,+507 452-2462,Epidemiología Hospitalaria,Centro Medico Citimed Consultorio de Grace Johanna Salazar Tamayo,"Quito, Ecuador. Av. Mariana de Jesús OE7-02 y Nuño de Valderrama",www.infectologoquito.com,https://directorio.cliniweb.com/grace-johanna-salazar-tamayo,NUEVO,"Infectología, Medicina Interna",Panama,Cliniweb
José España Tejena,Medicina Interna,jespanat@hotmail.com,+507 0999-6652,,CDR Servi Salud,"Quito, Ecuador. Av. Mariana de Jesús OE7-02 y Nuño de Valderrama",,https://directorio.cliniweb.com/jose-espana-tejena,NUEVO,Medicina Interna,Panama,Cliniweb
Marcelo Orbe,Medicina Interna,morbe@inscora.org,+507 0999-2452,,CDR Inscora,"Quito, Ecuador. Av. Mariana de Jesús OE7-02 y Nuño de Valderrama",,https://directorio.cliniweb.com/marcelo-orbe,NUEVO,Medicina Interna,Panama,Cliniweb
Mario Navas,Medicina Interna,mnavas@inscora.org,+507 0999-1936,,CDR Inscora,"Quito, Ecuador. Av. Mariana de Jesús OE7-02 y Nuño de Valderrama",,https://directorio.cliniweb.com/mario-navas,NUEVO,Medicina Interna,Panama,Cliniweb
Felipe Mosquera,Medicina Interna,fmosquera@puce.edu.ec,+507 0998-9358,,CDR Medinteam,"Quito, Ecuador. Av. Mariana de Jesús OE7-02 y Nuño de Valderrama",,https://directorio.cliniweb.com/felipe-mosquera,NUEVO,Medicina Interna,Panama,Cliniweb
Iván Paredes Salvador,Medicina Interna,ivanparedessalvador@hotmail.com,+507 0998-9181,,CDR Consultorio de Iván Paredes Salvador,"Quito, Ecuador. Av. Mariana de Jesús OE7-02 y Nuño de Valderrama",,https://directorio.cliniweb.com/ivan-paredes-salvador,NUEVO,Medicina Interna,Panama,Cliniweb
Cristina Moreno Izquierdo,Medicina Interna,cristinamorenoizquierdo@hotmail.com,+507 0998-3445,,CDR Consultorio de Cristina Moreno Izquierdo,"Quito, Ecuador. Av. Mariana de Jesús OE7-02 y Nuño de Valderrama",,https://directorio.cliniweb.com/cristina-moreno-izquierdo,NUEVO,Medicina Interna,Panama,Cliniweb
Jhoan Torres,Medicina Interna,jhoantorres2@gmail.com,+507 0997-6003,,Centro Medico Citimed Consulta Externa,"Quito, Ecuador. Av. Mariana de Jesús OE7-02 y Nuño de Valderrama",,https://directorio.cliniweb.com/jhoan-torres,NUEVO,Medicina Interna,Panama,Cliniweb
Xavier Villota Acosta,Medicina Interna,vtmedical.internistas@gmail.com,+507 0996-7556,,Centro Medico Citimed VT Medical,"Quito, Ecuador. Av. Mariana de Jesús OE7-02 y Nuño de Valderrama",,https://directorio.cliniweb.com/xavier-villota-acosta,NUEVO,Medicina Interna,Panama,Cliniweb
Angel Santillán,Medicina Interna,absantil@yahoo.com.mx,+507 0987-2923,,Centro Medico Citimed Citimed,"Quito, Ecuador. Av. Mariana de Jesús OE7-02 y Nuño de Valderrama",,https://directorio.cliniweb.com/angel-santillan,NUEVO,Medicina Interna,Panama,Cliniweb
Robinson Peña,Medicina Interna,robinsonp222@hotmail.com,+507 0986-4022,Diabetes,Centro Medico Citimed Medlife,"Quito, Ecuador. Av. Mariana de Jesús OE7-02 y Nuño de Valderrama",chequeoejecutivo.com/,https://directorio.cliniweb.com/robinson-pena,NUEVO,Medicina Interna,Panama,Cliniweb
Hugo Miranda,Medicina Interna,confirmaciondecitasinner@gmail.com,+507 0984-9729,,Citimed Inner,"Quito, Ecuador. Av. Mariana de Jesús OE7-02 y Nuño de Valderrama",/inner-ec.com,https://directorio.cliniweb.com/hugo-miranda,NUEVO,Medicina Interna,Panama,Cliniweb
María Fernanda Peña,Medicina Interna,mafepeva@hotmail.com,+507 0984-2517,,CDR Consultorio de María Fernanda  Peña,"Quito, Ecuador. Av. Mariana de Jesús OE7-02 y Nuño de Valderrama",,https://directorio.cliniweb.com/maria-fernanda-pena,NUEVO,Medicina Interna,Panama,Cliniweb
Valeria Araujo,Medicina Interna,vale_araujo@hotmail.com,+507 0983-1447,,Citimed Inner,"Quito, Ecuador. Av. Mariana de Jesús OE7-02 y Nuño de Valderrama",www.inner-ec.com/,https://directorio.cliniweb.com/valeria-araujo,NUEVO,Medicina Interna,Panama,Cliniweb
Desiré Torres,Medicina Interna,vtmedical.internistas@gmail.com,,,Centro Medico Citimed Centro Médico Citimed,", . Piso 6- Consultorio 639 - Av. Mariana de Jesús OE7-02 y Nuño de Valderrama Distrito Metropolitano De Quito, Pichincha, Ecuador",,https://directorio.cliniweb.com/desire-torres,NUEVO,Medicina Interna,Panama,Cliniweb
Luisana Herman,Medicina Interna,hermanluisana@gmail.com,,,Centro Medico Citimed Centro Médico Citimed,", . Piso 6- Consultorio 623- Av. Mariana de Jesús OE7-02 y Nuño de Valderrama Distrito Metropolitano De Quito, Pichincha, Ecuador",,https://directorio.cliniweb.com/luisana-herman,NUEVO,Medicina Interna,Panama,Cliniweb
Gabriela Zambrano Sánchez,Medicina Interna,gabyzambmosq@icloud.com,,Maestría en Enfermedades Infecciosas, Medinteam,"Quito, Ecuador. Av. Mariana de Jesús OE7-02 y Nuño de Valderrama",www.gabrielazambranomd.com,https://directorio.cliniweb.com/patricia-gabriela-zambrano-sanchez,NUEVO,Medicina Interna,Panama,Cliniweb
Yamizel Castillo,Medicina Interna,yam_esther05@hotmail.com,,,,,,https://directorio.cliniweb.com/yamizel-castillo,NUEVO,"Infectología, Medicina Interna",Panama,Cliniweb
Yamileth Carolina Barroeta,Medicina Interna,yamilethbarroeta@hotmail.com,,,Centro Medico Citimed Centro Médico Citimed,", . Piso 4- Consultorio 348 - Av. Mariana de Jesús OE7-02 y Nuño de Valderrama Distrito Metropolitano De Quito, Pichincha, Ecuador",,https://directorio.cliniweb.com/yamileth-carolina-barroeta,NUEVO,Medicina Interna,Panama,Cliniweb
Ana María Gómez Jaramillo,Medicina Interna,info@anagomezmd.com,,,Centro Medico Citimed SuportaMed,", . Piso 8 - Consultorio 801 - Av. Mariana de Jesús OE7-02 y Nuño de Valderrama",,https://directorio.cliniweb.com/ana-maria-gomez-jaramillo,NUEVO,"Medicina General, Medicina Interna",Panama,Cliniweb
Katyusca Holmes,Medicina Interna,katyuscah@gmail.com,,,,,,https://directorio.cliniweb.com/katyusca-holmes,NUEVO,Medicina Interna,Panama,Cliniweb
Ana Córdoba,Medicina Interna,gaby31.doc@gmail.com,,,,,,https://directorio.cliniweb.com/ana-cordoba,NUEVO,Medicina Interna,Panama,Cliniweb
Lourdes García,Medicina Interna,medicusphysiocenter@gmail.com,,,Centro Medico Citimed MEDICUS & Physio Center,", . Piso 6 - Consultorio 627 - Av. Mariana de Jesús OE7-02 y Nuño de Valderrama",,https://directorio.cliniweb.com/lourdes-garcia,NUEVO,"Medicina Interna, Neumología",Panama,Cliniweb
Efrain Tatis,Medicina Interna,efraintatis@gmail.com,,,,,,https://directorio.cliniweb.com/efrain-tatis,NUEVO,"Nefrología, Medicina Interna, Internista",Panama,Cliniweb
Annette Arleen  Adames Castillero,Medicina Interna,annetteadames23@gmail.com,,,,,,https://directorio.cliniweb.com/annette-arleen-adames-castillero,NUEVO,Medicina Interna,Panama,Cliniweb
Abigahil Estribi,Medicina Interna,aestribiv@gmail.com,,,,,,https://directorio.cliniweb.com/abigahil-estribi,NUEVO,Medicina Interna,Panama,Cliniweb
Jose Luis Carvallo,Medicina Interna,joseluiscarvallo@gmail.com,,,,,,https://directorio.cliniweb.com/luis-carvallo,NUEVO,Medicina Interna,Panama,Cliniweb
Lisbeth E. Rodriguez Rivera,Medicina Interna,info@myclinicpanama.com,,Especialista en Enfermedades Infecciosas,,,,https://directorio.cliniweb.com/lisbeth-e-rodriguez-rivera,NUEVO,Medicina Interna,Panama,Cliniweb
Edgar Staff .,Medicina Interna,staffgomez17@gmail.com,+507 777-8083,, Hospital Chiriqui,"David, Panamá. 1er piso/ Torre Nº 1 - Ave. 3ra. y Calle Central",,https://directorio.cliniweb.com/edgar-staff,ya en base,Medicina Interna,Panama,Cliniweb
Alcibiades Arosemena Moreno,Medicina Interna,arosemenamd@hotmail.com,+507 775-4221,,Hospital Chiriqui,"David, Panamá. Torre vieja piso 2 consultorio 4 - David",,https://directorio.cliniweb.com/alcibiades-arosemena-moreno,ya en base,"Medicina Interna, Neumología",Panama,Cliniweb
Julio Osorio,Medicina Interna,jaosorioster@gmail.com,+507 774-1435,,Hospital Chiriqui,"David, Panamá. CINAM
(Planta Baja Torre 1) - Ave. 3ra. y Calle Central",,https://directorio.cliniweb.com/julio-osorio,ya en base,"Medicina Interna, Medicina Crítica y Terapia Intensiva",Panama,Cliniweb
Ivo Guerra,Medicina Interna,ivoguerragonzalez@gmail.com,+507 774-0128,,Hospital Chiriquí Hospital Chiriquí,"David, Panamá. Modulo B, consultorio 12 - Ave. 3ra. y Calle Central",www.hospitalchiriqui.com/,https://directorio.cliniweb.com/ivo-guerra,ya en base,Medicina Interna,Panama,Cliniweb
Hilda Gómez,Medicina Interna,chefitagomez@hotmail.com,+507 774-0128,,Hospital Chiriquí Hospital Chiriquí,"David, Panamá. Piso 1 - Ave. 3ra. y Calle Central",www.hospitalchiriqui.com,https://directorio.cliniweb.com/hilda-gomez,ya en base,"Geriatría, Medicina Interna, Geriatría, Geriatría y Gerontología",Panama,Cliniweb
Lucas De León,Medicina Interna,deleonarosemena@yahoo.com,+507 774-0128,,Hospital Chiriquí Hospital Chiriquí,"David, Panamá. Planta Baja , modulo B , consultorio 9 - Ave. 3ra. y Calle Central",www.hospitalchiriqui.com,https://directorio.cliniweb.com/lucasdeleon,ya en base,"Gastroenterología, Medicina Interna",Panama,Cliniweb
Cesar Rovira,Medicina Interna,cesararovira09@gmail.com,+507 774-0128,, Hospital Chiriquí,"David, Panamá. Piso 2, consultorio 204 - Av. 3era y calle central.",www.hospitalchiriqui.com,https://directorio.cliniweb.com/cesar-rovira,ya en base,Medicina Interna,Panama,Cliniweb
Luis Carlos Tejera J.,Medicina Interna,clinicadearritmiasdrtejera@outlook.com,+507 6997-9133,Electrofisiología Cardíaca,Clínica Hospital San Fernando Clinica Hospital San Fernando,"Ciudad de Panamá, Panamá. Vía España. Frente al Registro Público. Consultorios Sur",,https://directorio.cliniweb.com/luis-carlos-tejera-j,ya en base,"Cardiología, Medicina Interna",Panama,Cliniweb
Luis Vasquez,Medicina Interna,cersa317cmp@hotmail.com,+507 6997-4723,Medicina Crítica,Clínica de Enfermedades Respiratorias,"Ciudad de Panamá, Panamá. Piso 3 Sur, consultorio 317. - Avenida Balboa y Calle 53",www.cmpaitilla.net,https://directorio.cliniweb.com/luis-vasquez,ya en base,"Neumología, Medicina Interna",Panama,Cliniweb
Carlos Valderrama,Medicina Interna,carlosarenilla@hotmail.com,+507 6994-8722,,Hospital Chiriqui,"David, Panamá. Módulo A-Planta Baja - Ave. 3ra. y Calle Central",,https://directorio.cliniweb.com/carlos-valderrama,ya en base,"Neurología, Medicina Interna",Panama,Cliniweb
Al Alexander Avila Milord,Medicina Interna,al_avila_milord@hotmail.com,+507 6981-8462,,Consultorios Punta Pacífica HEMATO-ONCOLOGÍA DE PANAMÁ ESPECIALIZADA,"Ciudad de Panamá, Panamá. Consultorio 809 - Boulevard Pacífica y Vía Punta Darién",,https://directorio.cliniweb.com/al-alexander-avila-milord,ya en base,"Hematología, Medicina Interna",Panama,Cliniweb
Ricardo M. Aguilar H.,Medicina Interna,raasociadoshemato@gmail.com,+507 6959-1010,,Consultorios América,"Ciudad de Panamá, Panamá. Vía España",,https://directorio.cliniweb.com/ricardoaguilar,ya en base,"Hematología, Hematología, Medicina Interna",Panama,Cliniweb
Julio César Sandoval,Medicina Interna,sandovaljulio@gmail.com,+507 6948-1906,Máster en Dirección y Gestión Sanitaria, Consultorios Punta Pacífica,"Ciudad de Panamá, Panamá, . Piso 5. Consultorio 504 - Boulevard Pacífica y Vía Punta Darién",,https://directorio.cliniweb.com/juliosandoval,ya en base,"Medicina Crítica y Terapia Intensiva, Medicina Intensiva, Medicina Crítica y Terapia Intensiva, Medicina Interna, Medicina Crítica y Terapia Intensiva, Medicina Crítica - Intensivista",Panama,Cliniweb
Gastón González,Medicina Interna,DR.GGONZALEZ04@GMAIL.COM,+507 6895-2825,, Cemid,", . Calle José María Calvo , Plaza Doña Zoraida local 1 , Aguadulce, Coclé.",,https://directorio.cliniweb.com/gaston-gonzalez,ya en base,Medicina Interna,Panama,Cliniweb
Fernando Díaz S.,Medicina Interna,drfdiazs@gmail.com,+507 6862-0114,,The Panama Clinic The Panama Clinic,"Ciudad de Panamá, Panamá. Consultorio 1 dentro del Centro Cardiopulmonar de The Panama Clinic Torre, Complejo Pacific Center, Calle Ramón H. Jurado.  Paitilla, Panamá.",,https://directorio.cliniweb.com/dr-fernando-diaz,ya en base,"Hematología, Medicina Interna",Panama,Cliniweb
Alexis Javier McKenzie Ballesteros,Medicina Interna,alexismckenzie@gastroasociados.com,+507 6813-0781,,Consultorios Punta Pacífica Gastroenterólogos Asociados,"Panamá, . Piso 4. Consultorio 420 - Boulevard Pacífica y Vía Punta Darien",gastroasociados.com/,https://directorio.cliniweb.com/alexismckenzie,ya en base,"Gastroenterología, Medicina Interna",Panama,Cliniweb
Samuel H. Gonzalez V.,Medicina Interna,shgv@hotmail.com,+507 6781-6095,, CENTRO MÉDICO LOS SANTOS,", Panamá. Calle Joaquín Pablo Franco (al Lado del Minsa), Las Tablas",,https://directorio.cliniweb.com/samuel-h-gonzalez-v,ya en base,Medicina Interna,Panama,Cliniweb
Lisbeth López Moreno,Medicina Interna,lis091105@gmail.com,+507 6765-1734,,PACÍFICA SALUD ( CONSULTORIOS Y HOSPITAL PUNTA PACÍFICA),"Ciudad de Panamá, Panamá. Pacific Boulevard and, Blvrd Pacífica, Panamá",,https://directorio.cliniweb.com/lisbeth-e-lopez-moreno,ya en base,Medicina Interna,Panama,Cliniweb
Camilo A. Iturralde M.,Medicina Interna,camiloiturralde@doctor.com,+507 6762-9231,,Consultorio de Medicina interna,"La Chorrera, Panamá. La Chorrera, Plaza Panamá Oeste, Segundo Piso, Oficina 13",,https://directorio.cliniweb.com/camilo-iturralde-1,ya en base,Medicina Interna,Panama,Cliniweb
Diego Rey Rodríguez,Medicina Interna,diegoreyrod@hotmail.com,+507 6755-0541,,"Clínica Hospital San Fernando Policlínica Norte, Clínica Drs. Rey","Ciudad de Panamá, Panamá. Piso PB. Consultorio 11. - Vía España. Frente al Registro Público;",,https://directorio.cliniweb.com/diego-rey-rodriguez,ya en base,"Nefrología, Medicina Interna",Panama,Cliniweb
Fernando Enrique Aguilar Nigot,Medicina Interna,nandoaguilar@hotmail.com,+507 6747-5440,,Consultorios Punta Pacífica Pacifica Salud,"Ciudad de Panamá, Panamá. Boulevard Pacífica",,https://directorio.cliniweb.com/fernando-enrique-aguilar-nigot,ya en base,"Nefrología, Medicina Interna",Panama,Cliniweb
Jermaine Tomlinson,Medicina Interna,jtomlinson@gruponephron.com,+507 6742-9931,Trasplante Renal,Centro Médico del Caribe Centro Médico del Caribe,"Colón, Panamá. Consultorio 209 - Calle 12 y Roosevelt",www.gruponephron.com,https://directorio.cliniweb.com/jermaine-tomlinson,ya en base,"Nefrología, Medicina Interna",Panama,Cliniweb
Victoria Williams,Medicina Interna,vwilliams@gruponephron.com,+507 6742-9931,,Hospital 4 Altos Colón,"Colón, Panamá. Consultorio 405 - Panamá",,https://directorio.cliniweb.com/victoria_williams,ya en base,"Medicina Interna, Neumología",Panama,Cliniweb
José Luis Amador Sosa,Medicina Interna,aclientes@chop.com.pa,+507 6718-4994,,Centro Hemato-oncológico Panamá.,"Ciudad de Panamá, Panamá. Piso 5, Torre B Seccio B - Marbella, Calle 53, Consultorios Royal Center.",www.chop.com.pa,https://directorio.cliniweb.com/jose-amador,ya en base,"Oncología, Oncología, Oncología Médica, Medicina Interna",Panama,Cliniweb
Ernesto Benalcazar,Medicina Interna,ernestobenalcazar@hotmail.com,+507 6679-8531,,Clínica Hospital San Fernando Centro Especializado,"Ciudad de Panamá, Panamá. Piso 4. Consultorio 8. - Vía España. Frente al Registro Público.",,https://directorio.cliniweb.com/ernesto-banalcazar,ya en base,"Medicina Crítica y Terapia Intensiva, Medicina Intensiva, Medicina Interna, Medicina Crítica y Terapia Intensiva, Terapia Intensiva , Medicina Crítica y Terapia Intensiva, Medicina Crítica - Intensivista",Panama,Cliniweb
Cesar E. De Gracia A.,Medicina Interna,cedegra@gmail.com,+507 6676-4729,,HOSPITAL COOPERATIVO,"David, Panamá. Av. 3 oeste y calle C norte, David, Chiriquí",,https://directorio.cliniweb.com/cesar-e-de-gracia-a,ya en base,"Infectología, Medicina Interna",Panama,Cliniweb
Regulo A. Valdes M.,Medicina Interna,fitovaldes@yahoo.com,+507 6675-9698,,PACÍFICA SALUD ( CONSULTORIOS Y HOSPITAL PUNTA PACÍFICA),"Ciudad de Panamá, Panamá. Pacific Boulevard and, Blvrd Pacífica, Panamá",,https://directorio.cliniweb.com/regulo-a-valdes-m,ya en base,"Nefrología, Medicina Interna",Panama,Cliniweb
Lucas De Leon Arosemena,Medicina Interna,deleonarosemena@yahoo.com,+507 6675-8916,Gastroenterología Adultos,Hospital Chiriquí,"David, Panamá. Planta Baja , modulo B , consultorio 9 - Ave. 3ra. y Calle Central",,https://directorio.cliniweb.com/lucas-deleon,ya en base,"Gastroenterología, Medicina Interna",Panama,Cliniweb
Ligia Y. Gonzalez T.,Medicina Interna,lygtobon@hotmail.com,+507 6675-6349,,CENTRO MÉDICO MAE LEWIS,"Ciudad de Panamá, Panamá. Vía InterAMÉRICAna David",,https://directorio.cliniweb.com/ligia-y-gonzalez-t,ya en base,"Geriatría, Medicina Interna",Panama,Cliniweb
Xiomara Anguizola,Medicina Interna,drs.anguizola@gmail.com,+507 6675-5563,,Dra. Xiomara Anguizola,"Ciudad de Panamá, Panamá. .",,https://directorio.cliniweb.com/xiomara-anguizola-2-anguizola,ya en base,Medicina Interna,Panama,Cliniweb
Carlos Roberto Tuñon,Medicina Interna,drcarlost@hotmail.com,+507 6675-5199,,HOSPITAL SANTA FE,"Panamá, Panamá. Av Simón Bolívar, Panamá",,https://directorio.cliniweb.com/carlos-roberto-tunon,ya en base,"Medicina Interna, Gastroenterología",Panama,Cliniweb
Felipe Antonio Rodríguez De León,Medicina Interna,felipaor@hotmail.com,+507 6674-9983,,Clínica Hospital San Fernando Policlínica Norte,"Ciudad de Panamá, Panamá. Piso 3. Consultorio 14. - Vía España. Frente al Registro Público.",,https://directorio.cliniweb.com/felipe-antonio-rodriguez-de-leon,ya en base,"Medicina Interna, Nefrología",Panama,Cliniweb
Victor Manuel Pinzón Yuil,Medicina Interna,dschrouder@hospitalsanfernando.com,+507 6674-8971,,Clínica Hospital San Fernando Inasa,"Ciudad de Panamá, Panamá. Avenida Central España, Pueblo Nuevo",,https://directorio.cliniweb.com/victor-manuel-pinzon-yuil,ya en base,"Neumología, Medicina Interna",Panama,Cliniweb
Juan Carlos Alcedo Velarde.,Medicina Interna,aclientes@chop.com.pa,+507 6673-6763,,Centro Hemato-oncológico Panamá.,"Ciudad de Panamá, Panamá. Piso 5, Torre B Sección B - Marbella, Calle 53, Consultorios Royal Center.",www.chop.com.pa,https://directorio.cliniweb.com/juan-alcedo,ya en base,"Oncología, Oncología, Oncología Médica, Medicina Interna",Panama,Cliniweb
Frank Ferro,Medicina Interna,hsf.agenda3a@gmail.com,+507 6673-2168,,HOSPITAL SANTA FE Hospital Santa Fe,"Ciudad de Panamá, Panamá. Piso 3, Consultorio 34 - Ave Frangipani y Simón Bolivar",www.hospitalsantafepanama.com/,https://directorio.cliniweb.com/franic-ferro,ya en base,"Geriatría, Medicina Interna",Panama,Cliniweb
Victor Manuel Pinzon Cuca,Medicina Interna,soporte@aspsoluciones.com,+507 6672-6579,,"CLINICA HOSPITAL SAN FERNANDO Clínica Hospital San Fernando, Inasa",", . Avenida Central España, Pueblo Nuevo",,https://directorio.cliniweb.com/victor-pinzon-cuca,ya en base,"Medicina Interna, Neumología",Panama,Cliniweb
Ninotchka Celina Mendoza Núñez,Medicina Interna,ninodoc@hotmail.com,+507 6672-3364,Transplante de médula ósea,Consultorios Punta Pacífica Consultorios Punta Pacífica,"Ciudad de Panamá, Panamá, . Piso 4 consultorio 413 Boulevard Pacífica y Vía Punta Darién",,https://directorio.cliniweb.com/ninotchka-celina-mendoza-nunez,ya en base,"Medicina Interna, Hematología",Panama,Cliniweb
Dimas Ariel Quiel Rodríguez,Medicina Interna,aclientes@chop.com.pa,+507 6672-2468,Transplante de médula ósea,Centro Hemato-oncológico Panamá.,"Ciudad de Panamá, Panamá. Piso 5, torre B, seccion B - Marbella, Calle 53, Consultorios Royal Center.",www.chop.com.pa,https://directorio.cliniweb.com/dimas-quiel,ya en base,"Hematología, Medicina Interna",Panama,Cliniweb
Julio Javier Santamaría Rubio,Medicina Interna,aclientes@chop.com.pa,+507 6672-0704,,Centro Hemato-oncológico Panamá.,"Ciudad de Panamá, Panamá. Piso 5, Torre B Sección B - Marbella, Calle 53, Consultorios Royal Center.",www.chop.com.pa,https://directorio.cliniweb.com/julio-santamaria,ya en base,"Oncología, Medicina Interna",Panama,Cliniweb
Jorge Arosemena,Medicina Interna,joenaro@cwpanama.net,+507 6672-0096,,Clínica Hospital San Fernando Consultorios Sur,"Ciudad de Panamá, Panamá. Piso 5. Consultorio 6. - Vía España. Frente al Registro Público.",,https://directorio.cliniweb.com/jorge-arosemena,ya en base,Medicina Interna,Panama,Cliniweb
Edgar Delgado,Medicina Interna,nefrodel07@hotmail.com,+507 6671-9107,,GRUPO MÉDICO ESPECIALIZADO,"Ciudad de Panamá, Panamá. Ave, Paseo Enrique Geenzier, Chitre",,https://directorio.cliniweb.com/edgar-delgado,ya en base,"Nefrología, Medicina Interna",Panama,Cliniweb
Fernando Antonio Rivera Chambonnet,Medicina Interna,frivera9@cwPANAMa.net,+507 6671-7110,,CLÍNICA HOSPITAL JESÚS NAZARENO,"Santiago, Panamá. Vía InterAMÉRICAna, Santiago, Santiago",,https://directorio.cliniweb.com/fernando-antonio-rivera-chambonnet,ya en base,"Medicina Interna, Neumología",Panama,Cliniweb
Carlos Montero,Medicina Interna,cmonteroosorio@hotmail.com,+507 6671-6618,," Hospitales Nacionales, S. A.","Ciudad de Panamá, Panamá. PANAMA, PANAMA",,https://directorio.cliniweb.com/carlos-montero,ya en base,"Hematología, Medicina Interna",Panama,Cliniweb
Carlos Martin Ballesteros Zarzavilla,Medicina Interna,drcabeza@hotmail.com,+507 6671-1564,, Brisas del Golf,"Ciudad de Panamá, Panamá. .",,https://directorio.cliniweb.com/carlos-ballesteros,ya en base,"Medicina Interna, Medicina Crítica y Terapia Intensiva, Medicina Intensiva",Panama,Cliniweb
Alcibiades Arjona C.,Medicina Interna,narjona_15@hotmail.com,+507 6631-3060,, CLÍNICA ARJONA,"Las Tablas, Panamá. Calle 6a Oeste, Panamá",,https://directorio.cliniweb.com/alcibiades-arjona-c,ya en base,Medicina Interna,Panama,Cliniweb
Mario J. Giron O.,Medicina Interna,giron51@yahoo.com,+507 6625-5723,,"ASSA COMPAÑIA DE SEGUROS, S.A. HOSPITAL CHIRIQUÍ",", Panamá. Ave. 3ra. Y Calle Central, Calle Central, David",,https://directorio.cliniweb.com/mario-j-giron-o,ya en base,"Nefrología, Medicina Interna",Panama,Cliniweb
Liberato González Sinay,Medicina Interna,liberato@cardio-team.com,+507 6619-6742,,Consultorios Punta Pacífica,"Ciudad de Panamá, Panamá, . Piso 8. Consultorio 818 - Boulevard Pacífica y Vía Punta Darién",www.cardio-team.com,https://directorio.cliniweb.com/liberato-gonzalez-sinay,ya en base,"Cardiología, Medicina Interna",Panama,Cliniweb
Antonio Aversa,Medicina Interna,antonioaxel09@gmail.com,+507 6618-8513,,Clínica Hospital San Fernando Centro Especializado,"Ciudad de Panamá, Panamá. Vía España. Frente al Registro Público.",,https://directorio.cliniweb.com/antonio-aversa,ya en base,"Medicina Interna, Medicina Crítica y Terapia Intensiva, Terapia Intensiva , Medicina Crítica y Terapia Intensiva, Medicina Crítica - Intensivista, Medicina Crítica y Terapia Intensiva, Medicina Intensiva",Panama,Cliniweb
Enrique Fernández,Medicina Interna,enriquefm1327@hotmail.com,+507 6618-4043,,Centro Medico Mae Lewis,"DAVID, Panamá. DAVID, CHIRIQUI",,https://directorio.cliniweb.com/enrique-fernandez,ya en base,"Gastroenterología, Medicina Interna",Panama,Cliniweb
Ricardo Díaz Fernández,Medicina Interna,aclientes@chop.com.pa,+507 6617-8754,,Centro Hemato-oncológico Panamá.,"Ciudad de Panamá, Panamá. Piso 5, Torre B Sección B - Marbella, Calle 53, Consultorios Royal Center.",www.chop.com.pa,https://directorio.cliniweb.com/ricardo-diaz,ya en base,"Hematología, Medicina Interna",Panama,Cliniweb
Eurikio Torrazza,Medicina Interna,hsf.agenda3a@gmail.com,+507 6617-8223,,HOSPITAL SANTA FE Hospital Santa Fe,"Ciudad de Panamá, Panamá. Piso 3, Consultorio 33 - Ave Frangipani y Simón Bolivar",www.hospitalsantafepanama.com/,https://directorio.cliniweb.com/euriko-torrazza,ya en base,"Gastroenterología, Medicina Interna",Panama,Cliniweb
Heliodoro Valderrama Alvarez,Medicina Interna,pibepana@yahoo.es,+507 6617-1201,, CENTRO MÉDICO INTERAMÉRICANO,"Santiago, Panamá. Vía Barbarena, InterAMÉRICAna, Santiago",,https://directorio.cliniweb.com/heliodoro-valderrama-alvarez,ya en base,Medicina Interna,Panama,Cliniweb
Roberto Elias Mitre Arjona,Medicina Interna,drrobertomitre@yahoo.com,+507 6616-6709,,The Panama Clinic Pacific Center,"Panamá, . Torre B Piso 25 Consultorio 2523 - Calle Ramon H. Jurado - Pacific Center",,https://directorio.cliniweb.com/dr-roberto-elias-mitre-arjona,ya en base,Medicina Interna,Panama,Cliniweb
Maximino Peña,Medicina Interna,maxgastro@yahoo.es,+507 6616-2172,,Clínica Hospital San Fernando Policlínica Norte,"Ciudad de Panamá, Panamá. Piso 5. Consultorio 12. - Vía España. Frente al Registro Público.",http://cegaspanama.net/index.php/dr-pena,https://directorio.cliniweb.com/maximino-pena,ya en base,"Gastroenterología, Medicina Interna",Panama,Cliniweb
Germán Espino L.,Medicina Interna,aclientes@chop.com.pa,+507 6615-8205,,Centro Hemato-oncológico Panamá.,"Ciudad de Panamá, Panamá. Piso 5, Torre B Sección B - Marbella, Calle 53, Consultorios Royal Center.",www.chop.com.pa,https://directorio.cliniweb.com/german-espino,ya en base,"Hematología, Medicina Interna",Panama,Cliniweb
Digna V. Diaz M.,Medicina Interna,ddiaz76@msn.com,+507 6615-6740,, MEDSTETIC,"Ciudad de Panamá, Panamá. Chalet 39, Calle 74 Este, San Francisco, Panamá",,https://directorio.cliniweb.com/digna-v-diaz-m,ya en base,Medicina Interna,Panama,Cliniweb
Justo Serrano Pimentel,Medicina Interna,jserrano@cwPANAMÁ.net,+507 6615-6266,,SERVICIOS MÉDICOS DE AZUERO,"Ciudad de Panamá, Panamá. Ave. Carmelo Spadafora, Chitré, Herrera, Panamá",,https://directorio.cliniweb.com/justo-serrano-pimentel,ya en base,"Infectología, Medicina Interna",Panama,Cliniweb
Guillermo Castillo Abrego,Medicina Interna,guillermo.castillo@neuroandcriticalcare.com,+507 6614-3504,Medicina Crítica, Consultorios Punta Pacífica,"Ciudad de Panamá, Panamá, . Piso 8. Consultorio 804 - Boulevard Pacífica y Vía Punta Darién",,https://directorio.cliniweb.com/guillermo-castillo-abrego,ya en base,Medicina Interna,Panama,Cliniweb
Paulina A Rognoni,Medicina Interna,paulinarog01@cwpanama.net,+507 6614-0786,,Clínica Hospital San Fernando Policlínica Norte,"Ciudad de Panamá, Panamá. Piso 5. Consultorio 3. - Vía España. Frente al Registro Público.",,https://directorio.cliniweb.com/paulina-a-rognoni,ya en base,"Cardiología, Medicina Interna",Panama,Cliniweb
Cándido Elias Amador Fernández,Medicina Interna,candidoamador@cableonda.net,+507 6613-8829,,Centro Médico Nacional,"Ciudad de Panamá, Panamá. Piso 3. consultorio 302 - Av Cuba y 39",,https://directorio.cliniweb.com/candido-amador,ya en base,"Medicina Interna, Medicina Crítica y Terapia Intensiva, Medicina Crítica - Intensivista, Medicina Crítica y Terapia Intensiva, Medicina Intensiva",Panama,Cliniweb
Benito Arturo Castillo Ríos,Medicina Interna,aclientes@chop.com.pa,+507 6613-7601,Hematología - Oncología,Centro Hemato-oncológico Panamá.,"Ciudad de Panamá, Panamá. Piso 5, torre B y sección B. - Marbella, Calle 53, Consultorios Royal Center.",www.chop.com.pa,https://directorio.cliniweb.com/benito-castillo,ya en base,"Hematología, Medicina Interna",Panama,Cliniweb
Alejandro Crismatt Zapata,Medicina Interna,aclientes@chop.com.pa,+507 6613-1162,Cirugía Oncológica,Centro Hemato-Oncológico Panama Centro Hemato-oncológico Panamá.,"Ciudad de Panamá, Panamá. Torre B Sección B, piso 5 - Marbella, Calle 53, Consultorios Royal Center.",www.chop.com.pa,https://directorio.cliniweb.com/alejandro-crismatt,ya en base,"Oncología, Oncología, Oncología Médica, Medicina Interna",Panama,Cliniweb
Fernando Luis Alfaro González,Medicina Interna,fernandoalfaro@cableonda.net,+507 6612-9477,"Terapia Intensiva, Medicina Crítica",Clínica Hospital San Fernando Centro Especializado,"Ciudad de Panamá, Panamá, . Piso 4. Consultorio 8. - Vía España. Frente al Registro Público.",,https://directorio.cliniweb.com/fernando-luis-alfaro-gonzalez,ya en base,"Medicina Interna, Medicina Crítica y Terapia Intensiva, Terapia Intensiva , Medicina Crítica y Terapia Intensiva, Medicina Intensiva",Panama,Cliniweb
Evelia Gómez Wong,Medicina Interna,neuroeve@yahoo.com,+507 6612-6359,,Clínica Hospital San Fernando Torre Norte,"Vista Hermosa, Panamá, . Via España",,https://directorio.cliniweb.com/evelia-gomez-wong,ya en base,"Neurofisiología, Neurofisiología Clínica, Neurología, Medicina Interna",Panama,Cliniweb
Johanna Lorena Guerra Santamaría,Medicina Interna,johanna1623@hotmail.com,+507 6611-8990,Endoscopía,Hospital Chiriquí Hospital Chiriqui,"David, Panamá. Torre Nueva, piso 5- consultorio 38  - Ave. 3ra. y Calle Central",www.hospitalchiriqui.com,https://directorio.cliniweb.com/johanna-guerra,ya en base,"Medicina Interna, Gastroenterología",Panama,Cliniweb
Fabio Jaramillo,Medicina Interna,info@ceditersa.com,+507 6611-1895,,Centro Médico Integral de Alta Especialidad,"Ciudad de Panamá, Panamá. Centro Mpedico Nacional .Piso 9 . Avenida Justo Arosemena y Calle 38 Este, Panamá",,https://directorio.cliniweb.com/fabiojaramilllo,ya en base,"Neumología, Medicina Interna",Panama,Cliniweb
Alexis Pinto,Medicina Interna,hsf.agenda3a@gmail.com,+507 6604-3179,,Hospital Santa Fe Hospital Santa Fe,"Ciudad de Panamá, Panamá. Piso 3, Consultorio 47 - Ave Frangipani y Simón Bolivar",www.hospitalsantafepanama.com/,https://directorio.cliniweb.com/alexis-pinto,ya en base,"Hematología, Medicina Interna",Panama,Cliniweb
Alexander Ballesteros R.,Medicina Interna,aballesteros@gruponephron.com,+507 6548-6510,Trasplante Renal,The Panama Clinic Clínica de Enfermedades Crónicas y Cuidados del Riñón / Chronic Disease And Kidney Care Clinic,"Ciudad de Panamá, Panamá. Pacific Center.  Entre Calle Ramón H. Jurado de Paitilla, el Boulevard de Punta Pacífica y el Corredor Sur.",www.gruponephron.com,https://directorio.cliniweb.com/alexander-ballesteros,ya en base,"Nefrología, Medicina Interna",Panama,Cliniweb
Francisco Vargas Calderón,Medicina Interna,fvargas@gruponephron.com,+507 6548-6510,Trasplante Renal,GRUPO NEPHRON S.A. Teleconsultas Grupo Nephron,"Ciudad de Panamá, Panamá. The Panama Clinic - Blvrd Pacífica 42-18",www.gruponephron.com/,https://directorio.cliniweb.com/francisco-vargas,ya en base,"Medicina Interna, Nefrología",Panama,Cliniweb
Eduardo Cortes,Medicina Interna,eduardocortes28284@gmail.com,+507 6537-5917,,Clínica Hospital  San Juan Bautista,"Chitré, Panamá. . - Manzana 060101 139-21, Chitré, Panamá",,https://directorio.cliniweb.com/eduardo-cortes,ya en base,"Gastroenterología, Medicina Interna",Panama,Cliniweb
Denisse Chú Montiel,Medicina Interna,dchumontiel@gmail.com,+507 6506-4092,,Hospital Paitilla Hospital Paitilla,"Panamá, Panamá. Endocrino Panmá, Planta Baja de los CMP - Avenida Balboa con calle 53",,https://directorio.cliniweb.com/denisse-chu-montiel,ya en base,"Endocrinología, Medicina Interna",Panama,Cliniweb
Guadalupe Pérez,Medicina Interna,info@endocrinopanama.com,+507 6506-4092,,Consultorios Médicos Paitilla Clinica Dra. Guadalupe Pérez.,"Ciudad de Panamá, Panamá. Planta Baja. Local 9 - Avenida Balboa y Calle 53",www.endocrinopanama.com,https://directorio.cliniweb.com/guadalupe-perez,ya en base,"Endocrinología, Medicina Interna",Panama,Cliniweb
Omar Orlando Castillo Fernández,Medicina Interna,hsf.agenda3b@gmail.com,+507 6480-7461,Oncología Médica,HOSPITAL SANTA FE Hospital Santa Fe,"Ciudad de Panamá, Panamá. Piso 3, Consultorio 47 - Ave Frangipani y Simón Bolivar",,https://directorio.cliniweb.com/omar-orlando-castillo-fernandez,ya en base,"Oncología, Medicina Interna, Oncología, Oncología Médica",Panama,Cliniweb
Josue Morales M.,Medicina Interna,josuemoralesm@hotmail.com,+507 6480-5022,,CENTRO MÉDICO INTEGRAL HOSPITAL NACIONAL,"Ciudad de Panamá, Panamá. Avenida Justo Arosemena &, Calle 38 Este, Panamá",,https://directorio.cliniweb.com/josue-morales-m,ya en base,"Geriatría, Medicina Interna",Panama,Cliniweb
Guillermo E. Morrison.,Medicina Interna,consultoriomorrisonlee@yahoo.com,+507 6347-1932,,Clínica Hospital San Fernando Centro Especializado,"Ciudad de Panamá, Panamá. Piso 7. Consultorio 714 - Vía España, Frente al Registro Público.",,https://directorio.cliniweb.com/guillermo-morrison,ya en base,"Cardiología, Cardiología Intervencionista, Cardiología Intervencionista y Hemodinamia, Cardiología Intervencionista, Medicina Interna",Panama,Cliniweb
LUIS SERVIN-ABAD,Medicina Interna,Servingastro@gmail.com,+507 6326-6330,"Hepatología, Endoscopía Avanzada (incluyendo ultrasonido endoscópico y CPRE)",The Panama Clinic Pacific Center,"Ciudad de Panamá, Panamá. Torre B. Piso 25. Consultorio 2515 - Calle Ramon H. Jurado . Paitilla",,https://directorio.cliniweb.com/luis-servin,ya en base,"Gastroenterología, Medicina Interna",Panama,Cliniweb
Rafael A. Pérez Carillo,Medicina Interna,rperez_carillo@hotmail.com,+507 6266-1751,, Centro Especializado,"Ciudad de Panamá, Panamá. - Vía España. Frente al Registro Público.",,https://directorio.cliniweb.com/rafael-a-perez-carillo,ya en base,"Medicina Interna, Nefrología",Panama,Cliniweb
Lilia Bernal Coronado,Medicina Interna,bernalcoronado@gmail.com,+507 6254-5178,,Consultorios Punta Pacífica Consultorio Dra. Lilia Bernal,"Ciudad de Panamá, Panamá. Piso 4, consultorio 415- Boulevard Pacífica y Vía Punta Darién",,https://directorio.cliniweb.com/lilia-bernal,ya en base,"Neumología, Medicina Interna",Panama,Cliniweb
Carlos Iván Ríos Del Cid,Medicina Interna,rioselmd@gmail.com,+507 6236-4889,"Terapia Intensiva, Medicina Crítica - Intensivista",Clínica Hospital San Fernando Centro Especializado,"Ciudad de Panamá, Panamá. Vía España. Frente al Registro Público",,https://directorio.cliniweb.com/carlos-riosdelcid,ya en base,Medicina Interna,Panama,Cliniweb
Lizeth A. Pinilla Aguilar,Medicina Interna,lizethapinilla@yahoo.com,+507 6233-9826,, CLÍNICA Y SERVICIOS HOSPITALARIOS PANAMÉRICANOS,"Ciudad de Panamá, Panamá. La Chorrera, Calle Santa Rita y Calle El Carmen, frente a la Iglesia San Francisco de Paula, Panamá Oeste, Panamá",,https://directorio.cliniweb.com/lizeth-a-pinilla-aguilar,ya en base,Medicina Interna,Panama,Cliniweb
Enid Del Carmen Ferguson Ch.,Medicina Interna,efer22@hotmail.com,+507 6230-3332,, CENTRO ESPECIALIZADO SAN FERNANDO - PEDIÁTRICO,"Ciudad de Panamá, Panamá. Vía España. Frente al Registro Público.",,https://directorio.cliniweb.com/enid-del-carmen-ferguson-ch,ya en base,Medicina Interna,Panama,Cliniweb
Rigoberto Cerrud González,Medicina Interna,cerrudr@aol.com,+507 6215-3939,,Clínica Hospital San Fernando Centro Especializado,"Ciudad de Panamá, Panamá. Piso 9. Consultorio 10. - Vía España. Frente al Registro Público.",,https://directorio.cliniweb.com/rigoberto-cerrud,ya en base,"Medicina Crítica y Terapia Intensiva, Medicina Crítica y Terapia Intensiva, Medicina Crítica - Intensivista, Medicina Crítica y Terapia Intensiva, Medicina Intensiva, Medicina Interna",Panama,Cliniweb
Juan Carlos Villarreal R.,Medicina Interna,jcvillarreal20@gmail.com,+507 6099-7754,"Medicina Crítica - Intensivista, Emergenciología",CENTRO MÉDICO PAITILLA,"Ciudad de Panamá, Panamá. Avenida Balboa con calle 53, Panamá",,https://directorio.cliniweb.com/juan-carlos-villarreal-r,ya en base,"Medicina Interna, Internista, Medicina Preventiva, Medicina Crítica y Terapia Intensiva, Medicina Crítica - Intensivista",Panama,Cliniweb
Lineth López,Medicina Interna,aclientes@chop.com.pa,+507 6090-9253,Transplante de médula ósea,Centro Hemato-oncológico Panamá.,"Ciudad de Panamá, Panamá. Piso 5, Torre B Seccio B - Marbella, Calle 53, Consultorios Royal Center.",www.chop.com.pa,https://directorio.cliniweb.com/lineth-lopez,ya en base,"Hematología, Medicina Interna",Panama,Cliniweb
Lute Del Carmen Galván,Medicina Interna,dra.lutegalvan09@gmail.com,+507 441-4420,Endoscopía Digestiva,Centro Médico del Caribe Centro Médico del Caribe,"Colón, Panamá. 205 - Calle 12 y Roosevelt",,https://directorio.cliniweb.com/dra-lute-galvan,ya en base,"Gastroenterología, Medicina Interna",Panama,Cliniweb
Edwin Beliz,Medicina Interna,belizmd79@hotmail.com,+507 441-4420,,Centro Médico del Caribe  Centro Médico del Caribe,"Colón, Panamá. Planta Baja , consultorio 201. - Calle 12 y Roosevelt",www.centromedicodelcaribe.com/,https://directorio.cliniweb.com/edwin-beliz,ya en base,"Cardiología, Medicina Interna",Panama,Cliniweb
Luis Enrique Rodríguez Molinar,Medicina Interna,luis_24_mx@yahoo.com.mx,+507 441-4420,,Centro Médico del Caribe  Centro Médico del Caribe,"Colón, Panamá. Calle 12 y Roosevelt",,https://directorio.cliniweb.com/luis-enrique-rodriguez-molinar,ya en base,Medicina Interna,Panama,Cliniweb
Alejandra Judith Loban,Medicina Interna,alejandraloban@gmail.com,+507 441-4420,Especialista en Enfermedades Infecciosas,Centro Médico del Caribe  Centro Médico del Caribe,"Colón, Panamá. Planta Baja, consultorio 210. - Calle 12 y Roosevelt",www.centromedicodelcaribe.com,https://directorio.cliniweb.com/alejandra-loban,ya en base,"Medicina Interna, Infectología",Panama,Cliniweb
Salomon Morales,Medicina Interna,consultorios@cmcaribe.com,+507 441-4420,,Centro Médico del Caribe  Centro Médico del Caribe,"Colón, Panamá. Calle 12 y Roosevelt",,https://directorio.cliniweb.com/salomon-morales,ya en base,Medicina Interna,Panama,Cliniweb
Paul Alexander Muñoz Ezquivel,Medicina Interna,paulalexanderme@hotmail.com,+507 399-7090,,Centro Especializado San Fernando,"Ciudad de Panamá, Panamá. Via España",,https://directorio.cliniweb.com/paul-munoz,ya en base,"Medicina Crítica y Terapia Intensiva, Medicina Intensiva, Medicina Crítica y Terapia Intensiva, Medicina Crítica, Medicina Interna",Panama,Cliniweb
Nelson Ferrer,Medicina Interna,administracion@cmmhpp.com,+507 396-5126,Medicina del Sueño,Consultorios Pacífica Salud,"Ciudad de Panamá, Panamá, . Boulevard Pacífica y Vía Punta Darién",,https://directorio.cliniweb.com/nelson-ferrer,ya en base,"Medicina Crítica y Terapia Intensiva, Medicina Interna, Neumología",Panama,Cliniweb
Giselle Halphen,Medicina Interna,info@cmschpp.com,+507 396-5126,,Consultorios Punta Pacífica,"Ciudad de Panamá, Panamá. Piso 3. Consultorio 308 - Boulevard Pacífica y Vía Punta Darién",,https://directorio.cliniweb.com/giselle-halphen,ya en base,Medicina Interna,Panama,Cliniweb
Antonio Cachafeiro Vilar,Medicina Interna,ancach@hotmail.com,+507 396-4845,,Consultorios Punta Pacífica,"Ciudad de Panamá, Panamá, . Boulevard Pacífica y Vía Punta Darién",,https://directorio.cliniweb.com/antonio-cachafeiro-vilar,ya en base,"Medicina Interna, Reumatología",Panama,Cliniweb
Nelson Novarro Escudero,Medicina Interna,nnovarrojr@hotmail.com,+507 396-4845,, Consultorios Pacífica Salud,"Ciudad de Panamá, Panamá, . Boulevard Pacífica y Vía Punta Darién",,https://directorio.cliniweb.com/nelson-novarro-escudero,ya en base,"Medicina Interna, Neurología",Panama,Cliniweb
Enrique Julio Giraldo Ho,Medicina Interna,dregiraldo@gmail.com,+507 396-4845,,Consultorios Punta Pacífica Pacifica Salud,"Ciudad de Panamá, Panamá. Consultorio 207 - Boulevard Punta Pacifica y Punta Darién",,https://directorio.cliniweb.com/enrique-julio-giraldo-ho,ya en base,"Reumatología, Medicina Interna",Panama,Cliniweb
Fernanda Picardi.,Medicina Interna,clinicadeoncologia@yahoo.com,+507 396-0381,"Oncología Médica, Transplante de médula ósea",Clínica Hospital San Fernando Clínica de Oncología,"Ciudad de Panamá, Panamá. Vía España. Frente al Registro Público.",,https://directorio.cliniweb.com/fernanda-picardi,ya en base,"Medicina Interna, Oncología, Oncología Médica, Oncología",Panama,Cliniweb
Al Alonso Bosquez,Medicina Interna,alboslo24@gmail.com,+507 395-7288,, CLINICA HOSPITAL JESUS NAZARENO,"SANTIAGO, Panamá. SANTIAGO, VERAGUAS",,https://directorio.cliniweb.com/al-alonso-bosquez,ya en base,Medicina Interna,Panama,Cliniweb
Benigno Antonio Quintero Morán,Medicina Interna,hsf.agenda1@gmail.com,+507 391-1962,,Clínica Hospital San Fernando Policlínica Norte,"Ciudad de Panamá, Panamá, . Piso PB. Consultorio 2. - Vía España. Frente al Registro Público.",www.hospitalsantafepanama.com,https://directorio.cliniweb.com/benigno-quintero,ya en base,"Cardiología, Cardiología Intervencionista, Cardiología Intervencionista y Hemodinamia, Medicina Interna",Panama,Cliniweb
Francisco Antonio Medina Mosley,Medicina Interna,consultorio@clinicamedinarodriguez.com,+507 390-3154,,Clínica Hospital San Fernando Centro Especializado,"Ciudad de Panamá, Panamá. Vía España. Frente al Registro Público.",https://www.clinicamedinarodriguez.com,https://directorio.cliniweb.com/francisco-medina,ya en base,"Geriatría, Geriatría y Gerontología, Medicina Interna, Geriatría",Panama,Cliniweb
Julissa Lombardo Quezada,Medicina Interna,Doctoradelhigado@gmail.com,+507 374-8580,Hepatología,GASTROINTESTINAL AND LIVER INSTITUTE,"Ciudad de Panamá, Panamá. 30601-04, C. 65 1/2 Este 30601-04, Panamá",,https://directorio.cliniweb.com/julissa-lombardo-quezada,ya en base,"Gastroenterología, Medicina Interna",Panama,Cliniweb
Yaricelys Bravo,Medicina Interna,yaricelysbravo@hotmail.com,+507 374-5543,,Consultorios Punta Pacífica Consultorios Punta Pacífica,"Ciudad de Panamá, Panamá. Panamá",,https://directorio.cliniweb.com/dra-yariselys-bravo-1,ya en base,"Neumología, Medicina Interna",Panama,Cliniweb
José Luis Santamaría Castillo,Medicina Interna,joseluis13389@gmail.com,+507 366-0000,, Centro Médico Especializado San Fernando,"Ciudad de Panamá, Panamá. Vía España",,https://directorio.cliniweb.com/joseluis-santamaria,ya en base,Medicina Interna,Panama,Cliniweb
Felipe Sanchez,Medicina Interna,drfelipesanchez0188@gmail.com,+507 360-7400,"Terapia Intensiva, Medicina Crítica",Hospital Santa Fe Hospital Santa Fe,"Ciudad de Panamá, Panamá. Cuidados Intensivos - Ave Frangipani y Simón Bolivar",www.hospitalsantafepanama.com,https://directorio.cliniweb.com/felipe-sanchez,ya en base,Medicina Interna,Panama,Cliniweb
Manuel Pereira V.,Medicina Interna,x@x.com,+507 340-9994,,"ALESIG PHARMA, S.A.","Ciudad de Panamá, Panamá. PANAMA, PANAMA",,https://directorio.cliniweb.com/manuel-pereira-v,ya en base,Medicina Interna,Panama,Cliniweb
Katiana Castillo,Medicina Interna,infodrakatianacastillo@gmail.com,+507 310-9926,,The Panama Clinic Pacific Center,"Ciudad de Panamá, Panamá. Torre B, piso 26, consultorio 2618 - Calle Ramón H. Jurado - Pacific Center",www.vacunarpanama.com,https://directorio.cliniweb.com/katiana-castillo,ya en base,Medicina Interna,Panama,Cliniweb
Abdiel Quintero Vega,Medicina Interna,abdielquinterovega086@gmail.com,+507 310-9925,Transplante de médula ósea,The Panama Clinic Pacific Center,"Ciudad de Panamá, Panamá. Torre B piso 25 consultorio 2500. - Calle Ramon H. Jurado- Pacific Center",,https://directorio.cliniweb.com/dr-abdiel-quintero,ya en base,"Hematología, Medicina Interna",Panama,Cliniweb
Paulo Barrera,Medicina Interna,pbarrerap@hotmail.com,+507 310-9924,,The Panama Clinic Pacific Center,"Ciudad de Panamá, Panamá. Torre B piso 24 consultorio 2410 - Calle Ramon H. Jurado - Pacific Center",,https://directorio.cliniweb.com/paulo-barrera,ya en base,"Alergología e Inmunología, Alergología, Medicina Interna",Panama,Cliniweb
Augusto Hernández Medina,Medicina Interna,ar.hernandez@yahoo.com,+507 310-2403,Medicina Crítica,"The Panama Clinic, Torre B Centro de Especialidades Integradas SA","Ciudad de Panamá, Panamá. Calle Ramon Jurado, Pacific Center, Torre B, Piso 24, Oficina 2403",,https://directorio.cliniweb.com/dr-augusto-hernandez,ya en base,"Medicina Interna, Medicina Crítica y Terapia Intensiva, Medicina Intensiva",Panama,Cliniweb
José Rafael Solís Toala,Medicina Interna,jrsolist@gmail.com,+507 309-8229,,Consultorios Punta Pacífica Hospital Pacífica Salud,"Ciudad de Panamá, Panamá. San Francisco",,https://directorio.cliniweb.com/jose-solis,ya en base,"Medicina Interna, Cardiología",Panama,Cliniweb
Carlos Alberto Ureña Cedeño,Medicina Interna,urena@cardio-team.com,+507 309-8229,, Cardioteam,"Ciudad de Panamá, Panamá. Boulevard Pacífica y Vía Punta Darién",https://cardioteam.medic.site/,https://directorio.cliniweb.com/dr-carlos-urena,ya en base,"Cardiología, Medicina Interna",Panama,Cliniweb
Carlos Alberto Viggiano Vega,Medicina Interna,carlos.viggiano@hotmail.com,+507 305-6350,,Clínica Hospital San Fernando Policlínica Norte,"Ciudad de Panamá, Panamá, . Piso 5. Consultorio 12. - Vía España. Frente al Registro Público.",,https://directorio.cliniweb.com/carlos-alberto-viggiano-vega,ya en base,"Medicina Interna, Nefrología",Panama,Cliniweb
Eric Martín Ortíz Núñez,Medicina Interna,eric_ortiz01@hotmail.com,+507 305-6350,,Clínica Hospital San Fernando Consultorios Sur,"Ciudad de Panamá, Panamá. Piso 5. Consultorio 7. - Vía España. Frente al Registro Público.",,https://directorio.cliniweb.com/eric-martin-ortiz-nunez1,ya en base,"Gastroenterología, Medicina Interna",Panama,Cliniweb
Ricardo M. Sandoval,Medicina Interna,info@mapfre.com.pa,+507 291-8104,, Consultorio Dr. Ricardo M. Sandoval,"Ciudad de Panamá, Panamá. SAN FRANCISCO, SAN FRANCISCO,",,https://directorio.cliniweb.com/ricardo-m-sandoval,ya en base,Medicina Interna,Panama,Cliniweb
José Anastacio Manzanares Marín,Medicina Interna,arjomm@cwpanama.net,+507 278-6608,,Clínica Hospital San Fernando Centro Especializado,"Ciudad de Panamá, Panamá, . Piso 8. Consultorio 2. - Vía España. Frente al Registro Público.",,https://directorio.cliniweb.com/jose-anastacio-manzanares-marin,ya en base,"Medicina Interna, Nefrología",Panama,Cliniweb
Ignacio Veliz Centella,Medicina Interna,iveliz.md@gmail.com,+507 278-6603,,Clínica Hospital San Fernando Centro Especializado,"Ciudad de Panamá, Panamá, . Vía España. Frente al Registro Público.",,https://directorio.cliniweb.com/ignacio-veliz-centella,ya en base,Medicina Interna,Panama,Cliniweb
Yong P. Loo Lau,Medicina Interna,yongloo@hopepanama.com,+507 278-6603,,Clínica Hospital San Fernando Centro Especializado,"Ciudad de Panamá, Panamá, . Vía España. Frente al Registro Público. Edificio Centro Especializado.",,https://directorio.cliniweb.com/yong-p-loo-lau,ya en base,"Oncología, Medicina Interna",Panama,Cliniweb
Erick Araúz Romero,Medicina Interna,erick_alexarauz@hotmail.com,+507 278-6603,,Clínica Hospital San Fernando Centro Especializado San Fernando,"Ciudad de Panamá, Panamá. Vía España. Frente al Registro Público.",,https://directorio.cliniweb.com/dr-erik-arauz,ya en base,"Medicina Interna, Oncología",Panama,Cliniweb
Enid Ferguson,Medicina Interna,efer2222@gmail.com,+507 278-6600,,Centro Especializado San Fernando Centro Especializado San Fernando,"Ciudad de Panamá, Panamá. Vía España. Frente al Registro Público.",,https://directorio.cliniweb.com/enid-ferguson,ya en base,"Cardiología, Medicina Interna",Panama,Cliniweb
Juan Domingo Barrios Matamoros,Medicina Interna,barrios@cwpanama.net,+507 278-6600,,Clínica Hospital San Fernando Centro Especializado,"Ciudad de Panamá, Panamá, . Vía España. Frente al Registro Público.",,https://directorio.cliniweb.com/juan-domingo-barrios-matamoros,ya en base,Medicina Interna,Panama,Cliniweb
Alexis E. Morón Malek,Medicina Interna,alexmmpa@hotmail.com,+507 278-6500,,Clínica Hospital San Fernando Centro Especializado,"Ciudad de Panamá, Panamá. Vía España. Frente al Registro Público.",,https://directorio.cliniweb.com/alexis-moron,ya en base,"Cardiología, Medicina Interna",Panama,Cliniweb
Gustavo Olaciregui,Medicina Interna,golacireguie@gmail.com,+507 277-7600,, Consultorio Dr. Gustavo Olaciregui,"Ciudad de Panamá, Panamá. BETHANIA, ALTO DE BETHANIA,",,https://directorio.cliniweb.com/gustavo-olaciregui,ya en base,Medicina Interna,Panama,Cliniweb
Randall Dayan Wittgreen Gonzalez,Medicina Interna,randallwittgreen@gmail.com,+507 268-1893,Medicina Crítica,Ministerio de Salud Hosp. Santo Tomas,"Ciudad de Panamá, Panamá.",,https://directorio.cliniweb.com/randall-dayan-wittgreen-gonzalez,ya en base,"Medicina Crítica y Terapia Intensiva, Medicina Intensiva, Medicina Interna",Panama,Cliniweb
Joel Moreno Ríos,Medicina Interna,aclientes@chop.com.pa,+507 265-2233,,Centro Hemato-oncológico Panamá.,"Ciudad de Panamá, Panamá. Piso 5, Torre B Sección B - Marbella, Calle 53, Consultorios Royal Center.",www.chop.com.pa,https://directorio.cliniweb.com/joel-moreno,ya en base,"Oncología, Oncología, Oncología Médica, Medicina Interna",Panama,Cliniweb
José Luis Franceschi,Medicina Interna,aclientes@chop.com.pa,+507 265-2231,"Transplante de médula ósea, Trasplante de Médula Ósea",Centro Hemato-oncológico Panamá. Consultorios Royal Center,"Ciudad de Panamá, Panamá. Piso 5. Torre B. Sección B - Marbella, calle 53",www.chop.com.pa,https://directorio.cliniweb.com/joseluis-franceschi,ya en base,"Hematología, Medicina Interna",Panama,Cliniweb
Cesar Cuero Zambrano,Medicina Interna,ccuero@cwpanama.net,+507 263-3356,,Consultorios Royal Ctr,"Ciudad de Panamá, Panamá. BELLA VISTA, MARBELLA, CALLE 52, CONSULTORIOS ROYAL CTR EDIFICIO",,https://directorio.cliniweb.com/cesar-cuero-zambrano,ya en base,"Nefrología, Medicina Interna",Panama,Cliniweb
Guillermo Kennion Rodríguez,Medicina Interna,gkennion@gmail.com,+507 261-5161,,Pacifica Salud,"Ciudad de Panamá, Panamá. PANAMA, PANAMA",,https://directorio.cliniweb.com/guillermo-kennion-rodriguez,ya en base,"Infectología, Medicina Interna",Panama,Cliniweb
Eric Javier Ulloa Isaza,Medicina Interna,ejulloa@cableonda.net,+507 229-9728,,Clínica Hospital San Fernando Centro Especializado,"Ciudad de Panamá, Panamá, . Vía España. Frente al Registro Público.",,https://directorio.cliniweb.com/eric-javier-ulloa-isaza,ya en base,Medicina Interna,Panama,Cliniweb
Esther María Chang,Medicina Interna,echangm@hotmail.com,+507 229-6721,,Clínica Hospital San Fernando Centro Especializado,"Ciudad de Panamá, Panamá. Vía España. Frente al Registro Público.",.,https://directorio.cliniweb.com/-,ya en base,Medicina Interna,Panama,Cliniweb
Carlos M. Rodríguez Centella,Medicina Interna,ceho_sf@cwpanama.net,+507 229-6610,,Clínica Hospital San Fernando Centro Especializado,"Ciudad de Panamá, Panamá. Piso 3. Consultorio 1. - Vía España. Frente al Registro Público.",,https://directorio.cliniweb.com/carlos-manuel-rodriguez-centella,ya en base,"Hematología, Medicina Interna",Panama,Cliniweb
Johanna Morris Valdés,Medicina Interna,johannamorris@gmail.com,+507 229-6610,,Clínica Hospital San Fernando Centro Especializado,"Ciudad de Panamá, Panamá, . Piso 3. - Vía España. Frente al Registro Público.",,https://directorio.cliniweb.com/johanna-morris,ya en base,"Hematología, Medicina Interna",Panama,Cliniweb
Pablo E. Fletcher,Medicina Interna,drfletcher.pablo@gmail.com,+507 229-1727,,Clínica Hospital San Fernando Centro Especializado,"Ciudad de Panamá, Panamá. Vía España. Frente al Registro Público.",,https://directorio.cliniweb.com/pablo-fletcher,ya en base,"Medicina Interna, Endocrinología",Panama,Cliniweb
Juan Pablo Byrne,Medicina Interna,JUANPABLOBYRNE@GMAIL.COM,+507 229-0634,,Clínica Hospital San Fernando CLINICA HOSPITAL SAN FERNANDO,", . - Vía España. Frente al Registro Público. INASA",www.inasapanama.com,https://directorio.cliniweb.com/juan-pablo-byrne,ya en base,"Medicina Interna, Neumología",Panama,Cliniweb
Ángel Martín Wong Jaén,Medicina Interna,angelmwongj@hotmail.com,+507 227-5444,, Hospital Nacional,"Ciudad de Panamá, Panamá. BELLA VISTA, BELLA VISTA, CLINICA HOSPITAL NACIONAL",,https://directorio.cliniweb.com/angel-martin-wong-jaen,ya en base,"Gastroenterología, Medicina Interna",Panama,Cliniweb
Lillanis D. Montilla,Medicina Interna,hsf.agenda2@gmail.com,+507 227-4733,,Hospital Santa Fe Hospital Santa Fe,"Ciudad de Panamá, Panamá. Piso 2, Consultorio 15 - Ave Frangipani y Simón Bolivar",www.hospitalsantafepanama.com/,https://directorio.cliniweb.com/lillianis-montilla,ya en base,Medicina Interna,Panama,Cliniweb
Fernando Millan,Medicina Interna,hsf.agenda2@gmail.com,+507 227-4733,,HOSPITAL SANTA FE Hospital Santa Fe,"Ciudad de Panamá, Panamá. Piso 2, Consultorio 15 - Ave Frangipani y Simón Bolivar",www.hospitalsantafepanama.com/,https://directorio.cliniweb.com/fernando-millan,ya en base,Medicina Interna,Panama,Cliniweb
Raúl Eduardo Jiménez,Medicina Interna,nfo@cediterpuntapacifica.com,+507 209-5632,,"Cediter, S.a.","Ciudad de Panamá, Panamá. Hospital Nacional - Ave Cuba y 39",,https://directorio.cliniweb.com/raul-jimenez,ya en base,"Neumología, Medicina Interna",Panama,Cliniweb
Régulo Valdés Miranda,Medicina Interna,agendadrregulovaldes@gmail.com,+507 206-2599,Trasplante Renal,Consultorios Punta Pacífica,"Ciudad de Panamá, Panamá, . Boulevard Pacífica y Vía Punta Darién",,https://directorio.cliniweb.com/regulo-valdes,ya en base,"Medicina Interna, Nefrología",Panama,Cliniweb
Rosendo Gonzalez Gomis,Medicina Interna,administracion@clinicaerofer.com,+507 206-2598,,Consultorios Médicos Paitilla Clínica Dr. Rosendo Gonzalez,"Ciudad de Panamá, Panamá. Piso 3 Sur, consultorios 331-332. - Avenida Balboa y Calle 53",www.cmpaitilla.net,https://directorio.cliniweb.com/rosendo-gonzalez,ya en base,"Gastroenterología, Medicina Interna",Panama,Cliniweb
Efraín Pérez Pinzón,Medicina Interna,eperezpinzon@gmail.com,+507 206-2589,,Consultorios Médicos Paitilla Consultorios Médicos Paitilla,"Ciudad de Panamá, Panamá. Piso 6 Norte , consultorio 603. - Avenida Balboa y Calle 53",www.cmpaitilla.net,https://directorio.cliniweb.com/efrain-perez,ya en base,Medicina Interna,Panama,Cliniweb
Julio Joel Jaramillo Ramos,Medicina Interna,infoseguros@mapfre.com.pa,+507 206-2589,, Centro Medico Paitilla,"Ciudad de Panamá, Panamá. PANAMA, PANAMA",,https://directorio.cliniweb.com/julio-joel-jaramillo-ramos,ya en base,Medicina Interna,Panama,Cliniweb
Viterbo Osorio Espino,Medicina Interna,vittyoso@cableonda.net,+507 206-2585,,Consultorios Médicos Paitilla Consultorios Médicos Paitilla,"Ciudad de Panamá, Panamá. Piso 4 Sur, consultorio 431 - Avenida Balboa y Calle 53",www.cmpaitilla.net,https://directorio.cliniweb.com/viterbo-osorio,ya en base,"Geriatría, Medicina Interna",Panama,Cliniweb
Rafael Adolfo Restrepo Preciado,Medicina Interna,recepcion3s@consultoriospaitilla.com,+507 206-2481,Cuidados intensivos de adulto,Consultorios Médicos Paitilla Consultorios Médicos Paitilla,"Ciudad de Panamá, Panamá. Piso 3 Sur , consultorio 321-322 - Avenida Balboa y Calle 53",www.cmpaitilla.net,https://directorio.cliniweb.com/rafael-restrepo,ya en base,"Neumología, Medicina Interna y Crítica, Medicina Interna",Panama,Cliniweb
Daniel Abouganem,Medicina Interna,ctdiabetes@cwpanama.net,+507 204-8555,, Consultorios Pacífica Salud,"Ciudad de Panamá, Panamá. Boulevard Pacífica y Vía Punta Darién",www.panamasindiabetes.com,https://directorio.cliniweb.com/daniel-abouganem,ya en base,"Medicina Interna, Endocrinología",Panama,Cliniweb
Norberto Javier Calzada Meana,Medicina Interna,cardiologospanama@gmail.com,+507 204-8538,,Consultorios Punta Pacífica,"Ciudad de Panamá, Panamá. Piso 1. Consultorio 157 - Boulevard Pacífica y Vía Punta Darién",www.cardiologos.com,https://directorio.cliniweb.com/norberto-calzada,ya en base,"Medicina Interna, Cardiología, Cardiología Intervencionista",Panama,Cliniweb
Roberto Iván López,Medicina Interna,oncopp@cwpanama.net,+507 204-8374,,Consultorios Punta Pacífica,"Ciudad de Panamá, Panamá. Piso 4. Consultorio 412, 413 - Boulevard Pacífica y Vía Punta Darién",,https://directorio.cliniweb.com/roberto-ivan-lopez,ya en base,"Medicina Interna, Oncología",Panama,Cliniweb
Darío Flores Figueroa,Medicina Interna,ceimi65@yahoo.com,+507 204-8318,, Consultorios Pacífica Salud,"Ciudad de Panamá, Panamá, . Boulevard Pacífica y Vía Punta Darién",,https://directorio.cliniweb.com/dario-flores-figueroa,ya en base,"Infectología, Medicina Interna",Panama,Cliniweb
José Modesto Dutari Valdés,Medicina Interna,jmdutari@hotmail.com,+507 204-8318,,Consultorios Punta Pacífica Consultorios Punta Pacífica,"Ciudad de Panamá, Panamá, . Piso 8. Consultorio 825 - Boulevard Pacífica y Vía Punta Darién",,https://directorio.cliniweb.com/jose-modesto-dutari-valdes,ya en base,"Gastroenterología, Medicina Interna",Panama,Cliniweb
Anadí Alexandra Broce Cossu,Medicina Interna,aclientes@chop.com.pa,+507 204-8318,,Consultorios Punta Pacífica Consultorios Punta Pacífica,"Ciudad de Panamá, Panamá, . Boulevard Pacífica y Vía Punta Darién",,https://directorio.cliniweb.com/anadi-broce,ya en base,"Medicina Interna, Hematología",Panama,Cliniweb
Alberto Arrocha,Medicina Interna,cardiologospanama@gmail.com,+507 204-8282,,Consultorios Punta Pacífica,"Ciudad de Panamá, Panamá. Piso 1. Consultorio 136 - Boulevard Pacífica y Vía Punta Darién",www.cardiologos.com,https://directorio.cliniweb.com/alberto-arrocha,ya en base,"Cardiología, Medicina Interna",Panama,Cliniweb
Gabriel Frago,Medicina Interna,gabrielfrago@pacifica.com,+507 204-8282,,Consultorios Punta Pacífica,"Ciudad de Panamá, Panamá, . Piso 1. Consultorio 136 - Boulevard Pacífica y Vía Punta Darién",,https://directorio.cliniweb.com/gabriel-frago,ya en base,"Cardiología, Medicina Interna",Panama,Cliniweb
Luis Ernesto Lambraño Sanchez,Medicina Interna,llambrano89@gmail.com,,,Clínica Hospital San Fernando Centro Especializado,"Ciudad de Panamá, Panamá. Piso 7. Consultorio 5. - Vía España. Frente al Registro Público.",,https://directorio.cliniweb.com/LUIS-ERNESTO-LAMBRANO-SANCHEZ,ya en base,"Gastroenterología, Medicina Interna",Panama,Cliniweb
María Vargas,Medicina Interna,respirartepanama@gmail.com,,,,,,https://directorio.cliniweb.com/maria-vargas,ya en base,"Medicina Interna, Neumología",Panama,Cliniweb
Ramiro Da Silva Rodríguez,Medicina Interna,drramirodasilva@gmail.com,,Endoscopía Digestiva,Centro Medico Nacional,", . Tercer Piso – Consultorio 311– Ubicado en Ave. Justo Arosemena y Calle 38 Este",,https://directorio.cliniweb.com/ramiro-dasilva,ya en base,"Medicina Interna, Gastroenterología",Panama,Cliniweb
Orlando Quiros,Medicina Interna,citas@gastroasociados.com,,,,,,https://directorio.cliniweb.com/gastroenterologos-asociados,ya en base,"Medicina Interna, Gastroenterología",Panama,Cliniweb
Lorena Noriega Aguirre,Medicina Interna,lonoriega@gmail.com,,,Hospital Nacional,", . Av Cuba y Calle 39, Edificio del Centro Médico de Alta Especialidad, Piso 9 oficina 5",www.ceditersa.com,https://directorio.cliniweb.com/lorena-noriega,ya en base,"Neumología, Medicina Interna",Panama,Cliniweb
Olmedo Villarreal,Medicina Interna,villarreal.md@hotmail.com,,,Consultorios America,"Ciudad de Panamá, Panamá. Piso 7 consultorio 634 - Vía España",https://idclinic.com.pa/,https://directorio.cliniweb.com/olmedo-ernesto-villarreal,ya en base,"Infectología, Medicina Interna",Panama,Cliniweb
Gastroenterólogos Asociados - Atención Inicial,Medicina Interna,citas@gastroasociados.com,,,,,,https://directorio.cliniweb.com/atencion-inicial,ya en base,"Gastroenterología, Medicina Interna",Panama,Cliniweb
Judith Álvarez,Medicina Interna,drajudithmalvarez@gmail.com,,,Consultorios Punta Pacífica PACIFICA SALUD,", . Piso 7. Consultorio 14 - Boulevard Pacífica y Vía Punta Darién",,https://directorio.cliniweb.com/dra-judith-alvarez,ya en base,"Medicina Interna, Nefrología",Panama,Cliniweb
Ricardo Ariel Martín Ortega,Medicina Interna,dr.ricardomartin@gmail.com,,,,,,https://directorio.cliniweb.com/dr-ricardo-martin,ya en base,Medicina Interna,Panama,Cliniweb
José Ricardo Ruiz,Medicina Interna,citas@gastroasociados.com,,, Consultorios Punta Pacífica,"Ciudad de Panamá, Panamá. Piso 4. Consultorio 20 - Boulevard Pacífica y Vía Punta Darién",http://gastroasociados.com/,https://directorio.cliniweb.com/jose-ruiz,ya en base,"Gastroenterología, Medicina Interna",Panama,Cliniweb
Panama Wellness,Medicina Interna,panamawellness@gmail.com,,"Salud laboral, Cuidados intensivos de adulto",The Panama Clinic Panama Wellness,", . Calle Ramon H. Jurado, 56 Este, Torre Pacific Center, Piso 11, Consultorio 1101, San Francisco",panamawellnessclinic.com/,https://directorio.cliniweb.com/panama-wellness,ya en base,Medicina Interna,Panama,Cliniweb
Nuvia Batista Rujano,Medicina Interna,nuvia_br@hotmail.com,,,Gastroclinica.,"Ciudad de Panamá, Panamá. Piso 6 Norte, consultorio 602 - Avenida Balboa y calle 53.",,https://directorio.cliniweb.com/nuvia-batista,ya en base,Medicina Interna,Panama,Cliniweb
Daniela Lozada Arosemeda,Medicina Interna,danipana2016@gmail.com,,,Hospital Santa Fe Hospital Santa Fe,", . calle j, piso 1",,https://directorio.cliniweb.com/dra-daniela-lozada-1,ya en base,"Medicina Interna, Cardiología",Panama,Cliniweb
Justina Bustos.,Medicina Interna,justinabustos18@gmail.com,,Hematología - Oncología,,,,https://directorio.cliniweb.com/justina-bustos,ya en base,Medicina Interna,Panama,Cliniweb
Calixto Duarte Chang,Medicina Interna,info@gastroclinicpanama.com,,Endoscopía Digestiva,Consultorios Médicos Paitilla Gastroclinic Panamá,"Ciudad de Panamá, Panamá. Piso 6 sur, consultorio 632 - Avenida Balboa y Calle 53",www.gastroclinicpanama.com,https://directorio.cliniweb.com/calixto-duarte,ya en base,"Gastroenterología, Medicina Interna",Panama,Cliniweb
Neyla Rivas,Medicina Interna,neyriv2229@gmail.com,,,,,,https://directorio.cliniweb.com/neyla-rivas,ya en base,Medicina Interna,Panama,Cliniweb
Elena María Chevalier Chockee,Medicina Interna,elena.m.chevalier@gmail.com,,,The Panama Clinic - Centro de Enfermedades Infecciosas y Respiratorias,"Ciudad de Panamá, Panamá. Calle Ramón H. Jurado - Complejo Pacific Center - Torre A - Piso 12 - Consultorio 1214",,https://directorio.cliniweb.com/emchevalier,ya en base,"Neumología, Medicina Interna",Panama,Cliniweb
Haliotis Sayana Castillo Isaza,Medicina Interna,drahaliotiscastillo@gmail.com,,,,,,https://directorio.cliniweb.com/haliotis-castillo,ya en base,Medicina Interna,Panama,Cliniweb
José Rogelio Mendez,Medicina Interna,jrmendez@cmpaitilla.net,,"Enfermedades Hepáticas, Endoscopía, Endoscopía Digestiva",Clínica Dr. Rogelio Mendez.,"Ciudad de Panamá, Panamá. Piso 1 Sur, consultorio 118. - Avenida Balboa y Calle 53",www.cmpaitilla.net,https://directorio.cliniweb.com/joser-mendez,ya en base,"Gastroenterología, Medicina Interna",Panama,Cliniweb
Yaniseth Marciaga,Medicina Interna,yanimarciaga90@gmail.com,,,,,,https://directorio.cliniweb.com/dra-yaniseth-marciaga-1,ya en base,"Nefrología, Medicina Interna",Panama,Cliniweb
Cristel Rodríguez Vargas,Medicina Interna,cmrodriguezvargas@gmail.com,,,,,,https://directorio.cliniweb.com/cristel-rodriguez-vargas,ya en base,"Medicina Interna, Internista, Medicina Tropical , Infectología",Panama,Cliniweb
Franklin Agustín Castillero Rodríguez,Medicina Interna,aclientes@chop.com.pa,,,Centro Hemato-Oncológico Panama,"Panamá, . Calle 53, Marbella, Consultorio Royal Center, quinto piso Torre B",,https://directorio.cliniweb.com/franklin-castillero,ya en base,"Medicina Interna, Oncología",Panama,Cliniweb
Dayan  A.  Salado G.,Medicina Interna,dayalbert2579@outlook.com,,,Clínica del Riñón e Hipertensión  AD,"Aguadulce, Panamá. Plaza San Juan Aguadulce, Local  #4 - Calle Melchor Lasso de la Vega",clinicarhad.com,https://directorio.cliniweb.com/ClinicadelRinonAD,ya en base,"Medicina Interna, Nefrología",Panama,Cliniweb
Angel Achurra Castillo,Medicina Interna,achvac@cwpanama.net,,,Clínica Hospital San Fernando Consultorios Sur,"Ciudad de Panamá, Panamá. Piso 2. Consultorio 7. - Vía España. Frente al Registro Público.",,https://directorio.cliniweb.com/angel-achurra-castillo,ya en base,"Medicina Interna, Reumatología",Panama,Cliniweb
Neysi Puello,Medicina Interna,vet01pawswashvet@gmail.com,,,Paws Wash and Vet,"Panamá, . Plaza G&G, calle Tomas Gabriel Duque. Local 3",,https://directorio.cliniweb.com/drapawswash,ya en base,"Veterinario, Medicina General, Laboratorio, Nutrición, Medicina Interna",Panama,Cliniweb
Edgar Raúl Sánchez Dorado,Medicina Interna,royalcenter3b1@cwpanama.net,,,Consultorios Royal Center,"Ciudad de Panamá, Panamá. Torre B, piso 3 consultorio 333 - Calle 53 Este",www.rejuvenecetucorazon.com,https://directorio.cliniweb.com/edgarsanchez,ya en base,Medicina Interna,Panama,Cliniweb
Ana Catalina Cooke Tapia,Medicina Interna,aclientes@chop.com.pa,,,The Panama Clinic Pacific Center,"Ciudad de Panamá, Panamá. Calle Ramon H. Jurado . Torre B. Piso 22, consultorios 2205, 2206, 2207 y 2208",,https://directorio.cliniweb.com/ana-cooketapia,ya en base,"Hematología, Medicina Interna",Panama,Cliniweb
Rocio Arroyo,Medicina Interna,cristalarroyo1971@gmail.com,,,,,,https://directorio.cliniweb.com/dra-rocio-arroyo,ya en base,"Nefrología, Medicina Interna",Panama,Cliniweb
José Francisco Soto Ballesteros,Medicina Interna,josesoto09@hotmail.com,,,Clínica Hospital San Fernando Centro Especializado,"Ciudad de Panamá, Panamá, . Piso 5. Consultorio 2. - Vía España. Frente al Registro Público.",,https://directorio.cliniweb.com/jose-francisco-soto-ballesteros,ya en base,Medicina Interna,Panama,Cliniweb
Ashley Aysel Carrillo Prado,Medicina Interna,dracarrillonefrologia@gmail.com,,,Centro Médico Nacional,"Panamá, . Avenida Justo Arosemena, Calle 38 - Centro Médico Nacional, Piso 3, Consultorio 311.",,https://directorio.cliniweb.com/ahsley-carrillo,ya en base,"Nefrología, Medicina Interna",Panama,Cliniweb
José Edgardo Dondis Camaño,Medicina Interna,clinica@gastromedical.net,,,Consultorios Médicos Paitilla Clinica Gastromedical.,"Ciudad de Panamá, Panamá. Piso 3 sur, consultorio 326. - Avenida Balboa y Calle 53. POR FAVOR  CONFIRMAR AL 209-2101",www.gastromedical.net,https://directorio.cliniweb.com/jose-dondis,ya en base,"Medicina Interna, Gastroenterología",Panama,Cliniweb
Ovidio De Freitas,Medicina Interna,ovidiophd@yahoo.com,,,Pacifica Salud,"Ciudad de Panamá, Panamá. PANAMA, PANAMA",,https://directorio.cliniweb.com/ovidio-de-freitas,ya en base,"Nefrología, Medicina Interna",Panama,Cliniweb
Alfonso Gordón,Medicina Interna,consultorios@cmcaribe.com,,,Centro Médico del Caribe  Centro Médico del Caribe,"Colón, Panamá. Planta Baja . consultorio 220 - Calle 12 y Roosevelt",www.centromedicodelcaribe.com,https://directorio.cliniweb.com/alfonso-gordon,ya en base,Medicina Interna,Panama,Cliniweb
David Eduardo Santamaría Aguilar,Medicina Interna,administracion@cardiomediccenter.com,,,,,https://www.pacificasalud.com/centro-cardiovascular/,https://directorio.cliniweb.com/dr-david-eduardo-santamaria-aguilar,ya en base,"Medicina Interna, Cardiología",Panama,Cliniweb
José O. Castro Rodríguez,Medicina Interna,josecrod19@gmail.com,,,Consultorios Punta Pacífica,"Ciudad de Panamá, Panamá. Boulevard Pacífica y Vía Punta Darién",,https://directorio.cliniweb.com/jose-castrorodriguez,ya en base,"Medicina Interna, Medicina Crítica y Terapia Intensiva",Panama,Cliniweb
Alexander Elias Adames Quintero,Medicina Interna,sedica.cardiologia@hotmail.com,,,Hospital Chiriquí SEDICA,"David, Panamá. Nueva torre de consultorios, Planta Baja #5 - Avenida 3a y Calle Central",,https://directorio.cliniweb.com/alexander-elias-adames-quintero,ya en base,"Cardiología, Medicina Interna, Cardiología Intervencionista",Panama,Cliniweb
Melissa Jordan,Medicina Interna,massi_0522@hotmail.com,,,,,,https://directorio.cliniweb.com/dra-melissa-jordan,ya en base,Medicina Interna,Panama,Cliniweb
Yurielis Ramos Rodriguez,Medicina Interna,draramosmedicinainterna@gmail.com,,,,,drayurielisramos.com,https://directorio.cliniweb.com/yurielis-ramos,ya en base,"Medicina Interna, Internista",Panama,Cliniweb
José Bolívar López,Medicina Interna,administracion@hospitalsantafepanama.com,,,HOSPITAL SANTA FE Hospital Santa Fe,"Ciudad de Panamá, Panamá. Piso 3, Consultorio 36 - Ave Frangipani y Simón Bolivar",,https://directorio.cliniweb.com/jose-bolivar,ya en base,"Cardiología, Medicina Interna",Panama,Cliniweb
Michelle Aurora  Diaz Miranda,Medicina Interna,midi1308@gmail.com,,,,,,https://directorio.cliniweb.com/michelle-aurora-diaz-miranda,ya en base,Medicina Interna,Panama,Cliniweb
Lisveth Quintero Rueda,Medicina Interna,lisvethq@hotmail.com,,,,,,https://directorio.cliniweb.com/lisveth-quintero-rueda,ya en base,"Medicina Interna, Internista, Cardiología",Panama,Cliniweb
Luis Manuel Filos Aizpurua,Medicina Interna,luisfilos@hotmail.com,,,Clínica Hospital San Fernando Centro Especializado,"Ciudad de Panamá, Panamá. Piso 7. Consultorio 17. - Vía España. Frente al Registro Público.",,https://directorio.cliniweb.com/luis-manuel-filos-aizpurua,ya en base,Medicina Interna,Panama,Cliniweb
Walter Bernal.,Medicina Interna,drwbernalconsulta@gmail.com,,"Endoscopía Digestiva, Motilidad Gastrointestinal",Clínica San Juan Bautista,", . Al lado de McDonalds",,https://directorio.cliniweb.com/walter-bernal,ya en base,"Gastroenterología, Medicina Interna",Panama,Cliniweb
Sergio Ignacio Bolaños Riensen,Medicina Interna,hsf.agenda3a@gmail.com,,Ecocardiografía,Hospital Santa Fe Hospital Santa Fe,"Ciudad de Panamá, Panamá. Piso 2, Consultorio 22 - Ave Frangipani y Simón Bolivar",www.hospitalsantafepanama.com/,https://directorio.cliniweb.com/sergio-bolanos,ya en base,"Cardiología, Medicina Interna",Panama,Cliniweb
Fernando Aguilar Nigot,Medicina Interna,asistentevirtual@neuroxcorpsa.com,,,Consultorios Punta Pacífica Pacifica Salud,"Ciudad de Panamá, Panamá. Piso 1. Consultorio 108 - Boulevard Pacífica y Vía Punta Darién",www.neuroxcorpanama.com,https://directorio.cliniweb.com/fernando-aguilar-1,ya en base,"Medicina Interna, Nefrología",Panama,Cliniweb
Natalie Buitrón,Medicina Interna,natbuitron@gmail.com,,Trasplante de Médula Ósea,Consultorios Punta Pacífica Consultorios Punta Pacífica,"Ciudad de Panamá, Panamá. Boulevard Pacífica y Vía Punta Darién",,https://directorio.cliniweb.com/dra-natalie-buitron,ya en base,"Hematología, Medicina Interna",Panama,Cliniweb
María Lim Law,Medicina Interna,hsf.agenda3b@gmail.com,,,Clínica Hospital San Fernando Policlínica Norte,"Ciudad de Panamá, Panamá, . Piso 2. Consultorio 10. - Vía España. Frente al Registro Público.",www.hospitalsantafepanama.com/,https://directorio.cliniweb.com/maria-lim,ya en base,"Medicina Interna, Oncología, Oncología Médica, Oncología",Panama,Cliniweb
Eduardo Gabriel Hevia,Medicina Interna,dr.eduardohevia@gmail.com,,,The Panama Clinic Pacific Center,"Ciudad de Panamá, Panamá. Calle Ramón H. Jurado - Torre B",,https://directorio.cliniweb.com/dr-eduardo-gabriel-hevia,ya en base,"Medicina Interna, Neumología",Panama,Cliniweb
Gustavo E. Marciaga Real,Medicina Interna,endocrinologiapanama@gmail.com,,,Consultorios Médicos Paitilla Consultorios Médicos Paitilla,"Ciudad de Panamá, Panamá. Piso 4 Norte, consultorio 405 - Avenida Balboa y Calle 53",www.cmpaitilla.net,https://directorio.cliniweb.com/gustavo-marciaga,ya en base,"Endocrinología, Medicina Interna",Panama,Cliniweb
José Cardona,Medicina Interna,drjosecardona@gmail.com,,,Clínica Hospital San Fernando Consultorios Sur,"Ciudad de Panamá, Panamá, . Piso 5. Consultorio 3. - Vía España. Frente al Registro Público.",,https://directorio.cliniweb.com/jose-fernando-cardona-nicosia,ya en base,"Medicina Interna, Cardiología",Panama,Cliniweb
Maria Niedda,Medicina Interna,mniedda@gruponephron.com,,,Pacific Center,"Panamá, . Torre B, piso 21 - Calle Ramón H. Jurado - Pacific Center",,https://directorio.cliniweb.com/maria-niedda,ya en base,"Nefrología, Medicina Interna",Panama,Cliniweb
Robbin Urieta,Medicina Interna,urieta100162@gmail.com,,,,,,https://directorio.cliniweb.com/robbin-urieta,ya en base,"Cardiología, Medicina Interna",Panama,Cliniweb
Alanna Mariel Armuelles Pinzón.,Medicina Interna,armuellesalanna0589@gmail.com,,,Clínica Hospital San Fernando Instituto de Neumología y Alergias,"Panamá, . Vía España. Edificio principal, primer piso, sección C.",,https://directorio.cliniweb.com/alanna-mariel-armuelles-pinzon,ya en base,"Medicina Interna, Alergología e Inmunología, Alergología e inmunología Clínica",Panama,Cliniweb
Julio Effio,Medicina Interna,j.effio@grupomedicopanama.com,,,Hospital Santa Fe,"Ciudad de Panamá, Panamá. Piso 3, Consultorio 36 - Ave Frangipani y Simón Bolivar",,https://directorio.cliniweb.com/drjulioeffio,ya en base,"Cardiología, Medicina Interna",Panama,Cliniweb
Marcos A. López,Medicina Interna,malopez@cwpanama.net,,,Consultorios Médicos Paitilla,"Ciudad de Panamá, Panamá. Piso 3° sur- Consultorio -Av. Balboa , calle 53.",,https://directorio.cliniweb.com/marcos-lopez,ya en base,"Neumología, Alergología e Inmunología, Alergología, Medicina Interna",Panama,Cliniweb
Efraín Carles,Medicina Interna,efraincarles@hotmail.com,,,Consultorios Médicos Paitilla Consultorios Médicos Paitilla,"Ciudad de Panamá, Panamá. Piso 4, consultorios 401 - Avenida Balboa y Calle 53",www.cmpaitilla.net,https://directorio.cliniweb.com/efrain-carles,ya en base,"Nefrología, Medicina Interna",Panama,Cliniweb
Emma Gonzalez,Medicina Interna,draemmagonzalez@hotmail.com,,,,,,https://directorio.cliniweb.com/emma-gonzalez,ya en base,"Medicina Interna, Infectología",Panama,Cliniweb
Roberto Basabe,Medicina Interna,hsf.agenda1@gmail.com,,,Hospital Santa Fe Hospital Santa Fe,"Ciudad de Panamá, Panamá. Piso 1, Consultorio 4 - Ave Frangipani y Simón Bolivar",,https://directorio.cliniweb.com/roberto-basabe,ya en base,Medicina Interna,Panama,Cliniweb
Dora Estripeaut,Medicina Interna,destripeaut2002@yahoo.com,,,Consultorios Médicos Paitilla,"Ciudad de Panamá, Panamá. Piso 1° sur- Consultorio 123-Av. Balboa , calle 53.",,https://directorio.cliniweb.com/dora-estripeaut,ya en base,"Infectología Pediátrica, Infectología, Medicina Interna",Panama,Cliniweb
Antonio Suescum,Medicina Interna,rasf@cmpaitilla.net,,,Consultorios Médicos Paitilla Consultorios Médicos Paitilla,"Ciudad de Panamá, Panamá. Piso 5 Norte, consultorio 512 - Avenida Balboa y Calle 53",www.cmpaitilla.net,https://directorio.cliniweb.com/antonio-suescum,ya en base,Medicina Interna,Panama,Cliniweb
Larissa Beitia,Medicina Interna,sarilalebam@hotmail.com,,, Centro Médico Mae Lewis en David y Clínica Rosan Bugaba,"David, Panamá. Vía Interamericana",,https://directorio.cliniweb.com/larissa-beitia,ya en base,Medicina Interna,Panama,Cliniweb
Manuel De Ycaza,Medicina Interna,recepcion3s@consultoriospaitilla.com,,,Consultorios Médicos Paitilla Consultorios Médicos Paitilla,"Ciudad de Panamá, Panamá. Piso 3 Sur, consultorio 327. - Avenida Balboa y Calle 53",www.cmpaitilla.net,https://directorio.cliniweb.com/manuel-ycaza,ya en base,Medicina Interna,Panama,Cliniweb
Gretta Gómez,Medicina Interna,gretellmd@gmail.com,,,Consultorios Punta Pacifica,"Ciudad de Panamá, Panamá. Pacífica Salud, Consultorios Punta Pacífica 4to Piso, Consultorio 412.",,https://directorio.cliniweb.com/dra-gretta-gomez,ya en base,"Neumología, Medicina Interna",Panama,Cliniweb
Edward Mike,Medicina Interna,emike57@yahoo.com,,,Centro Médico del Caribe  Centro Médico del Caribe,"Colón, Panamá. Planta Baja , consultorio 201. - Calle 12 y Roosevelt",www.centromedicodelcaribe.com/,https://directorio.cliniweb.com/edward-mike,ya en base,Medicina Interna,Panama,Cliniweb
Ramiro Da Silva Llibre,Medicina Interna,rdasilvallibre@gmail.com,,Medicina Hepebárica y Subacuática,,,,https://directorio.cliniweb.com/ramiro-da-silva-libre,ya en base,Medicina Interna,Panama,Cliniweb
"Ricardo Concepción, MD, MPH",Medicina Interna,raconcepcionmd@gmail.com,,"Medicina del Sueño, Trastornos del Sueño",,,https://www.hospitalsanfernando.com/clinica-del-sueno/,https://directorio.cliniweb.com/dr-ricardo-concepcion,ya en base,"Medicina Interna, Salud Pública",Panama,Cliniweb
Ameth Michael Hawkins Villarreal,Medicina Interna,amethhawk@gmail.com,,,,,,https://directorio.cliniweb.com/ameth-michael-hawkins-villarreal,ya en base,"Medicina Materno Fetal, Medicina Interna, Ginecología y Obstetricia, Ginecología",Panama,Cliniweb
Kelly Haughton,Medicina Interna,info@kidneydoctorpanama.com,,Trasplante Renal,"The Panama Clinic The Panama Clinic, Piso 22 (Tel: 310-9922)","Ciudad de Panamá, Panamá. Calle Ramon H. Jurado- Pacific Center",www.kidneydoctorpanama.com,https://directorio.cliniweb.com/dra-kelly-haughton,ya en base,"Nefrología, Medicina Interna",Panama,Cliniweb
Jack Rodríguez M.,Medicina Interna,drjackrodriguezm@gmail.com,,"Pérdida de Peso y Obesidad, Ultrasonido Endoscópico",,,,https://directorio.cliniweb.com/dr-jack-rodriguez-m,ya en base,"Gastroenterología, Gastroenterología, Endoscopía Digestiva, Medicina Interna",Panama,Cliniweb
Ana Elena Espinosa De Ycaza,Medicina Interna,recepcion6s@consultoriospaitilla.com,,,Consultorios Médicos Paitilla Consultorios Médicos Paitilla,"Ciudad de Panamá, Panamá. Piso 6 Sur, consultorio 631. - Avenida Balboa y Calle 53",www.cmpaitilla.net,https://directorio.cliniweb.com/ana-espinoza,ya en base,"Endocrinología, Medicina Interna",Panama,Cliniweb
Ronald Perez,Medicina Interna,ronalperezclinicaprincess@gmail.com,,,,,,https://directorio.cliniweb.com/dr-ronald-perez-1,ya en base,"Medicina Interna, Internista",Panama,Cliniweb
Carolina Vega Cuellar,Medicina Interna,administracion@cardiomediccenter.com,,,,,https://www.pacificasalud.com/centro-cardiovascular/,https://directorio.cliniweb.com/dra-carolina-vega-cuellar,ya en base,"Cardiología, Medicina Interna",Panama,Cliniweb
Elsa Rueda Borrero,Medicina Interna,elsaruedab@cmmhpp.com,,Medicina Hospitalaria,,,https://orcid.org/0000-0002-3337-9964,https://directorio.cliniweb.com/elsa-rueda-borrero,ya en base,Medicina Interna,Panama,Cliniweb
Celio Ríos,Medicina Interna,clinicaceliorios@gmail.com,,,Consultorios Punta Pacífica Consultorios Punta Pacífica,"Ciudad de Panamá, Panamá. Piso 8, Consultorio 806 - Boulevard Pacífica y Vía Punta Darién",,https://directorio.cliniweb.com/celio-rios,ya en base,Medicina Interna,Panama,Cliniweb
Livia Arosemena,Medicina Interna,draliviaarosemenap@gmail.com,,,Hospital Chiriquí ...,", . Torre nueva ,5to piso , Consultorio 43 Ave 3Era calle central,David Chiriquí",,https://directorio.cliniweb.com/livia-arosemena,ya en base,"Medicina Interna, Infectología",Panama,Cliniweb
Ana Belén Araúz Rodríguez,Medicina Interna,anabelenarauz@gmail.com,,Especialista en Enfermedades Infecciosas,Policlínica Norte,"Ciudad de Panamá, Panamá, . Piso PB. Consultorio 11. - Vía España. Frente al Registro Público.",,https://directorio.cliniweb.com/ana-belen-arauz-rodriguez,ya en base,"Infectología, Medicina Interna",Panama,Cliniweb
María Fernanda  Ríos,Medicina Interna,mariferios@gmail.com,,,,,https://www.ceditersa.com/especialista.php?id=15,https://directorio.cliniweb.com/mariafernandarios,ya en base,"Neumología, Medicina Interna",Panama,Cliniweb
Beatriz Llorente Chung,Medicina Interna,bllorentech@gmail.com,,,Endocrino Panamá,", . Centro Endocrino Panamá",,https://directorio.cliniweb.com/dra-beatriz-llorente-chung,ya en base,Medicina Interna,Panama,Cliniweb
Yassir Hiram Ruiz Guardia,Medicina Interna,aclientes@chop.com.pa,,"Radioterapia, Oncología Médica",Centro Hemato-oncológico Panamá.,"Ciudad de Panamá, Panamá. Piso 5, Torre B Sección B - Marbella, Calle 53, Consultorios Royal Center.",www.chop.com.pa,https://directorio.cliniweb.com/yassir-hiram-ruiz-guardia,ya en base,"Medicina Interna, Oncología",Panama,Cliniweb
Manuel Chiquilani,Medicina Interna,recepcion2s@consultoriospaitilla.com,,,Consultorios Médicos Paitilla Consultorios Médicos Paitilla,"Ciudad de Panamá, Panamá. Piso 2 Sur, consultorio 231 - Avenida Balboa y Calle 53",www.cmpaitilla.net,https://directorio.cliniweb.com/manuel-chiquilani,ya en base,"Neumología, Medicina Interna",Panama,Cliniweb
Deniss Díaz,Medicina Interna,mddiazdeniss@gmail.com,,,,,,https://directorio.cliniweb.com/dra-denis-diaz,ya en base,"Geriatría, Geriatría y Gerontología, Medicina Interna",Panama,Cliniweb
Essaú De León Sánchez,Medicina Interna,drdeleoncardiologia@gmail.com,,Cardiología Clínica,Hospital Chiriqui,"David, Panamá. 5to piso/ Torre 2(consultorio Nº16) - Ave. 3ra. y Calle Central",,https://directorio.cliniweb.com/essau-de-leon,ya en base,"Cardiología Intervencionista, Medicina Interna",Panama,Cliniweb
Miriam Lemus Lore,Medicina Interna,Beddaclinic@gmail.com,,,,,,https://directorio.cliniweb.com/miriam-esther-lemus-lore,ya en base,Medicina Interna,Panama,Cliniweb
José A. Pérez,Medicina Interna,japerezj05@gmail.com,,,Hospital Paitilla Hospital Paitilla,"Panamá, Panamá. Royal Center, consultorio 104, Sección A - Avenida Balboa con calle 53",,https://directorio.cliniweb.com/jose-a-perez,ya en base,"Gastroenterología, Medicina Interna",Panama,Cliniweb
Fernando Gracia,Medicina Interna,fegra@medicospaitilla.com,,,Consultorios Médicos Paitilla Torre Norte,"Ciudad de Panamá, Panamá. 1 Norte, consultorio 107 - Avenida Balboa y Calle 53",www.cmpaitilla.net,https://directorio.cliniweb.com/fernando-gracia,ya en base,"Neurología, Medicina Interna",Panama,Cliniweb
Oscar Bulgim,Medicina Interna,recepcion@centrogastrointestinal.com,,,Consultorios Médicos Paitilla,"Ciudad de Panamá, Panamá. Piso 2° norte- Consultorio 216-Av. Balboa , calle 53.",,https://directorio.cliniweb.com/oscar-bulgim,ya en base,"Gastroenterología, Medicina Interna",Panama,Cliniweb
Generoso Guerra,Medicina Interna,geneguerra@cableonda.net,,,Hospital Paitilla Hospital Paitilla,"Panamá, Panamá. Royal Center, consultorio 206, Sección A - Avenida Balboa con calle 53",,https://directorio.cliniweb.com/generoso-guerra,ya en base,"Medicina Interna, Reumatología",Panama,Cliniweb
Diogenes Arjona P.,Medicina Interna,arjona.diogenes@gmail.com,,,Clínica Hospital San Fernando Centro Especializado,"Ciudad de Panamá, Panamá. Vía España. Frente al Registro Público.",,https://directorio.cliniweb.com/diogenes-arjonap,ya en base,"Geriatría, Geriatría y Gerontología, Medicina Interna, Geriatría",Panama,Cliniweb
Gustavo Antonio Villarreal Cedeño,Medicina Interna,tavo_14@hotmail.com,,Hemodinamia,HOSPITAL PAITILLA Consultorios Hospital Paitilla,"Panamá, . Consultorio Hospital Paitilla. Planta baja.",,https://directorio.cliniweb.com/gustavo-villareal,ya en base,"Cardiología, Medicina Interna, Cardiología Intervencionista",Panama,Cliniweb
Bruno Hammerschlag I.,Medicina Interna,bhrespirapanama@gmail.com,,Alergia Respiratoria,Hospital Paitilla Hospital Paitilla,"Panamá, Panamá. Royal Center, consultorio 341 - 342, Sección C - Avenida Balboa con calle 53",,https://directorio.cliniweb.com/bruno-hammerschlag-i,ya en base,"Medicina Crítica y Terapia Intensiva, Medicina Crítica, Medicina Interna, Neumología",Panama,Cliniweb
Rogelio Augusto Mckenzie H.,Medicina Interna,ramckenzieh@cwpanama.net,,,Consultorios Médicos Paitilla,"Ciudad de Panamá, Panamá. Piso 3° norte- Consultorio 302-Av. Balboa , calle 53.  lunes a viernes 3:30 a 7 pm",,https://directorio.cliniweb.com/rogelio-mckenzie,ya en base,"Endocrinología, Medicina Interna",Panama,Cliniweb
José Antonio Calvo Broce,Medicina Interna,cobrosdrcalvo@gmail.com,,,Consultorios Medicos Paitilla,"Ciudad de Panamá, Panamá. Piso 4 norte, consultorio 401 - Marbella, Calle 53 Este",,https://directorio.cliniweb.com/jose-calvo-broce,ya en base,"Medicina Interna, Nefrología",Panama,Cliniweb
Jan A. Cubilla,Medicina Interna,jcaxel@hotmail.com,,,Consultorios Punta Pacífica,"Ciudad de Panamá, Panamá, . Piso 4. Consultorio 20 - Boulevard Pacífica y Vía Punta Darién",https://gastropanama.com,https://directorio.cliniweb.com/jean-a-cubilla,ya en base,"Gastroenterología, Medicina Interna",Panama,Cliniweb
Juan Pablo Barés Weeden,Medicina Interna,aclientes@chop.com.pa,,Oncología Médica,Centro Hemato-oncológico Panamá.,"Ciudad de Panamá, Panamá. Piso 5, Torre B Sección B - Marbella, Calle 53, Consultorios Royal Center.",www.chop.com.pa,https://directorio.cliniweb.com/juanpablo-bares,ya en base,"Oncología, Hematología, Medicina Interna",Panama,Cliniweb
Jose Anel  Gonzalez Rodriguez,Medicina Interna,joseanelgr@gmail.com,,,The Panama Clinic Pacific Center,"Ciudad de Panamá, . Torre A Piso 12 Consultorio 1210 - Calle Ramon H. Jurado - Pacific Center",,https://directorio.cliniweb.com/jose-anel-gonzalez-rodriguez,ya en base,"Medicina Interna, Infectología",Panama,Cliniweb
Ariel Alexis Mojica Rodriguez,Medicina Interna,arielmojica30@gmail.com,,Especialista en Enfermedades Infecciosas,,,,https://directorio.cliniweb.com/dr-ariel-alexis-mojica-rodriguez,ya en base,"Medicina Interna, Infectología",Panama,Cliniweb
Alex Pineda,Medicina Interna,alexnoel2008@gmail.com,,,,,,https://directorio.cliniweb.com/dr-alex-pineda,ya en base,Medicina Interna,Panama,Cliniweb
Nicolas   Henry Hurtado,Medicina Interna,nic_henh@hotmail.com,,Medicina Crítica,Cuatro Altos,"Colón, Panamá. Cuatro Altos Ave. Randolph Edificio: Hospital Colón Cuatro Altos",,https://directorio.cliniweb.com/nicolas-henry-hurtado36196,ya en base,"Medicina Interna, Nefrología",Panama,Cliniweb
Mónica Roxana Atilia Pachar Flores,Medicina Interna,cenfir.panama@gmail.com,,,,,,https://directorio.cliniweb.com/monica-roxana-atilia-pachar-flores,ya en base,"Infectología, Medicina Interna, Internista",Panama,Cliniweb
Dr . Miguel Angel Váldes,Medicina Interna,cowboy0985@gmail.com,,,,,,https://directorio.cliniweb.com/dr-miguel-angel-valdes,ya en base,"Medicina Interna, Cardiología",Panama,Cliniweb
Laura Elvira Fernández Castañeda,Medicina Interna,drafernandez.medicinainterna@gmail.com,,,,,,https://directorio.cliniweb.com/laura-fernandez,ya en base,Medicina Interna,Panama,Cliniweb
Eugenio Chanis,Medicina Interna,info@ch-panamericano.com,,,,,,https://directorio.cliniweb.com/dr-eugenio-chanis,ya en base,"Alergología e Inmunología, Alergología, Medicina Interna",Panama,Cliniweb
Aimee Junco,Medicina Interna,AIMEEJUNCO63@GMAIL.COM,,,,,,https://directorio.cliniweb.com/aimee-junco,ya en base,Medicina Interna,Panama,Cliniweb
Maryelis Moreno,Medicina Interna,moreno_mayerlis@hotmail.com,,,,,,https://directorio.cliniweb.com/maryelis-moreno,ya en base,Medicina Interna,Panama,Cliniweb
"Neurotec, S.a.",Medicina Interna,neurotec040@hotmail.com,,,,,,https://directorio.cliniweb.com/neurotec-sa,ya en base,"Medicina Interna, Neurología, Neurofisiología",Panama,Cliniweb
Anel Cubilla,Medicina Interna,drcubilla15@gmail.com,,,,,,https://directorio.cliniweb.com/anel-cubilla,ya en base,Medicina Interna,Panama,Cliniweb
Ana C. Batista A.,Medicina Interna,Anacba01@hotmail.com,,,Hospital Chiriquí Hospital Chiriquí,"David, . Ave. 3ra. y Calle Central David. TORRE A, 3ER PISO Consultorio 303.",,https://directorio.cliniweb.com/dra-ana-c-batista-a,ya en base,Medicina Interna,Panama,Cliniweb
Johan Ceferino Serrano,Medicina Interna,johser777@yahoo.com,,, Centro Médico Mae Lewis,"David, . Centro Médico Mae Lewis, PB, Consultorio 7,",,https://directorio.cliniweb.com/johan-ceferino-serrano,ya en base,Medicina Interna,Panama,Cliniweb
Velkys Y. Beitia M.,Medicina Interna,velkysbeitia@yahoo.com,,Hepatología,"Hospital Chiriqui, S.a.","DAVID, Panamá. DAVID, CHIRIQUI",,https://directorio.cliniweb.com/velkys-y-beitia-m,ya en base,"Gastroenterología, Medicina Interna",Panama,Cliniweb
Eliecer Cherigo,Medicina Interna,hsf.agenda2@gmail.com,,Especialista en Enfermedades Infecciosas,Hospital Santa Fe Hospital Santa Fe,"Ciudad de Panamá, Panamá. Piso 2, Consultorio 19 - Ave Frangipani y Simón Bolivar",www.hospitalsantafepanama.com,https://directorio.cliniweb.com/eliecer-cherigo,ya en base,Medicina Interna,Panama,Cliniweb
Narciso Antonio  Nieto Villanero,Medicina Interna,nnvv1786@hotmail.com,,,The Panama Clinic The Panama Clinic,"Ciudad de Panamá, Panamá. Paitilla Ramon H. Jurado Edificio: The Panama Clinic",,https://directorio.cliniweb.com/narciso-antonio-nieto-villaner,ya en base,"Medicina Interna, Infectología",Panama,Cliniweb
Ernesto Guerrero,Medicina Interna,dr.eguerrero@outlook.com,,, Hospital Chiriqui,"David, Panamá. Médicos Externos - Ave. 3ra. y Calle Central",,https://directorio.cliniweb.com/ernesto-guerrero,ya en base,Medicina Interna,Panama,Cliniweb
Lizeth Pinilla,Medicina Interna,lizethpinilla2@gmail.com,,,,,,https://directorio.cliniweb.com/dra-lizeth-pinilla-1,ya en base,Medicina Interna,Panama,Cliniweb
Evelyn Vega,Medicina Interna,evevegaacosta@gmail.com,,,,,,https://directorio.cliniweb.com/dra-evelyn-vega,ya en base,Medicina Interna,Panama,Cliniweb
Narciso Nieto,Medicina Interna,nnieto@gruponephron.com,,,The Panama Clinic ThePanamaClinic-Ps 21,"Panamá, . Torre B, piso 21, consultorio 2111- Calle Ramon H. Jurado - Pacific Center",,https://directorio.cliniweb.com/dr-narciso-nieto,ya en base,Medicina Interna,Panama,Cliniweb
Juan Ulloa,Medicina Interna,juan.ulloa26@hotmail.com,,,,,,https://directorio.cliniweb.com/dr-juan-ulloa,ya en base,Medicina Interna,Panama,Cliniweb
Irenka You Guo,Medicina Interna,drairenkayou@gmail.com,,,The Panama Clinic The Panama Clinic,", . Calle Ramon H Jurado, Edificio Pacific Center. Torre A piso 11 consultorio 1108.",,https://directorio.cliniweb.com/dra-irenka-you-guo,ya en base,Medicina Interna,Panama,Cliniweb
Ana Lily Lalyre,Medicina Interna,analalyre@gmail.com,,,Consultorios Punta Pacífica Pacifica Salud,"Panamá, . Pacific Boulevard and, Blvd. Pacífica",,https://directorio.cliniweb.com/dra-ana-lily-lalyre,ya en base,Medicina Interna,Panama,Cliniweb
Rosana Judith Arango Pritsiolas,Medicina Interna,rosanarango30@gmail.com,,,,,,https://directorio.cliniweb.com/rosana-arango,ya en base,"Medicina Interna, Gastroenterología",Panama,Cliniweb
Fernando Castillo,Medicina Interna,fernandocastillo@pacifica.com,,, Consultorios Punta Pacífica,"Ciudad de Panamá, Panamá. Boulevard Pacífica y Vía Punta Darién",,https://directorio.cliniweb.com/fernando-castillo,ya en base,Medicina Interna,Panama,Cliniweb
Miguel Morales Fletcher,Medicina Interna,drmikeotura@gmail.com,,,,,,https://directorio.cliniweb.com/dr-miguel-morales-fletcher,ya en base,Medicina Interna,Panama,Cliniweb
Roberto Christian Cerrud Rodríguez,Medicina Interna,rcc8922@nyu.edu,,,,,,https://directorio.cliniweb.com/roberto-christian-cerrud-rodriguez,ya en base,Medicina Interna,Panama,Cliniweb
Abdiel Javier Demera Coya,Medicina Interna,Cardioclinicapanama@gmail.com,,,,,,https://directorio.cliniweb.com/abdiel-javier-demera-coya,ya en base,Medicina Interna,Panama,Cliniweb
Jorge Paz Rodríguez,Medicina Interna,dalorso@mac.com,,,,,,https://directorio.cliniweb.com/jorge-paz-rodriguez,ya en base,Medicina Interna,Panama,Cliniweb
Valeria Barreto Muñoz,Otorrinolaringología,valebarreto@yahoo.com,+507 9979-2782,, Novaclinica,"Quito, Ecuador. .",,https://directorio.cliniweb.com/valeria-barreto-munoz,NUEVO,Otorrinolaringología,Panama,Cliniweb
Andrés Obando Valverde,Otorrinolaringología,drobandov@gmail.com,+507 5062-2463,,Hospital La Católica Cons. Dr Andrés Obando,"Guadalupe, Goicoechea, San José, Costa Rica. - San Antonio de Guadalupe, Goicoechea, frente a los Tribunales de Justicia; Edificio Anexo, Piso 2, Oficina 267",,https://directorio.cliniweb.com/andres-eduardo-obando-valverde,NUEVO,Otorrinolaringología,Panama,Cliniweb
German Jesús Gago Corrales,Otorrinolaringología,gago444@gmail.com,+507 5062-2088,,Cons. Dr. Germán Gago Corrales Escazú,"Escazú, San José, Costa Rica. Contiguo al Hospital CIMA Edificio Avenida Médica. Piso 5. Consultorio 512.",,https://directorio.cliniweb.com/german-gago-corrales,NUEVO,Otorrinolaringología,Panama,Cliniweb
Marcela María Chica Muñetón,Otorrinolaringología,pacienteservimed@gmail.com,+507 5062-2081,,Hospital CIMA Cons. Dra. Marcela Chica Muñetón,"Escazú, San José, Costa Rica. San Rafael de Escazú; Edificio Torre 1. Piso 6. Consultorio 2.",,https://directorio.cliniweb.com/marcela-chica-muneton,NUEVO,Otorrinolaringología,Panama,Cliniweb
Carlos Ríos Deidán,Otorrinolaringología,deidancar@hotmail.com,+507 390-9005,,Centro Medico Citimed Consultorio de Carlos  Ríos Deidán,"Quito, Ecuador. Av. Mariana de Jesús OE7-02 y Nuño de Valderrama",,https://directorio.cliniweb.com/carlos-rios-deidan,NUEVO,Otorrinolaringología,Panama,Cliniweb
Daysi Jaramillo Aguirre,Otorrinolaringología,dianajr83@yahoo.com,+507 334-1620,, Novaclinica,"Quito, Ecuador. .",,https://directorio.cliniweb.com/daysi-jaramillo-aguirre,NUEVO,Otorrinolaringología,Panama,Cliniweb
Gonzalo Arcentales Burgos,Otorrinolaringología,gonzalo.arcentales@gmail.com,+507 203-5100,, Novaclinica,"Quito, Ecuador. .",,https://directorio.cliniweb.com/gonzalo-arcentales-burgos,NUEVO,Otorrinolaringología,Panama,Cliniweb
Juan Carlos Vallejo Garzón,Otorrinolaringología,jcvg67@gmail.com,+507 0999-6990,,CDR Consultorio de Juan Carlos Vallejo Garzón,"Quito, Ecuador. Av. Mariana de Jesús OE7-02 y Nuño de Valderrama",,https://directorio.cliniweb.com/juan-carlos-vallejo-garzon,NUEVO,Otorrinolaringología,Panama,Cliniweb
Ana María Avilés,Otorrinolaringología,avilesanamaria@hotmail.com,+507 0999-6662,, Novaclinica,"Quito, Ecuador. Novaclínica Santa Cecilia",,https://directorio.cliniweb.com/ana-maria-aviles,NUEVO,Otorrinolaringología,Panama,Cliniweb
Mercedes Narváez Black,Otorrinolaringología,mercedes_narvaez@yahoo.com,+507 0999-5669,,Centro Medico Citimed Consultorio de Mercedes Narváez Black,"Quito, Ecuador. Av. Mariana de Jesús OE7-02 y Nuño de Valderrama",,https://directorio.cliniweb.com/mercedes-narvaez-black,NUEVO,Otorrinolaringología,Panama,Cliniweb
Lorena Arellano Avilés,Otorrinolaringología,loreorl@yahoo.com,+507 0998-3112,, Novaclinica,"Quito, Ecuador. Novaclínica Santa Cecilia",,https://directorio.cliniweb.com/lorena-arellano-aviles,NUEVO,Otorrinolaringología,Panama,Cliniweb
Vanessa Barragán,Otorrinolaringología,vanecris.orl@gmail.com,+507 0998-0330,,CDR Consultorio de Vanessa Barragán,"Quito, Ecuador. Av. Mariana de Jesús OE7-02 y Nuño de Valderrama",,https://directorio.cliniweb.com/vanessa-barragan,NUEVO,Otorrinolaringología,Panama,Cliniweb
Mercedes Silva,Otorrinolaringología,mercedes_end@hotmail.com,+507 0997-0008,,CDR Consultorio de Mercedes Silva,"Quito, Ecuador. Av. Mariana de Jesús OE7-02 y Nuño de Valderrama",,https://directorio.cliniweb.com/mercedes-silva,NUEVO,Otorrinolaringología,Panama,Cliniweb
César Salazar,Otorrinolaringología,hello@x-theme.com,+507 0994-3125,,CDR Consulta Externa,"Quito, Ecuador. Av. Mariana de Jesús OE7-02 y Nuño de Valderrama",,https://directorio.cliniweb.com/cesar-salazar,NUEVO,Otorrinolaringología,Panama,Cliniweb
Luis Fernando Jaramillo,Otorrinolaringología,lfjc9@hotmail.com,+507 0986-2431,,CDR Consultorio de Luis Fernando Jaramillo,"Quito, Ecuador. Av. Mariana de Jesús OE7-02 y Nuño de Valderrama",,https://directorio.cliniweb.com/luis-fernando-jaramillo,NUEVO,Otorrinolaringología,Panama,Cliniweb
Karla Salvador Vizcaíno,Otorrinolaringología,karlasoledad@hotmail.com,+507 0983-4544,,CDR Consultorio de Karla Salvador Vizcaíno,"Quito, Ecuador. Av. Mariana de Jesús OE7-02 y Nuño de Valderrama",,https://directorio.cliniweb.com/karla-salvador-vizcaino,NUEVO,Otorrinolaringología,Panama,Cliniweb
María Dolores Tamez De León.,Otorrinolaringología,dolorestamez@hotmail.com,,,Consultorios Médicos Paitilla,"Ciudad de Panamá, Panamá. Piso 1 Norte, consultorio 116 - Marbella calle 53 Este",,https://directorio.cliniweb.com/madolorestamez,NUEVO,Otorrinolaringología,Panama,Cliniweb
Alvaro Candanedo,Otorrinolaringología,alvcanda@gmail.com,+507 777-8064,, Hospital Chiriqui,"David, Panamá. Módulo B-Planta Baja - Ave. 3ra. y Calle Central",,https://directorio.cliniweb.com/alvaro-candanedo,ya en base,"Otorrinolaringología, Endocrinología",Panama,Cliniweb
Rafael José Milanés Suárez,Otorrinolaringología,drorlmilanes@gmail.com,+507 775-4616,, Hospital Mae Lewis,"David, Panamá. Vía Interamericana",,https://directorio.cliniweb.com/rafael-milanes,ya en base,Otorrinolaringología,Panama,Cliniweb
Yasmin Anette Garcia Melgarejo,Otorrinolaringología,dra.yasmingarcia@gmail.com,+507 6980-6779,,CENTRO MÉDICO NACIONAL,", Panamá. Ave. Cuba y, Calle 38 Este, Panamá",,https://directorio.cliniweb.com/dra-yasmin-anette-garcia-melgarejo,ya en base,Otorrinolaringología,Panama,Cliniweb
Patricia Velasco Moscoso,Otorrinolaringología,drapvelascom@gmail.com,+507 6885-2162,,Clínica Hospital San Fernando Centro Especializado,"Ciudad de Panamá, Panamá. Piso 3. Consultorio 8-9. - Vía España. Frente al Registro Público.",,https://directorio.cliniweb.com/patricia-velasco,ya en base,Otorrinolaringología,Panama,Cliniweb
Melissa Puga,Otorrinolaringología,recepcion@clinicaotorrinolaringologia.org,+507 6801-1538,,Otorrinolaringologia-azuero,"Chitré, Panamá. CONSULTORIO N2 - CLINICA SAN JUAN BAUTISTA. Ave. Carmelo Spadafora ( Precio de Teleconsulta 50.00)",,https://directorio.cliniweb.com/melissapuga,ya en base,Otorrinolaringología,Panama,Cliniweb
Sabrina Del Carmen Zapata Garcia,Otorrinolaringología,sabrina_zapata@yahoo.com,+507 6747-8020,, Hospital Nacional . Instituto Especializado de Otorrinolaringología,"Ciudad de Panamá, Panamá. Piso 9, consultorio 7 - Av. Justo Arosemena entre calle 38 y calle 39",,https://directorio.cliniweb.com/sabrina-zapata,ya en base,Otorrinolaringología,Panama,Cliniweb
Diana Z. Rodriguez Ramos,Otorrinolaringología,dianask_8@hotmail.com,+507 6679-5727,," INSTITUTO ESPECIALIZADO DE OTORRINOLARINGOLOGÍA, S.A.",", Panamá. Hospital Nacional, Calle 38 Este, Panamá",,https://directorio.cliniweb.com/diana-z-rodriguez-ramos,ya en base,Otorrinolaringología,Panama,Cliniweb
Ruth Him Cedeño.,Otorrinolaringología,fannyehim@hotmail.com,+507 6676-3111,,Clínica Hospital San Fernando Centro Especializado,"Ciudad de Panamá, Panamá. Piso 3. Consultorio 8-9. - Vía España. Frente al Registro Público.",,https://directorio.cliniweb.com/ruth-him,ya en base,Otorrinolaringología,Panama,Cliniweb
Ahmed A. Vielgo,Otorrinolaringología,vielgo23@hotmail.com,+507 6675-3420,, CLÍNICA LOS PORTALES,"Ciudad de Panamá, Panamá. Av.21C Norte, Clínica Los Portales, Bethania, Ciudad de Panamá",,https://directorio.cliniweb.com/ahmed-a-vielgo,ya en base,Otorrinolaringología,Panama,Cliniweb
Rey Luque,Otorrinolaringología,su-otorrino@hotmail.com,+507 6675-2491,,Clínica Hospital San Fernando Centro Especializado,"Ciudad de Panamá, Panamá. Piso 3. Consultorio 8-9. - Vía España. Frente al Registro Público.",,https://directorio.cliniweb.com/rey-luque,ya en base,Otorrinolaringología,Panama,Cliniweb
Bernardino Gonzalez Ruiz M.,Otorrinolaringología,bernardinogonzalez_ruiz@hotmail.com,+507 6673-7616,, CONSULTORIOS MÉDICOS PAITILLA,", Panamá. Avenida Balboa con calle 53, Panamá",,https://directorio.cliniweb.com/bernardino-gonzalez-ruiz-m,ya en base,Otorrinolaringología,Panama,Cliniweb
Julio Marcelo García Valarini,Otorrinolaringología,jmgvalarini@gmail.com,+507 6673-0428,, MEDICINA DE SUEÑO PANAMÁ,"Ciudad de Panamá, Panamá. Plaza Bella Metro, Calle 38 Este, Bella Vista, Panamá",,https://directorio.cliniweb.com/julio-marcelo-garcia-valarini,ya en base,Otorrinolaringología,Panama,Cliniweb
Juana Fletcher,Otorrinolaringología,jfletcher53@hotmail.com,+507 6671-3341,,Clínica Hospital San Fernando Policlínica Norte,"Ciudad de Panamá, Panamá, . Piso 2. Consultorio 11 - Vía España. Frente al Registro Público",,https://directorio.cliniweb.com/juana-fletcher,ya en base,Otorrinolaringología,Panama,Cliniweb
Rolando Muñoz Cerrud,Otorrinolaringología,dr.munoz@voicorp.com,+507 6626-5051,, CONSULTORIOS MÉDICOS ROYAL CENTER,"Ciudad de Panamá, Panamá. Edificio Royal Center, Calle 53, Marbella, Panamá",,https://directorio.cliniweb.com/rolando-munoz-cerrud,ya en base,Otorrinolaringología,Panama,Cliniweb
Ivette Berrio,Otorrinolaringología,ivetteberrio@yahoo.com,+507 6618-6853,,Clínica Hospital San Fernando Centro Especializado,"Ciudad de Panamá, Panamá. Piso 3. Consultorio 8-9. - Vía España. Frente al Registro Público.",,https://directorio.cliniweb.com/ivette-berrio,ya en base,"Otorrinolaringología, Otorrinolaringología Pediátrica",Panama,Cliniweb
Alberto A. Chepote Luna,Otorrinolaringología,chepluna07@hotmail.com,+507 6616-4364,, CLÍNICA METROPOLIS,"Ciudad de Panamá, Panamá. Av. Manuel Espinosa, con Vía España (al Lado del Laboratorio ADSSIO), Bella Vista, Ciudad de Panamá",,https://directorio.cliniweb.com/alberto-a-chepote-luna,ya en base,Otorrinolaringología Pediátrica,Panama,Cliniweb
Manuel Mock Donato,Otorrinolaringología,mockdonatomanuel@gmail.com,+507 6615-8035,, CENTRO ESPECIALIZADO SAN FERNANDO - PEDIÁTRICO,"Ciudad de Panamá, Panamá. Vía España. Frente al Registro Público.",,https://directorio.cliniweb.com/manuel-mock-donato,ya en base,Otorrinolaringología,Panama,Cliniweb
German Conte Lavergne,Otorrinolaringología,germanconte@gmail.com,+507 6611-1952,Otoneurología,Consultorios Punta Pacífica Consultorios Punta Pacífica,"Ciudad de Panamá, Panamá, . Piso 8. Consultorio 816 - Boulevard Pacífica y Vía Punta Darién",https://www.drgermanconte.com/conoce-al-dr-german-conte/,https://directorio.cliniweb.com/german-conte-lavergne,ya en base,Otorrinolaringología,Panama,Cliniweb
Fabio Luis Vega Braga,Otorrinolaringología,fabiovega@icloud.com,+507 6548-2120,,Consultorios Punta Pacífica Pacifica Salud,"Ciudad de Panamá, Panamá, . Piso 5. Consultorio 518 - Boulevard Pacífica y Vía Punta Darién",,https://directorio.cliniweb.com/fabio-luis-vega-braga_747839,ya en base,Otorrinolaringología,Panama,Cliniweb
Yarineth Quintero,Otorrinolaringología,drayarinethquintero@gmail.com,+507 6526-8626,,Clínica Hospital San Fernando Centro Especializado SAN FERNANDO,"Ciudad de Panamá, Panamá. Piso 7. Consultorio 16. - Vía España. Frente al Registro Público.",www.drayarinethquintero.com,https://directorio.cliniweb.com/yarineth-quintero,ya en base,Otorrinolaringología,Panama,Cliniweb
Omar Hernández,Otorrinolaringología,consultorios@cmcaribe.com,+507 6524-9922,,Centro Médico del Caribe  Centro Médico del Caribe,"Colón, Panamá. Consultorio 202 - Calle 12 y Roosevelt",,https://directorio.cliniweb.com/omar-hernandez,ya en base,Otorrinolaringología,Panama,Cliniweb
José Lorenzo,Otorrinolaringología,joselorenzo77@gmail.com,+507 6457-8648,,PACIFICA SALUD Hospital Pacifica Salud,"Ciudad de Panamá, Panamá. Planta Baja - Pacific Boulevard and, Vía Punta Darién Consultorio 105 Primer Piso",,https://directorio.cliniweb.com/jose-lorenzo,ya en base,Otorrinolaringología,Panama,Cliniweb
Enith Paola Rodríguez Martínez,Otorrinolaringología,consultorio@clinicamedinarodriguez.com,+507 6450-0024,,Clínica Hospital San Fernando Centro Especializado,"Ciudad de Panamá, Panamá. Piso 9 - Vía España. Frente al Registro Público.",,https://directorio.cliniweb.com/enith-paola-rodriguez-martinez,ya en base,Otorrinolaringología,Panama,Cliniweb
Gisselle Murillo Marengo.,Otorrinolaringología,gissym18@gmail.com,+507 6430-4347,,Centro Médico Integral  Alta Especialidad,"Ciudad de Panamá, Panamá. Piso 9, consultorio 7 - Av. Justo Arosemena entre calle 38 y calle 39, detrás del Hospital Nacional",,https://directorio.cliniweb.com/gisselle-murillo-marengo,ya en base,Otorrinolaringología,Panama,Cliniweb
Brenda Ileana Zuñiga,Otorrinolaringología,bizs04@hotmail.com,+507 6411-7120,, CIDEQ,"Ciudad de Panamá, . Plaza San Fernando, Vía España.",,https://directorio.cliniweb.com/brenda-zuniga,ya en base,Otorrinolaringología,Panama,Cliniweb
César Arango,Otorrinolaringología,cesararango13@gmail.com,+507 6344-7400,,Centro Médico Interamericano Consultorio 19,", . Vía Barbarena, Interamericana, frente al Novey de Santiago",,https://directorio.cliniweb.com/cesar-arango,ya en base,Otorrinolaringología,Panama,Cliniweb
Vanessa Ponce,Otorrinolaringología,otorrinopanama@gmail.com,+507 6273-7659,"Cirugía Endoscópica Nasal, Trastornos del Sueño",Consultorios Médicos Paitilla Consultorios Médicos Paitilla,"Ciudad de Panamá, Panamá. Piso 2 Sur - Av Balboa 53",otorrinopanama.com,https://directorio.cliniweb.com/vanessaponce,ya en base,Otorrinolaringología,Panama,Cliniweb
Jacobo Cohen,Otorrinolaringología,clinicacohensa@hotmail.com,+507 6251-4416,Cirugía Plástica Otorrinolaringológica, Consultorios Punta Pacífica,"Ciudad de Panamá, Panamá, . Edificio Planta Baja. Consultorio 9 - Boulevard Pacífica y Vía Punta Darién",,https://directorio.cliniweb.com/jacobo-cohen,ya en base,Otorrinolaringología,Panama,Cliniweb
Mario Grenald,Otorrinolaringología,drmariogrenald@gmail.com,+507 6221-0048,,Hospital Chiriquí Hospital Chiriqui,"David, Panamá. - Ave. 3ra. y Calle Central",www.hospitalchiriqui.com,https://directorio.cliniweb.com/mario-grenald,ya en base,Otorrinolaringología,Panama,Cliniweb
Raquel González,Otorrinolaringología,dra.rgonzalezb@gmail.com,+507 6202-0113,,Consultorios Punta Pacífica Consultorios Punta Pacífica,"Ciudad de Panamá, Panamá. Hospital Punta Pacífica.  Planta baja al lado del Banco General.",,https://directorio.cliniweb.com/raquel-gonzalez-1,ya en base,"Otorrinolaringología, Otología",Panama,Cliniweb
Carmen Fernandez M.,Otorrinolaringología,carmenfernandezm@msn.com,+507 6112-6989,, CLÍNICA SAN JUAN DE DIOS - SANTIAGO,"Ciudad de Panamá, Panamá. Calle Tercera Santiago, Santiago, Veraguas",,https://directorio.cliniweb.com/carmen-fernandez-m,ya en base,Otorrinolaringología,Panama,Cliniweb
Abdiel Bracho,Otorrinolaringología,abdielbracho@pacifica.com,+507 6030-0683,, Consultorios Pacífica Salud,"Ciudad de Panamá, Panamá, . Boulevard Pacífica y Vía Punta Darién",,https://directorio.cliniweb.com/abdiel-bracho,ya en base,Otorrinolaringología,Panama,Cliniweb
Juan Francisco De La Guardia,Otorrinolaringología,clinicadelaguardia@gmail.com,+507 6000-5287,,Hospital Paitilla Hospital Paitilla,"Panamá, Panamá. Royal Center, consultorio 316, Sección B - Avenida Balboa con calle 53",,https://directorio.cliniweb.com/juan-francisco-de-la-guardia,ya en base,Otorrinolaringología,Panama,Cliniweb
Jeannette Crespo De Lombardo,Otorrinolaringología,su-otorrino@hotmail.com,+507 398-1699,,Clínica Hospital San Fernando Centro Especializado,"Ciudad de Panamá, Panamá. Piso 3. Consultorio 8-9. - Vía España. Frente al Registro Público.",,https://directorio.cliniweb.com/doctora-crespodelombardo,ya en base,Otorrinolaringología,Panama,Cliniweb
Ramiro Ramirez,Otorrinolaringología,hsf.agenda1@gmail.com,+507 360-7400,,Hospital Santa Fe Hospital Santa Fe,"Ciudad de Panamá, Panamá. Calle Juan Antonio Delgado",www.hospitalsantafepanama.com,https://directorio.cliniweb.com/ramiro-ramirez,ya en base,Otorrinolaringología,Panama,Cliniweb
Maximiliano E. Romero Castillo,Otorrinolaringología,maximilianoromero47@hotmail.com,+507 305-6364,,Clínica Hospital San Fernando Consultorios Sur,"Ciudad de Panamá, Panamá, . Vía España. Frente al Registro Público.",,https://directorio.cliniweb.com/maximiliano-e-romero-castillo,ya en base,Otorrinolaringología,Panama,Cliniweb
Gisela Del Carmen Mojica De Herrera,Otorrinolaringología,giseladeherrera@hotmail.com,+507 302-1071,,Consultorios Town Center Costa del Este,"Panamá, Panamá. Torre Arboleda, piso 4, consultorio 4030-4031 - Ave. Paseo del Mar, Costa del Este,",,https://directorio.cliniweb.com/gisella-herrera,ya en base,Otorrinolaringología,Panama,Cliniweb
Stella Eduviges Rowley Millán,Otorrinolaringología,stellarowley@gmail.com,+507 278-6605,,Clínica Hospital San Fernando Centro Especializado,"Ciudad de Panamá, Panamá, . Piso 5. Consultorio 3. - Vía España. Frente al Registro Público.",,https://directorio.cliniweb.com/stella-eduviges-rowley-millan,ya en base,Otorrinolaringología,Panama,Cliniweb
Carlos E Burrows Quinzada,Otorrinolaringología,dalys26@hotmail.com,+507 277-7600,, Clinica Hospital San Fernando,"Ciudad de Panamá, Panamá. PANAMA, PANAMA",,https://directorio.cliniweb.com/carlos-e-burrows-quinzada,ya en base,Otorrinolaringología,Panama,Cliniweb
Roberto Alfonso Proll Núñez,Otorrinolaringología,recepcion5n@consultoriospaitilla.com,+507 269-5222,,Consultorios Médicos Paitilla Consultorios Médicos Paitilla,"Ciudad de Panamá, Panamá. Piso 5 Norte, consultorio 514 - Avenida Balboa y Calle 53",www.cmpaitilla.net,https://directorio.cliniweb.com/roberto-proll,ya en base,Otorrinolaringología,Panama,Cliniweb
Ascanio Castillo Riega,Otorrinolaringología,ascaniocastillo@gmail.com,+507 261-7147,,Clínica Hospital San Fernando Policlínica Norte,"Ciudad de Panamá, Panamá, . Vía España. Frente al Registro Público.",,https://directorio.cliniweb.com/ascanio-castillo-riega,ya en base,Otorrinolaringología,Panama,Cliniweb
Orlando Ricardo Sousa Nuñez,Otorrinolaringología,clinicapreciado@gmail.com,+507 261-5321,,"Clínica Hospital San Fernando Centro Especializado, Clínica Preciado","Ciudad de Panamá, Panamá, . Piso PB. Consultorio 7. - Vía España. Frente al Registro Público;",,https://directorio.cliniweb.com/orlando-ricardo-sousa-nunez,ya en base,Otorrinolaringología,Panama,Cliniweb
Eduardo Franco Montalvan,Otorrinolaringología,drefranco@hotmail.com,+507 261-5321,,"Clínica Hospital San Fernando Centro Especializado, Clínica Preciado","Ciudad de Panamá, Panamá, . Vía España. Frente al Registro Público;",,https://directorio.cliniweb.com/eduardo-franco-montalvan,ya en base,Otorrinolaringología,Panama,Cliniweb
Arcecio I. Adames,Otorrinolaringología,arcecio@hotmail.com,+507 253-7272,," Hospitales Nacionales, S. A.","Ciudad de Panamá, Panamá. PANAMA, PANAMA",,https://directorio.cliniweb.com/arcecio-i-adames,ya en base,Otorrinolaringología,Panama,Cliniweb
Manuel Mock,Otorrinolaringología,mockdonatomanuel@gmail.com,+507 229-6675,,Clínica Hospital San Fernando Centro Especializado,"Ciudad de Panamá, Panamá. Piso 3. Consultorio 8-9. - Vía España. Frente al Registro Público.",,https://directorio.cliniweb.com/manuel-mock,ya en base,Otorrinolaringología,Panama,Cliniweb
David Francisco Corro Garcia,Otorrinolaringología,dcorrog@cwpanama.net,+507 227-5444,,Clínica Hospital San Fernando Centro Especializado,"Ciudad de Panamá, Panamá. Piso 7. Consultorio 7-2. - Vía España. Frente al Registro Público.",,https://directorio.cliniweb.com/david-corro,ya en base,Otorrinolaringología,Panama,Cliniweb
Rita Del C. Vasquez,Otorrinolaringología,rdcvasqueza@yahoo.com,+507 227-4733,, Hospital Santa Fe,"Ciudad de Panamá, Panamá. Avenida Frangipani y Simón Bolivar -diagonal a la Terpel, Panama",,https://directorio.cliniweb.com/rita-del-c-vasquez,ya en base,Otorrinolaringología,Panama,Cliniweb
Luis F. Verastegui,Otorrinolaringología,lfverastegui@hotmail.com,+507 206-2595,, CENTRO MEDICO MAE LEWIS,"DAVID, Panamá. DAVID, CHIRIQUI",,https://directorio.cliniweb.com/luis-f-verastegui,ya en base,Otorrinolaringología,Panama,Cliniweb
Ramón Crespo Berges,Otorrinolaringología,clinicacrespopanama@gmail.com,+507 206-2458,"Cirugía de Cabeza y Cuello, Cirugía Endoscópica Nasal",Consultorios Médicos Paitilla Clínica Crespo,"Ciudad de Panamá, Panamá. Piso 2 Sur, consultorio 227. - Avenida Balboa y Calle 53",www.clinicacrespopanama.com/,https://directorio.cliniweb.com/ramon-crespo,ya en base,Otorrinolaringología,Panama,Cliniweb
Jolie Anna Crespo Chanis,Otorrinolaringología,info@clinicacrespopanama.com,+507 206-2458,"Rinología, Cirugía Endoscópica de Senos Paranasales, Trastornos del Sueño, Cirugía de la Base del Cráneo, Cirugía del Sueño",Consultorios Médicos Paitilla Clínica Crespo,"Ciudad de Panamá, Panamá. Piso 2 Sur, consultorio 227 - Avenida Balboa y Calle 53",www.clinicacrespopanama.com,https://directorio.cliniweb.com/jolie-crespo,ya en base,Otorrinolaringología,Panama,Cliniweb
Carlos A. Beitia Samudio,Otorrinolaringología,info@clinicacrespopanama.com,+507 206-2457,"Cirugía de Cabeza y Cuello, Cirugía Endoscópica Nasal, Cirugía Endoscópica de Senos Paranasales",Consultorios Médicos Paitilla Consultorios Médicos Paitilla,"Ciudad de Panamá, Panamá. Piso 2 Sur, consultorio 227 - Avenida Balboa y calle 53.",www.clinicacrespopanama.com/,https://directorio.cliniweb.com/carlos-beitia,ya en base,Otorrinolaringología,Panama,Cliniweb
Emily Castillo,Otorrinolaringología,kadincastillo@yahoo.es,+507 205-2538,,Clínica de la Dra. Emily Castillo Clínica ORL Castillo,"Ciudad de Panamá, Panamá. Piso 5 Consultorio 509 - Royal Center, Local #122, Panamá",,https://directorio.cliniweb.com/emily-castillo,ya en base,Otorrinolaringología,Panama,Cliniweb
Araceli De La Guardia Pérez,Otorrinolaringología,consultaotorrino@live.com,,,Clínica Hospital San Fernando Centro Especializado San Fernando Piso 5 consultorio 9,"Ciudad de Panamá, Panamá. Piso 5. Consultorio 9. - Vía España. Frente al Registro Público.",,https://directorio.cliniweb.com/araceli-delaguardia,ya en base,Otorrinolaringología,Panama,Cliniweb
Flor Isabel Wilson Giraldo,Otorrinolaringología,florwilsonorl@gmail.com,,,,,,https://directorio.cliniweb.com/flor-wilson,ya en base,Otorrinolaringología,Panama,Cliniweb
Antonio  Córdoba Rincón.,Otorrinolaringología,antoniocordoba12@gmail.com,,,Hospital Chiriquí Hospital Chiriquí,"David, Panamá. Torre - Piso   consultorio  - Ave. 3ra. y Calle Central",,https://directorio.cliniweb.com/antonio-cordoba,ya en base,Otorrinolaringología,Panama,Cliniweb
Robert W Samuels Halphen,Otorrinolaringología,rsamuelsmd@gmail.com,,"Ablaciones, Alergia Respiratoria, Audiología Problemas Auditivos, Cirugía Endoscópica de Senos Paranasales, Cirugía Endoscópica Nasal, Endoscopía de Vía Aérea, Endoscopía Pediátrica, Fonoaudiolgía Área de Voz, Fonoaudiología Adultos, Fonoaudiología Área de Audiología, Fonoaudiología Área Infanto Juvenil, Microcirugía",Consultorio America,"Ciudad de Panamá, Panamá. Piso 2 Consultorio 202 - RIO ABAJO, LA SABANA, VIA ESPAÑA LOCAL COMERCIAL CONSULTORIO AMERICA",,https://directorio.cliniweb.com/robert-samuels,ya en base,"Otorrinolaringología, Otorrinolaringología Pediátrica",Panama,Cliniweb
Luis Fernando Verástegui Terraza,Otorrinolaringología,lfverastegui@hotmail.com,,Evaluación y tratamiento de vértigos y transtornos vestibulares,Consultorios Médicos Paitilla Consultorios Médicos Paitilla,"Ciudad de Panamá, Panamá. Calle 53 y av Balboa",www.drverastegui.com,https://directorio.cliniweb.com/luis-verastegui,ya en base,Otorrinolaringología,Panama,Cliniweb
Taihiris Beluche,Otorrinolaringología,taibel27@gmail.com,,,,,,https://directorio.cliniweb.com/dra-taihiris-beluche,ya en base,Otorrinolaringología,Panama,Cliniweb
Ingrid Jiménez,Otorrinolaringología,ingrid28jimenez@gmail.com,,,The Panama Clinic Clínica Jiménez,"Ciudad de Panamá, Panamá. Consultorios médicos The Panama Clinic, Torre A, Consultorio 1020.",,https://directorio.cliniweb.com/ingrid-jimenez,ya en base,Otorrinolaringología,Panama,Cliniweb
Diana Zuluaga,Otorrinolaringología,dzuluagamd@gmail.com,,,,,https://clinicaotorrino.squarespace.com/,https://directorio.cliniweb.com/dra-diana-zuluaga,ya en base,Otorrinolaringología,Panama,Cliniweb
Cristina Alexandra Jiménez  Riasco,Otorrinolaringología,cristinaj_15@hotmail.com,,,,,,https://directorio.cliniweb.com/cristina-alexandra-jimenez-riasco,ya en base,Otorrinolaringología,Panama,Cliniweb
Lionel Quiel,Otorrinolaringología,lquiel0158@gmail.com,,,,,,https://directorio.cliniweb.com/dr-lionel-quiel,ya en base,Otorrinolaringología,Panama,Cliniweb
Marcela Bedoya Ortega,Otorrinolaringología,marfeorl@gmail.com,,Cirugía Plástica Facial,The Panama Clinic CLINICA OTORRINO PANAMA,"Panamá, . Calle Ramón H. Jurado, Hospital The Panama Clinic, Torre A, Piso 10, consultorio 1020",,https://directorio.cliniweb.com/dra-marcela-bedoya,ya en base,Otorrinolaringología,Panama,Cliniweb
Amarilis Meléndez,Otorrinolaringología,amarimd@hotmail.com,,,Hospital Paitilla Hospital Paitilla,"Panamá, Panamá. Royal Center, consultorio 307, Sección A - Avenida Balboa con calle 53",,https://directorio.cliniweb.com/amarilis-melendez,ya en base,Otorrinolaringología,Panama,Cliniweb
Lech Jan Korytkowski,Otorrinolaringología,recepcion1n@consultoriospaitilla.com,,Alergia Respiratoria,Consultorios Médicos Paitilla Consultorios Médicos Paitilla,"Ciudad de Panamá, Panamá. Piso 1 Norte, consultorio 119 - Avenida Balboa y Calle 53",www.cmpaitilla.net,https://directorio.cliniweb.com/lech-k,ya en base,Otorrinolaringología,Panama,Cliniweb
Edna Álvarez Páez,Otorrinolaringología,draealvarez02@gmail.com,,,"Consultorios Médicos Paitilla, Clínica Crespo",", . Piso 2 Sur, consultorio 227 - Avenida Balboa y Calle 53",clinicacrespopanama.com,https://directorio.cliniweb.com/dra-edna-alvarez-paez,ya en base,Otorrinolaringología,Panama,Cliniweb
Vivian Hernández.,Otorrinolaringología,hsf.agenda1@gmail.com,,,HOSPITAL SANTA FE Hospital Santa Fe,"Ciudad de Panamá, Panamá. Piso 1, Consultorio 6 - Ave Frangipani y Simón Bolivar",www.hospitalsantafepanama.com/,https://directorio.cliniweb.com/dravivian-hernandez,ya en base,Otorrinolaringología,Panama,Cliniweb
Bernardino González Ruiz,Otorrinolaringología,bernardinogonzalez_ruiz@hotmail.com,,,Consultorios Médicos Paitilla Consultorios Médicos Paitilla,"Ciudad de Panamá, Panamá. Piso 1 Sur, consultorio 121. - Avenida Balboa y Calle 53",www.cmpaitilla.net,https://directorio.cliniweb.com/bernardino-gonzalez,ya en base,Otorrinolaringología,Panama,Cliniweb
Roberto Adolfo Bravo Córdoba,Otorrinolaringología,otoclinictc@gmail.com,,,Consultorios Médicos Paitilla Consultorios Medicos Paitilla,"Ciudad de Panamá, Panamá. Avenida Balboa con calle 53",,https://directorio.cliniweb.com/robertobravo,ya en base,Otorrinolaringología,Panama,Cliniweb
Brenda Saá Quirós,Otorrinolaringología,drabrendasaa@hotmail.com,,,Clínica Hospital San Fernando Policlínica Norte,"Ciudad de Panamá, Panamá, . Piso 3. Consultorio 12. - Vía España. Frente al Registro Público.",,https://directorio.cliniweb.com/brenda-saa-quiros,ya en base,Otorrinolaringología,Panama,Cliniweb
Teresina Taboada Mascarin,Otorrinolaringología,teresinatm@hotmail.com,,,,,,https://directorio.cliniweb.com/teresina-taboada,ya en base,"Medicina Estética, Otorrinolaringología",Panama,Cliniweb
Mónica Cruz Arias,Otorrinolaringología,MNKCRUZ87@GMAIL.COM,,,Consultorios Town Center Costa del Este,"Panamá, . Torre Arboleda, Piso 4,  consultorio 4031 - Ave. Paseo del Mar, Costa del Este",,https://directorio.cliniweb.com/monica-cruz-arias,ya en base,Otorrinolaringología,Panama,Cliniweb
Ascanio Castillo Sosa,Otorrinolaringología,recepcion4n@consultoriospaitilla.com,,,Consultorios Médicos Paitilla Consultorios Médicos Paitilla,"Ciudad de Panamá, Panamá. Piso 4 Norte, consultorio 406. - Avenida Balboa y Calle 53",www.cmpaitilla.net,https://directorio.cliniweb.com/ascanio-castillo,ya en base,Otorrinolaringología,Panama,Cliniweb
Francisco Tejeira Tejada,Otorrinolaringología,clinicadrtejeira@gmail.com,,"Cirugía de la Base del Cráneo, Cirugía Endoscópica Nasal, Cirugía Endoscópica de Senos Paranasales",Consultorios Médicos Paitilla Consultorios Médicos Paitilla,"Ciudad de Panamá, Panamá. Piso 5 Norte, consultorio 509 - Avenida Balboa y Calle 53",www.cmpaitilla.net,https://directorio.cliniweb.com/francisco-tejeira,ya en base,Otorrinolaringología,Panama,Cliniweb
Jocelyn Contreras,Otorrinolaringología,otorrino.dracontreras@gmail.com,,,,,,https://directorio.cliniweb.com/joselyn-contreras,ya en base,Otorrinolaringología,Panama,Cliniweb
Moises Torrijos,Otorrinolaringología,moisestorrijos@gmail.com,,,Consultorios Médicos Paitilla,"Ciudad de Panamá, Panamá. Piso  5° norte- Consultorio 511-Av. Balboa , calle 53.",,https://directorio.cliniweb.com/dr-moises-torrijos,ya en base,Otorrinolaringología,Panama,Cliniweb
Carlos Beitia - Clinica Otorrino Panamá,Otorrinolaringología,cabeitia@hotmail.com,,,The Panama Clinic Pacific Center,"Panamá, . Calle Ramón H. Jurado, Hospital The Panama Clinic, Torre A, Piso 10, consultorio 1020",,https://directorio.cliniweb.com/dr-carlos-beitia-clinicaotorrino,ya en base,Otorrinolaringología,Panama,Cliniweb
Linette H.  Valdelamar A.,Otorrinolaringología,shannon8102@gmail.com,,,,,,https://directorio.cliniweb.com/linette-h-valdelamar-a,ya en base,Otorrinolaringología,Panama,Cliniweb
Teofilo Camilo Gozaine Abdelmalak,Otorrinolaringología,cemdchiriqui@gmail.com,,, Centro Médico Interamericano,"Santiago, Panamá. Vía Barbarena, Interamericana.",,https://directorio.cliniweb.com/teofilo-camilo-gozaine-abdelmalak,ya en base,Otorrinolaringología,Panama,Cliniweb
Maritxel Martínez Pitti,Otorrinolaringología,maritxelmp@gmail.com,,,,,,https://directorio.cliniweb.com/maritxel-martinez-pitti,ya en base,Otorrinolaringología,Panama,Cliniweb
Diana Rodríguez,Otorrinolaringología,cep-chitre@htomail.com,,, Clínica de Especialidades  Pediatricas Chitré,"Chitré, Panamá. Calle Aminta Burger, urbanización cohen atrás de los bomberos de Chitré, planta baja edificio cepchitre",,https://directorio.cliniweb.com/diana-rodriguez,ya en base,Otorrinolaringología,Panama,Cliniweb
Usmalia Salhiyed Navarro García.,Otorrinolaringología,usma18@gmail.com,,,The Panama Clinic Panamá Clinic Anestesia,", . Panamá Clinic Anestesia Torre B piso 25 consultorio 2501",,https://directorio.cliniweb.com/usmalia-salhiyed-navarro-garcia,ya en base,Otorrinolaringología,Panama,Cliniweb
Rita Vasquez,Otorrinolaringología,hsf.agenda1@gmail.com,,,Hospital Santa Fe Hospital Santa Fe,"Ciudad de Panamá, Panamá. Piso 1, Consultorio 5 - Ave Frangipani y Simón Bolivar",www.hospitalsantafepanama.com,https://directorio.cliniweb.com/rita-vasquez,ya en base,Otorrinolaringología,Panama,Cliniweb
Ariakna Perez,Otorrinolaringología,ariperez29@gmail.com,,,,,,https://directorio.cliniweb.com/dra-ariakna-perez,ya en base,Otorrinolaringología,Panama,Cliniweb
