Nombre,Especialidad,Subespecialidad,Email,Telefono,Consultorio,Direccion,SitioWeb,Perfil_URL,Pais,Fuente
Bienestar sobre Ruedas - Estée Lauder,Medicina General,,bienestar@semmpanama.com,,,,,https://directorio.cliniweb.com/bienestar-sobre-ruedas-estee-lauder,Panama,Cliniweb-Esp
Bienestar sobre Ruedas - BAC,Medicina General,,bienestar@semmpanama.com,,,,,https://directorio.cliniweb.com/bienestar-sobre-ruedas-bac,Panama,Cliniweb-Esp
Clínica San Erasmo - Medicina General,Medicina General,,karla.castro@clinicasanerasmo.com,,,,,https://directorio.cliniweb.com/clinica-san-erasmo---medicina-general,Panama,Cliniweb-Esp
Saskia Mier Sánchez,Medicina General,,mdsmier@gmail.com,99 821 5049, Novaclinica,"Quito, Ecuador. Novaclínica Santa Cecilia",,https://directorio.cliniweb.com/saskia-mier-sanchez,Panama,Cliniweb-Esp
Medicina General Clínica Bienestar Integral - Parrita,Medicina General,,b.integralcr@gmail.com,,,,www.bienestarintegralcr.com,https://directorio.cliniweb.com/medicina-clinica-bienestar-integral---parrita,Panama,Cliniweb-Esp
Bienestar sobre Ruedas - Metrobank Tower,Medicina General,,palig-bienestarmetrobank@cliniweb.com,,,,,https://directorio.cliniweb.com/bienestar-sobre-ruedas-metrobank,Panama,Cliniweb-Esp
Bienestar sobre Ruedas - ISP,Medicina General,,bienestar@semmpanama.com,,,,,https://directorio.cliniweb.com/bienestar-sobre-ruedas-isp,Panama,Cliniweb-Esp
Medicina General Centro Médico Jackson´s Memorial - San Ramón,Medicina General,,cmjacksonmemorial@gmail.com,,Centro Médico Jackson´s Memorial,"San Ramon, Costa Rica. 100m sur de los semaforos del Hospital Carlos Luis Valverde Vega, 20201 San Ramón, Costa Rica",,https://directorio.cliniweb.com/medicinageneralcentromedicojacksonsmemorial,Panama,Cliniweb-Esp
Bienestar sobre Ruedas - OPTIMA,Medicina General,,bienestar@semmpanama.com,,,,,https://directorio.cliniweb.com/bienestar-sobre-ruedas-optima,Panama,Cliniweb-Esp
Centro De Investigación Y Diagnóstico Médico,Medicina General,,cid.med@outlook.com,02 600 7219 - CUPOS DISPONIBLES SÓLO PARA TELECONSULTA, Centro de Investigación y Diagnóstico Médico,"Quito, Ecuador. Avenida Mariana de Jesús Oe 702 y Nuño de Vaderrama",http://cidmedsalud.com/,https://directorio.cliniweb.com/cidmed,Panama,Cliniweb-Esp
Bienestar sobre Ruedas - PROMED,Medicina General,,bienestar@semmpanama.com,,,,,https://directorio.cliniweb.com/bienestar-sobre-ruedas-promed,Panama,Cliniweb-Esp
Bienestar sobre Ruedas - Banisi,Medicina General,,bienestar@semmpanama.com,,,,,https://directorio.cliniweb.com/bienestar-sobre-ruedas-banisi,Panama,Cliniweb-Esp
Gabriela Zapata,Medicina General,,Gabriela_zapata@hotmail.com,,Centro Medico Citimed Centro Médico Citimed,", . Piso 6- Consultorio 629 - Av. Mariana de Jesús OE7-02 y Nuño de Valderrama Distrito Metropolitano De Quito, Pichincha, Ecuador",,https://directorio.cliniweb.com/gabriela-zapata,Panama,Cliniweb-Esp
Oscar Adrián Carvajal Jiménez,Medicina General,,drocarvajalj@gmail.com,+506 4040 0186 / +506 8417 4638 / +506 8309 5092   - email: citasdrcarvajal@gmail.com, Consultorio médico Dr. Carvajal J.,"Vázquez de Coronado, San José, Costa Rica. 100 metros este y 175 norte de la Clínica de Coronado",,https://directorio.cliniweb.com/oscar-adrian-carvajal-jimenez,Panama,Cliniweb-Esp
Xinia Patricia Fallas Villalobos,Medicina General,,patriciafallas@consultoriovida.com,22370020 - email: patriciafallas@consultoriovida.com, Consultorio de Xinia Patricia Fallas Villalobos,", Costa Rica. HEREDIA CENTRO, 100 METROS SUR DE LA ESQUINA SUROESTE DEL PARQUE DE LOS ANGELES, EN CLINICA INMACULADA",,https://directorio.cliniweb.com/xinia-patricia-fallas-villalobos,Panama,Cliniweb-Esp
Radiología Dr. Solera - Medicina General - Guadalupe,"Medicina General, Chequeos Médicos",,mercadeo2@radiologiadrsolera.com,,,,,https://directorio.cliniweb.com/medicina-general-4,Panama,Cliniweb-Esp
Bienestar sobre Ruedas - Canal Bank,Medicina General,,palig-bienestar-canalbank@cliniweb.com,,,,,https://directorio.cliniweb.com/bienestar-sobre-ruedas-canal-bank,Panama,Cliniweb-Esp
Silvia E. Cordero Q.,Medicina General,,CQSILV2@mawdy.com,,,,,https://directorio.cliniweb.com/silvia-elena-cordero-quiros,Panama,Cliniweb-Esp
Kevin Adolfo Corella Ruiz,Medicina General,,kevincorellar@msn.com,87681616 - email: kevincorellar@msn.com, Consultorio de Kevin Adolfo Corella Ruiz,", Costa Rica. Alajuela centro, 275m Este de la Municipalidad 175m Este de la esquina de la parada de taxis de la Iglesia Agonia",,https://directorio.cliniweb.com/kevin-adolfo-corella-ruiz,Panama,Cliniweb-Esp
David Rolando Romero Matamoros,Medicina General,,dr.romeromatamoros@gmail.com,88654428 - email: dr.romeromatamoros@gmail.com, Consultorio de David Rolando Romero Matamoros,", Costa Rica. Pérez Zeledón, San Isidro, Clínica San Lucas ",,https://directorio.cliniweb.com/david-rolando-romero-matamoros,Panama,Cliniweb-Esp
Abdy Orozco Montoya,"Medicina General, Cirugía General",,dr.orozco@outlook.es,64161807 - email: dr.orozco@outlook.es, Clínica del Doctor Abdy Orozco Montoya,", . Cartago",,https://directorio.cliniweb.com/abdy-orozco-montoya,Panama,Cliniweb-Esp
Angela Braddick,Medicina General,,abraddick@palig.com,,,,,https://directorio.cliniweb.com/angela-braddick,Panama,Cliniweb-Esp
Medicina General Centro Médico Jackson Phoenix,"Medicina General, Chequeos Médicos",,resultados@grupojackson.com,,,,,https://directorio.cliniweb.com/medicina-general-centro-medico-jackson-phoenix,Panama,Cliniweb-Esp
Shalina Deva Villarreal,Medicina General,,med_primaria@hospitalsanfernando.com,,,,,https://directorio.cliniweb.com/shalina-deva-villarreal,Panama,Cliniweb-Esp
Giselle Girado,Medicina General,,ggirado@palig.com,,,,,https://directorio.cliniweb.com/giselle-girado,Panama,Cliniweb-Esp
Medicina General - Kerygma Centro Médico  - Guapiles,Medicina General,,info@kerygmaclinica.com,8319-9024, Kerygma Centro Médico,"Pococi, Costa Rica. 125 m Oeste del Hospital de Guápiles, Limón, Costa Rica",,https://directorio.cliniweb.com/dr-medicina-general-kerygma-centro-medico-guap,Panama,Cliniweb-Esp
Juan  Rivera,Medicina General,,dr.juan.rivera@live.com,Telf:  0990196956, Clínica Samborondón,"Guayaquil, Ecuador. Av. Samborondón 7850, Samborondón 092302, Ecuador",,https://directorio.cliniweb.com/juan_rivera,Panama,Cliniweb-Esp
Ruben Santos,Medicina General,,rsantos@palig.com,,,,,https://directorio.cliniweb.com/ruben-santos,Panama,Cliniweb-Esp
Eddy Ramon Poveda Morales,Medicina General,,eddypm0222@gmail.com,85500350 - email: eddypm0222@gmail.com, Consultorio de Eddy Ramon Poveda Morales,"San Jose, Costa Rica. 275 mts este de la Municipalidad De Alajuela",,https://directorio.cliniweb.com/eddy-ramon-poveda-morales,Panama,Cliniweb-Esp
Guadalupe Ureña,Medicina General,,gurena@palig.com,,,,,https://directorio.cliniweb.com/guadalupe-urena,Panama,Cliniweb-Esp
Jeffry Martin Mussio Rojas,Medicina General,,docmussio@gmail.com,87770112 - email: docmussio@gmail.com, Consultorio de Jeffry Martin Mussio Rojas,", Costa Rica. LA UNION, TRES RIOS, CARTAGO, COSTA RICA.",,https://directorio.cliniweb.com/jeffry-martin-mussio-rojas,Panama,Cliniweb-Esp
Dalembert Engels López Diaz,Medicina General,Diabetes,soporte@cliniweb.com,," AV. PETAPA 45 CALLE 19-40 ZONA 12, C.C. PORTAL PETAPA LOCAL 114","GUATEMALA, Guatemala. AV. PETAPA 45 CALLE 19-40 ZONA 12, C.C. PORTAL PETAPA LOCAL 114",,https://directorio.cliniweb.com/dalembert-engels-lopez-diaz,Panama,Cliniweb-Esp
Heder Roman  Chavajay Pérez,Medicina General,,soporte@cliniweb.com,," 4A CALLE 3- 49  ZONA 1. SANTA LUCIA COTZUMALGUAPA, ESCUINTLA","STA. LUCIA COTZ., Guatemala. 4A CALLE 3- 49  ZONA 1. SANTA LUCIA COTZUMALGUAPA, ESCUINTLA",,https://directorio.cliniweb.com/heder-roman-chavajay-perez,Panama,Cliniweb-Esp
José Francisco Jinesta González,Medicina General,,jfjinesta@gmail.com,87039336 - email: jfjinesta@gmail.com, Consultorio de José Francisco Jinesta González,"San Jose, Costa Rica. . - CURRIDABAT DE MC DONALD´S DE PLAZA DEL SOL 850 METROS AL SUR",,https://directorio.cliniweb.com/jose-francisco-jinesta-gonzalez,Panama,Cliniweb-Esp
Abner Josue Mendoza Cordero,Medicina General,,abnermenco@hotmail.com,61437336 - email: abnermenco@hotmail.com, Clínica del Doctor Abner Josue Mendoza Cordero,", . San pedro  ",,https://directorio.cliniweb.com/abner-josue-mendoza-cordero,Panama,Cliniweb-Esp
Carlos Marcelo Larrea Londoño,Medicina General,,soporte@cliniweb.com,,Citimed Kinexus Farmanexus,"Quito, Ecuador. Av. Mariana de Jesús OE7-02 y Nuño de Valderrama",,https://directorio.cliniweb.com/carlos-marcelo-larrea-londono,Panama,Cliniweb-Esp
Jaime Orlando  Gomez Morales,Medicina General,,soporte@cliniweb.com,," 8A AVE 3A CALLE ESQUINA ZONA 4 HUEHUETENANGO, HOSPITAL SAN MARTIN","HUEHUETENANGO, Guatemala. 8A AVE 3A CALLE ESQUINA ZONA 4 HUEHUETENANGO, HOSPITAL SAN MARTIN",,https://directorio.cliniweb.com/jaime-orlando-gomez-morales,Panama,Cliniweb-Esp
Mónica Guerra,Medicina General,,monicaguerra0306@gmail.com,099 773 4936,Citimed Centro Quirúrgico,"Quito, Ecuador. Av. Mariana de Jesús OE7-02 y Nuño de Valderrama",,https://directorio.cliniweb.com/monica-guerra,Panama,Cliniweb-Esp
Sonia Margarita Cruz Fuentes,Medicina General,,soporte@cliniweb.com,," 4TA AVENIDA 2DA CALLE ZONA 1. SANTA ELENA, FLORES, PETEN","EL PETEN, Guatemala. 4TA AVENIDA 2DA CALLE ZONA 1. SANTA ELENA, FLORES, PETEN",,https://directorio.cliniweb.com/sonia-margarita-cruz-fuentes,Panama,Cliniweb-Esp
Priscilla Chaves Flores,Medicina General,,pila0519@gmail.com,86426550 - email: pila0519@gmail.com, Consultorio de Priscilla Chaves Flores,", Costa Rica. Heredia, Mercedes Norte, 75 metros al norte del cementerio",,https://directorio.cliniweb.com/priscilla-chaves-flores,Panama,Cliniweb-Esp
Rodolfo Antonio Vargas Mena,Medicina General,,rodolfo.vargas@outlook.com,85896632 - email: rodolfo.vargas@outlook.com, Consultorio de Rodolfo Antonio Vargas Mena,", . Consultorio de  Rodolfo Antonio Vargas Mena",,https://directorio.cliniweb.com/rodolfo-antonio-vargas-mena,Panama,Cliniweb-Esp
Albert Josué Cerdas Duran,Medicina General,,albertcd94@hotmail.com,88195491 - email: albertcd94@hotmail.com, Consultorio de Albert Josué Cerdas Duran,", . Consultorio de  Albert Josué Cerdas Duran",,https://directorio.cliniweb.com/albert-josue-cerdas-duran,Panama,Cliniweb-Esp
Ericka Ortega,Medicina General,,eortega@palig.com,,,,,https://directorio.cliniweb.com/ericka-ortega,Panama,Cliniweb-Esp
Francísco Mejía,Medicina General,,soporte@cliniweb.com,,Citimed Consultorio de Francísco Mejía,"Quito, Ecuador. Av. Mariana de Jesús OE7-02 y Nuño de Valderrama",,https://directorio.cliniweb.com/francisco-mejia,Panama,Cliniweb-Esp
Adrián Francisco Hernández Pereira,Medicina General,,adnhp3195@gmail.com,83254278 - email: adnhp3195@gmail.com, Clínica del Doctor Adrián Francisco Hernández Pereira,", . -   ",,https://directorio.cliniweb.com/adrian-francisco-hernandez-pereira,Panama,Cliniweb-Esp
Ana María Gómez Jaramillo,"Medicina General, Medicina Interna",,info@anagomezmd.com,,Centro Medico Citimed SuportaMed,", . Piso 8 - Consultorio 801 - Av. Mariana de Jesús OE7-02 y Nuño de Valderrama",,https://directorio.cliniweb.com/ana-maria-gomez-jaramillo,Panama,Cliniweb-Esp
Abel Antonio Hooker Mendez,"Medicina General, Cirugía General",,abel123095@gmail.com,88820928 - email: abel123095@gmail.com, Clínica del Doctor Abel Antonio Hooker Mendez,", . -   ",,https://directorio.cliniweb.com/abel-antonio-hooker-mendez,Panama,Cliniweb-Esp
Lucia Angelica García Soto,Medicina General,,garcia.angelik@gmail.com,,Centro Medico Citimed SuportaMed,", . Piso 8 - Consultorio 801 - Av. Mariana de Jesús OE7-02 y Nuño de Valderrama",,https://directorio.cliniweb.com/lucia-angelica-garcia-soto,Panama,Cliniweb-Esp
Jean Carlo Calvo Duran,Medicina General,,jcanatomy@hotmail.com,8531-1915 - email: jcanatomy@hotmail.com, Consultorio de Jean Carlo Calvo Duran,", . Consultorio de  Jean Carlo Calvo Duran",,https://directorio.cliniweb.com/jean-carlo-calvo-duran,Panama,Cliniweb-Esp
Jorge Estuardo González Berganza,Medicina General,,soporte@cliniweb.com,, BARRIO LA FEDERAL ASUNCION MITA JUTIAPA,"ASUNCION MITA, Guatemala. BARRIO LA FEDERAL ASUNCION MITA JUTIAPA",,https://directorio.cliniweb.com/jorge-estuardo-gonzalez-berganza,Panama,Cliniweb-Esp
Dallana Fernández Paniagua,Medicina General,,dayaferpa@gmail.com,8729-1980 - email: dayaferpa@gmail.com, Consultorio de Dallana Fernández Paniagua,", . Consultorio de  Dallana Fernández Paniagua",,https://directorio.cliniweb.com/dallana-fernandez-paniagua,Panama,Cliniweb-Esp
Aaron Esteban Hernandez Cervantes,Medicina General,,dr_aaronhc@yahoo.com,+506 2297 6300     - email: ahernandezc@unibe.ac.cr, Hospital Clínica UNIBE,"Tibás, San José, . 200 metros este del ICE, Tibas, Costa Rica",,https://directorio.cliniweb.com/aaron-esteban-hernandez-cervantes,Panama,Cliniweb-Esp
Adrian Castillo Aranda,Medicina General,,castilloa06@gmail.com,71061131 - email: castilloa06@gmail.com, Clínica del Doctor Adrian Castillo Aranda,", . San Jose Rohrmoser La Favorita Zona Franca Coyol Alajuela",,https://directorio.cliniweb.com/adrian-castillo-aranda,Panama,Cliniweb-Esp
Porsalud  Guatemala,Medicina General,,soporte@cliniweb.com,, 19 CALLE 5-47 ZONA 10 EDIFICIO UNICENTRO LOCAL 206,"GUATEMALA, Guatemala. 19 CALLE 5-47 ZONA 10 EDIFICIO UNICENTRO LOCAL 206",,https://directorio.cliniweb.com/porsalud-guatemala,Panama,Cliniweb-Esp
Leonel Jefferson Ojeda Reyes,Medicina General,,jeffleo40@hotmail.com,099 992 2980,CDR Salud Lab,"Quito, Ecuador. Av. Mariana de Jesús OE7-02 y Nuño de Valderrama",,https://directorio.cliniweb.com/leonel-jefferson-ojeda-reyes,Panama,Cliniweb-Esp
Echeverria Priscila  De León De,Medicina General,,soporte@cliniweb.com,," 12 C. ""B"" 36-24, JARD.DE LA ASUNCION LOCAL 40, NIV. 2 NOVICENTRO","GUATEMALA, Guatemala. 12 C. ""B"" 36-24, JARD.DE LA ASUNCION LOCAL 40, NIV. 2 NOVICENTRO",,https://directorio.cliniweb.com/echeverria-priscila-de-leon-de,Panama,Cliniweb-Esp
Ávila Valle  Carlos Estuardo,Medicina General,,soporte@cliniweb.com,," 3ERA AVENIDA 1 - 132 SANTA LUCIA COTZUMALGUAPA, ESCUINTLA","STA. LUCIA COTZ., Guatemala. 3ERA AVENIDA 1 - 132 SANTA LUCIA COTZUMALGUAPA, ESCUINTLA ",,https://directorio.cliniweb.com/avila-valle-carlos-estuardo,Panama,Cliniweb-Esp
Lily Janneth Pineda Roldan,Medicina General,,soporte@cliniweb.com,," 5 AVE. 1-46 ZONA 1, INTERIOR DEL HOSPITAL PRIVADO SAN ANTONIO. ESCUINTLA.","ESCUINTLA, Guatemala. 5 AVE. 1-46 ZONA 1, INTERIOR DEL HOSPITAL PRIVADO SAN ANTONIO. ESCUINTLA.",,https://directorio.cliniweb.com/lily-janneth-pineda-roldan,Panama,Cliniweb-Esp
Hilda María Barrantes Guerrero,Medicina General,,hildamaria.barrantes@gmail.com,88780548 - email: hildamaria.barrantes@gmail.com, Consultorio de Hilda María Barrantes Guerrero,", Costa Rica. 300m sur y 25 m este del Almacn el Verdugo Cañas Guanacaste 300m sur y 25 m este del Almacén el Verdugo Cañas Guanacaste",,https://directorio.cliniweb.com/hilda-maria-del-socorro-barrantes-guerrero,Panama,Cliniweb-Esp
Walter Arango Pivaral,Medicina General,,soporte@cliniweb.com,, 1 CALLE 3-49 ZONA 3 MATAQUESCUINTLA,"MATAQUESCUINTLA, Guatemala. 1 CALLE 3-49 ZONA 3 MATAQUESCUINTLA ",,https://directorio.cliniweb.com/walter-arango-pivaral,Panama,Cliniweb-Esp
Medicina General - Clínica Lostalo,Medicina General,,"lostalo.clinica@gmail.com /
angiemoraquesada@hotmail.com /lourdes7019@yahoo.com",7131-2833, Clínica Lostalo,"Puntarenas, Costa Rica. Urbanización Doña Cecilia. Primer edificio esquinero a mano derecha, color crema",,https://directorio.cliniweb.com/dr-medicina-general-clinica-lostalo-acapulco,Panama,Cliniweb-Esp
Harold Adali Caceres Pineda,Medicina General,,soporte@cliniweb.com,," 5 AVE. 1-46 ZONA 1, INTERIOR DEL HOSPITAL PRIVADO SAN ANTONIO. ESCUINTLA.","ESCUINTLA, Guatemala. 5 AVE. 1-46 ZONA 1, INTERIOR DEL HOSPITAL PRIVADO SAN ANTONIO. ESCUINTLA.",,https://directorio.cliniweb.com/harold-adali-caceres-pineda,Panama,Cliniweb-Esp
Aaron Josue Vargas Avila,Medicina General,,ajvargas226@gmail.com,88568460 - email: ajvargas226@gmail.com, Clínica del Doctor Aaron Josue Vargas Avila,", . -   ",,https://directorio.cliniweb.com/aaron-josue-vargas-avila,Panama,Cliniweb-Esp
Ana Lucrecia Marroquin González,Medicina General,,soporte@cliniweb.com,," BARRIO EL PORVENIR, GUASTATOYA","GUASTATOYA, Guatemala. BARRIO EL PORVENIR, GUASTATOYA",,https://directorio.cliniweb.com/ana-lucrecia-marroquin-gonzalez,Panama,Cliniweb-Esp
Josué González Cubero,Medicina General,,jgonzalez1405@hotmail.com,70128997 - email: jgonzalez1405@hotmail.com, Consultorio de Josué González Cubero,", . Consultorio de  Josué González Cubero",,https://directorio.cliniweb.com/josue-gonzalez-cubero,Panama,Cliniweb-Esp
Ludvin Geovany Barrera Godoy,Medicina General,,soporte@cliniweb.com,," BARRIO 2 DE ABRIL, ASUNCION MITA","ASUNCION MITA, Guatemala. BARRIO 2 DE ABRIL, ASUNCION MITA",,https://directorio.cliniweb.com/ludvin-geovany-barrera-godoy,Panama,Cliniweb-Esp
Densisur Medicina General/  Pap,Medicina General,,asegumedigeneral@gmail.com,,,,,https://directorio.cliniweb.com/densisur-medicina-general-pap,Panama,Cliniweb-Esp
Figueroa Reyes  David Alejandro,Medicina General,,soporte@cliniweb.com,," 4A CALLE 3- 49  ZONA 1. SANTA LUCIA COTZUMALGUAPA, ESCUINTLA","STA. LUCIA COTZ., Guatemala. 4A CALLE 3- 49  ZONA 1. SANTA LUCIA COTZUMALGUAPA, ESCUINTLA",,https://directorio.cliniweb.com/figueroa-reyes-david-alejandro,Panama,Cliniweb-Esp
Laura Elena Bustillos Pacheco,Medicina General,,laubp_93@hotmail.com,+506 2552 0728     - email: clinicagoretti@gmail.com, Clínica Médica Goretti,"Cartago, Costa Rica. 150 metros sur del Colegio Universitario de Cartago",,https://directorio.cliniweb.com/laura-elena-bustillos-pacheco,Panama,Cliniweb-Esp
Angela Silva,Medicina General,,soporte@cliniweb.com,096 155 5522,CDR Mads Cimb Centro De Medicina Biológica,"Quito, Ecuador. Av. Mariana de Jesús OE7-02 y Nuño de Valderrama",,https://directorio.cliniweb.com/angela-silva-,Panama,Cliniweb-Esp
Adrian Alberto Cespedes Prado,Medicina General,,cespedes27@hotmail.com,83738573 - email: cespedes27@hotmail.com, Clínica del Doctor Adrian Alberto Cespedes Prado,", . -   ",,https://directorio.cliniweb.com/adrian-alberto-cespedes-prado,Panama,Cliniweb-Esp
Joyner Daniel  Monterroso Monzon,Medicina General,,soporte@cliniweb.com,, 8 CALLE 7 - 09 ZONA 4 TOTONICAPAN,"TOTONICAPAN, Guatemala. 8 CALLE 7 - 09 ZONA 4 TOTONICAPAN",,https://directorio.cliniweb.com/joyner-daniel-monterroso-monzon,Panama,Cliniweb-Esp
Vianka Rozzinath Recinos España,Medicina General,,soporte@cliniweb.com,, BARRIO LA FEDERAL ASUNCION MITA JUTIAPA,"ASUNCION MITA, Guatemala. BARRIO LA FEDERAL ASUNCION MITA JUTIAPA",,https://directorio.cliniweb.com/vianka-rozzinath-recinos-espana,Panama,Cliniweb-Esp
María José Serrano Chaves,Medicina General,,marijo022008@hotmail.com,85374065 - email: marijo022008@hotmail.com, Consultorio de María José Serrano Chaves,", . Consultorio de  María José Serrano Chaves",,https://directorio.cliniweb.com/maria-jose-serrano-chaves,Panama,Cliniweb-Esp
Francisco Aversa,Medicina General,,faversa@palig.com,,,,,https://directorio.cliniweb.com/francisco-aversa-1,Panama,Cliniweb-Esp
Dr. Samuel Cattan,Cirugía General,,,Agenda tu cita al 6281-1041 / 775-4149,Hospital CMML,Panamá,hospitalcmml.com,,Panama,Hospital-CMML
Dr. Félix Morales,Cirugía General,,,Agenda tu cita al 775-4616 ext 5009,Hospital CMML,Panamá,hospitalcmml.com,,Panama,Hospital-CMML
Dr. Erick Miranda,Cirugía General,,,6748-9410,Hospital CMML,Panamá,hospitalcmml.com,,Panama,Hospital-CMML
Dr. Filabran de Gracia,Cirugía General,,,775-4616 EXT 232,Hospital CMML,Panamá,hospitalcmml.com,,Panama,Hospital-CMML
Dr. Alexander Diaz,Medicina General,,,Cuarto de Urgencias,Hospital CMML,Panamá,hospitalcmml.com,,Panama,Hospital-CMML
Dra. Amelia Barria,Medicina General,,,Cuarto de Urgencias,Hospital CMML,Panamá,hospitalcmml.com,,Panama,Hospital-CMML
Dr. Anthony Candanedo,Medicina General,,,Cuarto de Urgencias,Hospital CMML,Panamá,hospitalcmml.com,,Panama,Hospital-CMML
Dra. Cindy Batista,Medicina General,,,Cuarto de Urgencias,Hospital CMML,Panamá,hospitalcmml.com,,Panama,Hospital-CMML
Dra. Daniza Garcia,Medicina General,,,Cuarto de Urgencias,Hospital CMML,Panamá,hospitalcmml.com,,Panama,Hospital-CMML
Dr. Edward Espinosa,Medicina General,,,Cuarto de Urgencias,Hospital CMML,Panamá,hospitalcmml.com,,Panama,Hospital-CMML
Dr. Eduardo Castillo,Medicina General,,,Cuarto de Urgencias,Hospital CMML,Panamá,hospitalcmml.com,,Panama,Hospital-CMML
Dr. Genaro Jimenez,Medicina General,,,Cuarto de Urgencias,Hospital CMML,Panamá,hospitalcmml.com,,Panama,Hospital-CMML
Dr. Rigoberto Saldaña,Medicina General,,,Cuarto de Urgencias,Hospital CMML,Panamá,hospitalcmml.com,,Panama,Hospital-CMML
Dra. Mariela Hurtado,Cirugía General,,,Consultorio N° 14 | Cel. 6727-6861,Hospital CMML,Panamá,hospitalcmml.com,,Panama,Hospital-CMML
Dra. Dayna Ibarra,Medicina General,,,Consultorio / Urgencias| | Tel. 775-4616,Hospital CMML,Panamá,hospitalcmml.com,,Panama,Hospital-CMML
Dra. Nadieshka de León,Medicina General,,,Consultorio / Urgencias | Tel. 775-4616,Hospital CMML,Panamá,hospitalcmml.com,,Panama,Hospital-CMML
Dr. Giovani Tejeira,Medicina General,,,Consultorio / Urgencias | Tel. 775-4616,Hospital CMML,Panamá,hospitalcmml.com,,Panama,Hospital-CMML
Dr. Henry Araúz,Medicina General,,,Consultorio / Urgencias | Tel. 775-4616,Hospital CMML,Panamá,hospitalcmml.com,,Panama,Hospital-CMML
Dra. 	Ivelin Insturaín,Cirugía General,,,Agenda tu cita al 7754- 202 / 6836-5749,Hospital CMML,Panamá,hospitalcmml.com,,Panama,Hospital-CMML
Luis E De Urriola B,Medicina General,,,,MINSA Panamá,Panamá,minsa.gob.pa,,Panama,MINSA-Planilla-2024
Ivette Guzman Valdes,Medicina General,,,,MINSA Panamá,Panamá,minsa.gob.pa,,Panama,MINSA-Planilla-2024
Walter Nunez,Medicina General,,,,MINSA Panamá,Panamá,minsa.gob.pa,,Panama,MINSA-Planilla-2024
Alex Jaen M,Medicina General,,,,MINSA Panamá,Panamá,minsa.gob.pa,,Panama,MINSA-Planilla-2024
Juan Mitre,Medicina General,,,,MINSA Panamá,Panamá,minsa.gob.pa,,Panama,MINSA-Planilla-2024
Arles Caballero,Medicina General,,,,MINSA Panamá,Panamá,minsa.gob.pa,,Panama,MINSA-Planilla-2024
Martha Zuniga,Medicina General,,,,MINSA Panamá,Panamá,minsa.gob.pa,,Panama,MINSA-Planilla-2024
Luis Gonzalez,Medicina General,,,,MINSA Panamá,Panamá,minsa.gob.pa,,Panama,MINSA-Planilla-2024
Hilario M Correa M,Medicina General,,,,MINSA Panamá,Panamá,minsa.gob.pa,,Panama,MINSA-Planilla-2024
Hermes Bustamante,Medicina General,,,,MINSA Panamá,Panamá,minsa.gob.pa,,Panama,MINSA-Planilla-2024
Joaquin Chang,Medicina General,,,,MINSA Panamá,Panamá,minsa.gob.pa,,Panama,MINSA-Planilla-2024
Yanick L Sanchez,Medicina General,,,,MINSA Panamá,Panamá,minsa.gob.pa,,Panama,MINSA-Planilla-2024
Jose M Batista,Medicina General,,,,MINSA Panamá,Panamá,minsa.gob.pa,,Panama,MINSA-Planilla-2024
Jorge I Guevara S,Medicina General,,,,MINSA Panamá,Panamá,minsa.gob.pa,,Panama,MINSA-Planilla-2024
Gladys T De Cartin,Medicina General,,,,MINSA Panamá,Panamá,minsa.gob.pa,,Panama,MINSA-Planilla-2024
Luis A Garrido,Medicina General,,,,MINSA Panamá,Panamá,minsa.gob.pa,,Panama,MINSA-Planilla-2024
Aura Cecilia Campos Batista,Medicina General,,,,MINSA Panamá,Panamá,minsa.gob.pa,,Panama,MINSA-Planilla-2024
Alfredo Melhado,Medicina General,,,,MINSA Panamá,Panamá,minsa.gob.pa,,Panama,MINSA-Planilla-2024
Miguel Correa C,Medicina General,,,,MINSA Panamá,Panamá,minsa.gob.pa,,Panama,MINSA-Planilla-2024
Manuel Pardo,Medicina General,,,,MINSA Panamá,Panamá,minsa.gob.pa,,Panama,MINSA-Planilla-2024
Myrian Cedeno,Medicina General,,,,MINSA Panamá,Panamá,minsa.gob.pa,,Panama,MINSA-Planilla-2024
Victor Bonifati,Medicina General,,,,MINSA Panamá,Panamá,minsa.gob.pa,,Panama,MINSA-Planilla-2024
Lajestany De Gracia,Medicina General,,,,MINSA Panamá,Panamá,minsa.gob.pa,,Panama,MINSA-Planilla-2024
Juan Carlos Mendoza S,Medicina General,,,,MINSA Panamá,Panamá,minsa.gob.pa,,Panama,MINSA-Planilla-2024
Ariel Prado,Medicina General,,,,MINSA Panamá,Panamá,minsa.gob.pa,,Panama,MINSA-Planilla-2024
Jose De Gracia,Medicina General,,,,MINSA Panamá,Panamá,minsa.gob.pa,,Panama,MINSA-Planilla-2024
Emelie Barria,Medicina General,,,,MINSA Panamá,Panamá,minsa.gob.pa,,Panama,MINSA-Planilla-2024
Anayansi Campo,Medicina General,,,,MINSA Panamá,Panamá,minsa.gob.pa,,Panama,MINSA-Planilla-2024
Ricardo A Guete R,Medicina General,,,,MINSA Panamá,Panamá,minsa.gob.pa,,Panama,MINSA-Planilla-2024
Jenevive Munoz,Medicina General,,,,MINSA Panamá,Panamá,minsa.gob.pa,,Panama,MINSA-Planilla-2024
Israel Heraclio Cedeno Gonzalez,Medicina General,,,,MINSA Panamá,Panamá,minsa.gob.pa,,Panama,MINSA-Planilla-2024
Luder Solis,Medicina General,,,,MINSA Panamá,Panamá,minsa.gob.pa,,Panama,MINSA-Planilla-2024
Geni Hooker Castillo,Medicina General,,,,MINSA Panamá,Panamá,minsa.gob.pa,,Panama,MINSA-Planilla-2024
Serafina San Martin,Medicina General,,,,MINSA Panamá,Panamá,minsa.gob.pa,,Panama,MINSA-Planilla-2024
Diana Candanedo,Medicina General,,,,MINSA Panamá,Panamá,minsa.gob.pa,,Panama,MINSA-Planilla-2024
Millysbeth Ramos,Medicina General,,,,MINSA Panamá,Panamá,minsa.gob.pa,,Panama,MINSA-Planilla-2024
Emanuel Vargas,Medicina General,,,,MINSA Panamá,Panamá,minsa.gob.pa,,Panama,MINSA-Planilla-2024
Luis C Ubarte U,Medicina General,,,,MINSA Panamá,Panamá,minsa.gob.pa,,Panama,MINSA-Planilla-2024
Jeannette Ortega,Medicina General,,,,MINSA Panamá,Panamá,minsa.gob.pa,,Panama,MINSA-Planilla-2024
Pablo Osorio,Medicina General,,,,MINSA Panamá,Panamá,minsa.gob.pa,,Panama,MINSA-Planilla-2024
Cesar A Gantes R,Medicina General,,,,MINSA Panamá,Panamá,minsa.gob.pa,,Panama,MINSA-Planilla-2024
Edwin Perez,Medicina General,,,,MINSA Panamá,Panamá,minsa.gob.pa,,Panama,MINSA-Planilla-2024
Arnulfo Diaz,Medicina General,,,,MINSA Panamá,Panamá,minsa.gob.pa,,Panama,MINSA-Planilla-2024
Edgar Pachon,Medicina General,,,,MINSA Panamá,Panamá,minsa.gob.pa,,Panama,MINSA-Planilla-2024
Rosa M Kaled,Medicina General,,,,MINSA Panamá,Panamá,minsa.gob.pa,,Panama,MINSA-Planilla-2024
Ramon Ramon,Medicina General,,,,MINSA Panamá,Panamá,minsa.gob.pa,,Panama,MINSA-Planilla-2024
Viodelda R Lorenzo De,Medicina General,,,,MINSA Panamá,Panamá,minsa.gob.pa,,Panama,MINSA-Planilla-2024
Maria Poveda,Medicina General,,,,MINSA Panamá,Panamá,minsa.gob.pa,,Panama,MINSA-Planilla-2024
Neptali Mague M,Medicina General,,,,MINSA Panamá,Panamá,minsa.gob.pa,,Panama,MINSA-Planilla-2024
Manuel Diaz,Medicina General,,,,MINSA Panamá,Panamá,minsa.gob.pa,,Panama,MINSA-Planilla-2024
Dinorah Ayala,Medicina General,,,,MINSA Panamá,Panamá,minsa.gob.pa,,Panama,MINSA-Planilla-2024
Marylin De Lourdes Diaz Henriquez,Medicina General,,,,MINSA Panamá,Panamá,minsa.gob.pa,,Panama,MINSA-Planilla-2024
Jose Vargas,Medicina General,,,,MINSA Panamá,Panamá,minsa.gob.pa,,Panama,MINSA-Planilla-2024
Dick Roy Munoz Moreno,Medicina General,,,,MINSA Panamá,Panamá,minsa.gob.pa,,Panama,MINSA-Planilla-2024
Denis Batista,Medicina General,,,,MINSA Panamá,Panamá,minsa.gob.pa,,Panama,MINSA-Planilla-2024
Raul Rivera,Medicina General,,,,MINSA Panamá,Panamá,minsa.gob.pa,,Panama,MINSA-Planilla-2024
Alexis Pinzon A,Medicina General,,,,MINSA Panamá,Panamá,minsa.gob.pa,,Panama,MINSA-Planilla-2024
Elidia Morales,Medicina General,,,,MINSA Panamá,Panamá,minsa.gob.pa,,Panama,MINSA-Planilla-2024
Rosmery Silvera,Medicina General,,,,MINSA Panamá,Panamá,minsa.gob.pa,,Panama,MINSA-Planilla-2024
Herlinda Rosa Vasquez Frias,Medicina General,,,,MINSA Panamá,Panamá,minsa.gob.pa,,Panama,MINSA-Planilla-2024
Enrique Miranda,Medicina General,,,,MINSA Panamá,Panamá,minsa.gob.pa,,Panama,MINSA-Planilla-2024
Monica Castillo,Medicina General,,,,MINSA Panamá,Panamá,minsa.gob.pa,,Panama,MINSA-Planilla-2024
Fania Aparicio,Medicina General,,,,MINSA Panamá,Panamá,minsa.gob.pa,,Panama,MINSA-Planilla-2024
Raul Valdes,Medicina General,,,,MINSA Panamá,Panamá,minsa.gob.pa,,Panama,MINSA-Planilla-2024
Roberto Cano,Medicina General,,,,MINSA Panamá,Panamá,minsa.gob.pa,,Panama,MINSA-Planilla-2024
German Santos F,Medicina General,,,,MINSA Panamá,Panamá,minsa.gob.pa,,Panama,MINSA-Planilla-2024
Jorge E Valdes,Medicina General,,,,MINSA Panamá,Panamá,minsa.gob.pa,,Panama,MINSA-Planilla-2024
Delfina Saez,Medicina General,,,,MINSA Panamá,Panamá,minsa.gob.pa,,Panama,MINSA-Planilla-2024
Lisselle Cordoba,Medicina General,,,,MINSA Panamá,Panamá,minsa.gob.pa,,Panama,MINSA-Planilla-2024
Jenny Sitton,Medicina General,,,,MINSA Panamá,Panamá,minsa.gob.pa,,Panama,MINSA-Planilla-2024
Leyla Sanchez Pinzon,Medicina General,,,,MINSA Panamá,Panamá,minsa.gob.pa,,Panama,MINSA-Planilla-2024
Hildaura Alain,Medicina General,,,,MINSA Panamá,Panamá,minsa.gob.pa,,Panama,MINSA-Planilla-2024
Max A Pinzon C,Medicina General,,,,MINSA Panamá,Panamá,minsa.gob.pa,,Panama,MINSA-Planilla-2024
Enrique Jou S,Medicina General,,,,MINSA Panamá,Panamá,minsa.gob.pa,,Panama,MINSA-Planilla-2024
Luis Ceballos,Medicina General,,,,MINSA Panamá,Panamá,minsa.gob.pa,,Panama,MINSA-Planilla-2024
Luis Gallardo,Medicina General,,,,MINSA Panamá,Panamá,minsa.gob.pa,,Panama,MINSA-Planilla-2024
Julian A Jaen,Medicina General,,,,MINSA Panamá,Panamá,minsa.gob.pa,,Panama,MINSA-Planilla-2024
Eronides Olaya S,Medicina General,,,,MINSA Panamá,Panamá,minsa.gob.pa,,Panama,MINSA-Planilla-2024
Miguel Sanchez,Medicina General,,,,MINSA Panamá,Panamá,minsa.gob.pa,,Panama,MINSA-Planilla-2024
Lizbeth Cerezo,Medicina General,,,,MINSA Panamá,Panamá,minsa.gob.pa,,Panama,MINSA-Planilla-2024
Margarita Jaen,Medicina General,,,,MINSA Panamá,Panamá,minsa.gob.pa,,Panama,MINSA-Planilla-2024
Raquel P De Bello,Medicina General,,,,MINSA Panamá,Panamá,minsa.gob.pa,,Panama,MINSA-Planilla-2024
Plinio Velasco,Medicina General,,,,MINSA Panamá,Panamá,minsa.gob.pa,,Panama,MINSA-Planilla-2024
Anabel Navarro,Medicina General,,,,MINSA Panamá,Panamá,minsa.gob.pa,,Panama,MINSA-Planilla-2024
Argeli Del C Quintero,Medicina General,,,,MINSA Panamá,Panamá,minsa.gob.pa,,Panama,MINSA-Planilla-2024
Aura Stevenson,Medicina General,,,,MINSA Panamá,Panamá,minsa.gob.pa,,Panama,MINSA-Planilla-2024
Jose Figueroa Caceres,Medicina General,,,,MINSA Panamá,Panamá,minsa.gob.pa,,Panama,MINSA-Planilla-2024
Iritzel Santamaria,Medicina General,,,,MINSA Panamá,Panamá,minsa.gob.pa,,Panama,MINSA-Planilla-2024
Fernando Briceno,Medicina General,,,,MINSA Panamá,Panamá,minsa.gob.pa,,Panama,MINSA-Planilla-2024
Eva Elvira Sauri C,Medicina General,,,,MINSA Panamá,Panamá,minsa.gob.pa,,Panama,MINSA-Planilla-2024
Virgilio Bonilla,Medicina General,,,,MINSA Panamá,Panamá,minsa.gob.pa,,Panama,MINSA-Planilla-2024
Carlos J Sosa D,Medicina General,,,,MINSA Panamá,Panamá,minsa.gob.pa,,Panama,MINSA-Planilla-2024
Maria De Urriola,Medicina General,,,,MINSA Panamá,Panamá,minsa.gob.pa,,Panama,MINSA-Planilla-2024
Victor Ramos,Medicina General,,,,MINSA Panamá,Panamá,minsa.gob.pa,,Panama,MINSA-Planilla-2024
Mayra Spencer,Medicina General,,,,MINSA Panamá,Panamá,minsa.gob.pa,,Panama,MINSA-Planilla-2024
Ramon Castillo,Medicina General,,,,MINSA Panamá,Panamá,minsa.gob.pa,,Panama,MINSA-Planilla-2024
Antonio A Guerrero,Medicina General,,,,MINSA Panamá,Panamá,minsa.gob.pa,,Panama,MINSA-Planilla-2024
Antonio Delgado,Medicina General,,,,MINSA Panamá,Panamá,minsa.gob.pa,,Panama,MINSA-Planilla-2024
Secundino Batista R,Medicina General,,,,MINSA Panamá,Panamá,minsa.gob.pa,,Panama,MINSA-Planilla-2024
Luis C Echevers P,Medicina General,,,,MINSA Panamá,Panamá,minsa.gob.pa,,Panama,MINSA-Planilla-2024
Pedro Barrios P,Medicina General,,,,MINSA Panamá,Panamá,minsa.gob.pa,,Panama,MINSA-Planilla-2024
Argelys Torraza,Medicina General,,,,MINSA Panamá,Panamá,minsa.gob.pa,,Panama,MINSA-Planilla-2024
Guillermo Findlay,Medicina General,,,,MINSA Panamá,Panamá,minsa.gob.pa,,Panama,MINSA-Planilla-2024
Margginna Aranda,Medicina General,,,,MINSA Panamá,Panamá,minsa.gob.pa,,Panama,MINSA-Planilla-2024
Lourdes Moreno,Medicina General,,,,MINSA Panamá,Panamá,minsa.gob.pa,,Panama,MINSA-Planilla-2024
Santiago De Roux,Medicina General,,,,MINSA Panamá,Panamá,minsa.gob.pa,,Panama,MINSA-Planilla-2024
Acidia O De Matheus,Medicina General,,,,MINSA Panamá,Panamá,minsa.gob.pa,,Panama,MINSA-Planilla-2024
David Stanziola,Medicina General,,,,MINSA Panamá,Panamá,minsa.gob.pa,,Panama,MINSA-Planilla-2024
Pablo Gonzalez,Medicina General,,,,MINSA Panamá,Panamá,minsa.gob.pa,,Panama,MINSA-Planilla-2024
Juan De La Cruz Nieto L,Medicina General,,,,MINSA Panamá,Panamá,minsa.gob.pa,,Panama,MINSA-Planilla-2024
Lucio Lan Mejia,Medicina General,,,,MINSA Panamá,Panamá,minsa.gob.pa,,Panama,MINSA-Planilla-2024
Simeon Rodriguez G,Medicina General,,,,MINSA Panamá,Panamá,minsa.gob.pa,,Panama,MINSA-Planilla-2024
Rafael Ayala,Medicina General,,,,MINSA Panamá,Panamá,minsa.gob.pa,,Panama,MINSA-Planilla-2024
Guillermo Humberto Fernandez,Medicina General,,,,MINSA Panamá,Panamá,minsa.gob.pa,,Panama,MINSA-Planilla-2024
Carlos R Rivera C,Medicina General,,,,MINSA Panamá,Panamá,minsa.gob.pa,,Panama,MINSA-Planilla-2024
Virgilio E Angulo,Medicina General,,,,MINSA Panamá,Panamá,minsa.gob.pa,,Panama,MINSA-Planilla-2024
Jorge L Rivera,Medicina General,,,,MINSA Panamá,Panamá,minsa.gob.pa,,Panama,MINSA-Planilla-2024
Elvia Rosa Evers Blec,Medicina General,,,,MINSA Panamá,Panamá,minsa.gob.pa,,Panama,MINSA-Planilla-2024
Hector M Torres M,Medicina General,,,,MINSA Panamá,Panamá,minsa.gob.pa,,Panama,MINSA-Planilla-2024
Irving Santamaria,Medicina General,,,,MINSA Panamá,Panamá,minsa.gob.pa,,Panama,MINSA-Planilla-2024
Federico Maregocio,Medicina General,,,,MINSA Panamá,Panamá,minsa.gob.pa,,Panama,MINSA-Planilla-2024
Maxely Torres,Medicina General,,,,MINSA Panamá,Panamá,minsa.gob.pa,,Panama,MINSA-Planilla-2024
Andres Cornejo,Medicina General,,,,MINSA Panamá,Panamá,minsa.gob.pa,,Panama,MINSA-Planilla-2024
Bethania Melendez H,Medicina General,,,,MINSA Panamá,Panamá,minsa.gob.pa,,Panama,MINSA-Planilla-2024
Cesar Dominguez,Medicina General,,,,MINSA Panamá,Panamá,minsa.gob.pa,,Panama,MINSA-Planilla-2024
Roxana I Agreda,Medicina General,,,,MINSA Panamá,Panamá,minsa.gob.pa,,Panama,MINSA-Planilla-2024
Juana Bernal,Medicina General,,,,MINSA Panamá,Panamá,minsa.gob.pa,,Panama,MINSA-Planilla-2024
Mario Candanedo,Medicina General,,,,MINSA Panamá,Panamá,minsa.gob.pa,,Panama,MINSA-Planilla-2024
Oscar A Cruz Cordoba,Medicina General,,,,MINSA Panamá,Panamá,minsa.gob.pa,,Panama,MINSA-Planilla-2024
Luis A Salazar,Medicina General,,,,MINSA Panamá,Panamá,minsa.gob.pa,,Panama,MINSA-Planilla-2024
Alberto E Perryman B,Medicina General,,,,MINSA Panamá,Panamá,minsa.gob.pa,,Panama,MINSA-Planilla-2024
Nicomedes Jaen Sanchez,Medicina General,,,,MINSA Panamá,Panamá,minsa.gob.pa,,Panama,MINSA-Planilla-2024
Denis Castillero C,Medicina General,,,,MINSA Panamá,Panamá,minsa.gob.pa,,Panama,MINSA-Planilla-2024
Mitzila Ibeth Caballero Ortega,Medicina General,,,,MINSA Panamá,Panamá,minsa.gob.pa,,Panama,MINSA-Planilla-2024
Evaristo Lay Castillo,Medicina General,,,,MINSA Panamá,Panamá,minsa.gob.pa,,Panama,MINSA-Planilla-2024
Alfredo Lopez,Medicina General,,,,MINSA Panamá,Panamá,minsa.gob.pa,,Panama,MINSA-Planilla-2024
Sergio Gonzalez,Medicina General,,,,MINSA Panamá,Panamá,minsa.gob.pa,,Panama,MINSA-Planilla-2024
Dinorah De Tatis,Medicina General,,,,MINSA Panamá,Panamá,minsa.gob.pa,,Panama,MINSA-Planilla-2024
Dionisio L Osorio C,Medicina General,,,,MINSA Panamá,Panamá,minsa.gob.pa,,Panama,MINSA-Planilla-2024
Jose Arias Avila,Medicina General,,,,MINSA Panamá,Panamá,minsa.gob.pa,,Panama,MINSA-Planilla-2024
Yeimy Chan,Medicina General,,,,MINSA Panamá,Panamá,minsa.gob.pa,,Panama,MINSA-Planilla-2024
Yadira I De Molto,Medicina General,,,,MINSA Panamá,Panamá,minsa.gob.pa,,Panama,MINSA-Planilla-2024
Ilka Viejo,Medicina General,,,,MINSA Panamá,Panamá,minsa.gob.pa,,Panama,MINSA-Planilla-2024
Luz Morris,Medicina General,,,,MINSA Panamá,Panamá,minsa.gob.pa,,Panama,MINSA-Planilla-2024
Jaime J Izaga G,Medicina General,,,,MINSA Panamá,Panamá,minsa.gob.pa,,Panama,MINSA-Planilla-2024
Daniel Tunon G,Medicina General,,,,MINSA Panamá,Panamá,minsa.gob.pa,,Panama,MINSA-Planilla-2024
Felix A Rivera B,Medicina General,,,,MINSA Panamá,Panamá,minsa.gob.pa,,Panama,MINSA-Planilla-2024
Aris Mojica,Medicina General,,,,MINSA Panamá,Panamá,minsa.gob.pa,,Panama,MINSA-Planilla-2024
Crispiano Adames N,Medicina General,,,,MINSA Panamá,Panamá,minsa.gob.pa,,Panama,MINSA-Planilla-2024
Domicio Espino,Medicina General,,,,MINSA Panamá,Panamá,minsa.gob.pa,,Panama,MINSA-Planilla-2024
Olga Guerra,Medicina General,,,,MINSA Panamá,Panamá,minsa.gob.pa,,Panama,MINSA-Planilla-2024
Melva L Cruz,Medicina General,,,,MINSA Panamá,Panamá,minsa.gob.pa,,Panama,MINSA-Planilla-2024
Rodolfo Dominguez,Medicina General,,,,MINSA Panamá,Panamá,minsa.gob.pa,,Panama,MINSA-Planilla-2024
Mario Martinez,Medicina General,,,,MINSA Panamá,Panamá,minsa.gob.pa,,Panama,MINSA-Planilla-2024
Giovanni Fossatti,Medicina General,,,,MINSA Panamá,Panamá,minsa.gob.pa,,Panama,MINSA-Planilla-2024
Yamilka Abad,Medicina General,,,,MINSA Panamá,Panamá,minsa.gob.pa,,Panama,MINSA-Planilla-2024
Gina Cummings,Medicina General,,,,MINSA Panamá,Panamá,minsa.gob.pa,,Panama,MINSA-Planilla-2024
Ricardo A Guzman,Medicina General,,,,MINSA Panamá,Panamá,minsa.gob.pa,,Panama,MINSA-Planilla-2024
Edward Gonzalez,Medicina General,,,,MINSA Panamá,Panamá,minsa.gob.pa,,Panama,MINSA-Planilla-2024
Vianka Gonzalez,Medicina General,,,,MINSA Panamá,Panamá,minsa.gob.pa,,Panama,MINSA-Planilla-2024
Velkis Chanis,Medicina General,,,,MINSA Panamá,Panamá,minsa.gob.pa,,Panama,MINSA-Planilla-2024
Zacarias Baso Sugaste,Medicina General,,,,MINSA Panamá,Panamá,minsa.gob.pa,,Panama,MINSA-Planilla-2024
Anayansi Alvarado,Medicina General,,,,MINSA Panamá,Panamá,minsa.gob.pa,,Panama,MINSA-Planilla-2024
Kasim Portugal Gutierrez,Medicina General,,,,MINSA Panamá,Panamá,minsa.gob.pa,,Panama,MINSA-Planilla-2024
Fernando Torres,Medicina General,,,,MINSA Panamá,Panamá,minsa.gob.pa,,Panama,MINSA-Planilla-2024
Guadalupe I Navarro F,Medicina General,,,,MINSA Panamá,Panamá,minsa.gob.pa,,Panama,MINSA-Planilla-2024
Betty Pinzon,Medicina General,,,,MINSA Panamá,Panamá,minsa.gob.pa,,Panama,MINSA-Planilla-2024
Luis A Guzman E,Medicina General,,,,MINSA Panamá,Panamá,minsa.gob.pa,,Panama,MINSA-Planilla-2024
Milagros Aguirre Salas,Medicina General,,,,MINSA Panamá,Panamá,minsa.gob.pa,,Panama,MINSA-Planilla-2024
Yelmis Castillo,Medicina General,,,,MINSA Panamá,Panamá,minsa.gob.pa,,Panama,MINSA-Planilla-2024
Maricruz Moreno,Medicina General,,,,MINSA Panamá,Panamá,minsa.gob.pa,,Panama,MINSA-Planilla-2024
Ambar Agrioyanis,Medicina General,,,,MINSA Panamá,Panamá,minsa.gob.pa,,Panama,MINSA-Planilla-2024
Rafael R Gonzalez,Medicina General,,,,MINSA Panamá,Panamá,minsa.gob.pa,,Panama,MINSA-Planilla-2024
Alvaro Castillo,Medicina General,,,,MINSA Panamá,Panamá,minsa.gob.pa,,Panama,MINSA-Planilla-2024
Arys Alvarado,Medicina General,,,,MINSA Panamá,Panamá,minsa.gob.pa,,Panama,MINSA-Planilla-2024
Javier De La Cruz,Medicina General,,,,MINSA Panamá,Panamá,minsa.gob.pa,,Panama,MINSA-Planilla-2024
Fatima Rebeca Urrutia Maduro,Medicina General,,,,MINSA Panamá,Panamá,minsa.gob.pa,,Panama,MINSA-Planilla-2024
Beatriz A Bieberach R,Medicina General,,,,MINSA Panamá,Panamá,minsa.gob.pa,,Panama,MINSA-Planilla-2024
Ernesto E Sierra Nieto,Medicina General,,,,MINSA Panamá,Panamá,minsa.gob.pa,,Panama,MINSA-Planilla-2024
Kleber A De Lora J,Medicina General,,,,MINSA Panamá,Panamá,minsa.gob.pa,,Panama,MINSA-Planilla-2024
Alciades Ducreux S,Medicina General,,,,MINSA Panamá,Panamá,minsa.gob.pa,,Panama,MINSA-Planilla-2024
Newton G Guillen P,Medicina General,,,,MINSA Panamá,Panamá,minsa.gob.pa,,Panama,MINSA-Planilla-2024
Gretel M De Pinzon,Medicina General,,,,MINSA Panamá,Panamá,minsa.gob.pa,,Panama,MINSA-Planilla-2024
Edilberto Jimenez,Medicina General,,,,MINSA Panamá,Panamá,minsa.gob.pa,,Panama,MINSA-Planilla-2024
Elda C Velarde D,Medicina General,,,,MINSA Panamá,Panamá,minsa.gob.pa,,Panama,MINSA-Planilla-2024
Evaristo I Gonzalez,Medicina General,,,,MINSA Panamá,Panamá,minsa.gob.pa,,Panama,MINSA-Planilla-2024
Francisco Acosta,Medicina General,,,,MINSA Panamá,Panamá,minsa.gob.pa,,Panama,MINSA-Planilla-2024
Belinda Cambra,Medicina General,,,,MINSA Panamá,Panamá,minsa.gob.pa,,Panama,MINSA-Planilla-2024
Jose Del C Sugasty A,Medicina General,,,,MINSA Panamá,Panamá,minsa.gob.pa,,Panama,MINSA-Planilla-2024
Lindsay Escudero P,Medicina General,,,,MINSA Panamá,Panamá,minsa.gob.pa,,Panama,MINSA-Planilla-2024
Alina I Rodriguez M,Medicina General,,,,MINSA Panamá,Panamá,minsa.gob.pa,,Panama,MINSA-Planilla-2024
Jose Dejesus Perez Puga,Medicina General,,,,MINSA Panamá,Panamá,minsa.gob.pa,,Panama,MINSA-Planilla-2024
Javier Tonge,Medicina General,,,,MINSA Panamá,Panamá,minsa.gob.pa,,Panama,MINSA-Planilla-2024
Rita Cedeno,Medicina General,,,,MINSA Panamá,Panamá,minsa.gob.pa,,Panama,MINSA-Planilla-2024
Yaviritzel Del C Panay,Medicina General,,,,MINSA Panamá,Panamá,minsa.gob.pa,,Panama,MINSA-Planilla-2024
Elias Delgado,Medicina General,,,,MINSA Panamá,Panamá,minsa.gob.pa,,Panama,MINSA-Planilla-2024
Missouri Magallon Jimenez,Medicina General,,,,MINSA Panamá,Panamá,minsa.gob.pa,,Panama,MINSA-Planilla-2024
Ariel Ramirez,Medicina General,,,,MINSA Panamá,Panamá,minsa.gob.pa,,Panama,MINSA-Planilla-2024
Saul Igualada,Medicina General,,,,MINSA Panamá,Panamá,minsa.gob.pa,,Panama,MINSA-Planilla-2024
Yamillette Garcia Cadastre,Medicina General,,,,MINSA Panamá,Panamá,minsa.gob.pa,,Panama,MINSA-Planilla-2024
Guillermo Argote Tordecilla,Medicina General,,,,MINSA Panamá,Panamá,minsa.gob.pa,,Panama,MINSA-Planilla-2024
Juan Rogers,Medicina General,,,,MINSA Panamá,Panamá,minsa.gob.pa,,Panama,MINSA-Planilla-2024
Cindy J Chiru,Medicina General,,,,MINSA Panamá,Panamá,minsa.gob.pa,,Panama,MINSA-Planilla-2024
Victor Manuel Magallon Munoz,Medicina General,,,,MINSA Panamá,Panamá,minsa.gob.pa,,Panama,MINSA-Planilla-2024
Yanela Cerrud,Medicina General,,,,MINSA Panamá,Panamá,minsa.gob.pa,,Panama,MINSA-Planilla-2024
Vielka Rodriguez Sanchez,Medicina General,,,,MINSA Panamá,Panamá,minsa.gob.pa,,Panama,MINSA-Planilla-2024
Jose Domingo Arauz,Medicina General,,,,MINSA Panamá,Panamá,minsa.gob.pa,,Panama,MINSA-Planilla-2024
Juan A Biebarach A,Medicina General,,,,MINSA Panamá,Panamá,minsa.gob.pa,,Panama,MINSA-Planilla-2024
Pablo Acosta,Medicina General,,,,MINSA Panamá,Panamá,minsa.gob.pa,,Panama,MINSA-Planilla-2024
Jose Cerrud,Medicina General,,,,MINSA Panamá,Panamá,minsa.gob.pa,,Panama,MINSA-Planilla-2024
Carlos Gondola,Medicina General,,,,MINSA Panamá,Panamá,minsa.gob.pa,,Panama,MINSA-Planilla-2024
Tanisha Gonzalez Murray,Medicina General,,,,MINSA Panamá,Panamá,minsa.gob.pa,,Panama,MINSA-Planilla-2024
David A Vergara,Medicina General,,,,MINSA Panamá,Panamá,minsa.gob.pa,,Panama,MINSA-Planilla-2024
Nicolas Acosta,Medicina General,,,,MINSA Panamá,Panamá,minsa.gob.pa,,Panama,MINSA-Planilla-2024
Eduardo Pinzon,Medicina General,,,,MINSA Panamá,Panamá,minsa.gob.pa,,Panama,MINSA-Planilla-2024
Iralkeida Garces,Medicina General,,,,MINSA Panamá,Panamá,minsa.gob.pa,,Panama,MINSA-Planilla-2024
Yamileth Del Carmen Lopez Cespedes,Medicina General,,,,MINSA Panamá,Panamá,minsa.gob.pa,,Panama,MINSA-Planilla-2024
Igna Del Rosario Navarro De Carras,Medicina General,,,,MINSA Panamá,Panamá,minsa.gob.pa,,Panama,MINSA-Planilla-2024
James Corro Villarreal,Medicina General,,,,MINSA Panamá,Panamá,minsa.gob.pa,,Panama,MINSA-Planilla-2024
Pablo Alberto Giron Cedeno,Medicina General,,,,MINSA Panamá,Panamá,minsa.gob.pa,,Panama,MINSA-Planilla-2024
Kenia E Zambrano De Jaen,Medicina General,,,,MINSA Panamá,Panamá,minsa.gob.pa,,Panama,MINSA-Planilla-2024
Tania Alvarado,Medicina General,,,,MINSA Panamá,Panamá,minsa.gob.pa,,Panama,MINSA-Planilla-2024
Petra Castillo,Medicina General,,,,MINSA Panamá,Panamá,minsa.gob.pa,,Panama,MINSA-Planilla-2024
Cesar Restrepo,Medicina General,,,,MINSA Panamá,Panamá,minsa.gob.pa,,Panama,MINSA-Planilla-2024
Joaquin Castro,Medicina General,,,,MINSA Panamá,Panamá,minsa.gob.pa,,Panama,MINSA-Planilla-2024
Nidia Grajales Herrera,Medicina General,,,,MINSA Panamá,Panamá,minsa.gob.pa,,Panama,MINSA-Planilla-2024
Edia Vega,Medicina General,,,,MINSA Panamá,Panamá,minsa.gob.pa,,Panama,MINSA-Planilla-2024
Liberato Elias Montenegro,Medicina General,,,,MINSA Panamá,Panamá,minsa.gob.pa,,Panama,MINSA-Planilla-2024
Aurelio Nunez,Medicina General,,,,MINSA Panamá,Panamá,minsa.gob.pa,,Panama,MINSA-Planilla-2024
Julissa Castrejon,Medicina General,,,,MINSA Panamá,Panamá,minsa.gob.pa,,Panama,MINSA-Planilla-2024
Elis Gonzalez,Medicina General,,,,MINSA Panamá,Panamá,minsa.gob.pa,,Panama,MINSA-Planilla-2024
German Solis Diaz,Medicina General,,,,MINSA Panamá,Panamá,minsa.gob.pa,,Panama,MINSA-Planilla-2024
Ramon Taylor,Medicina General,,,,MINSA Panamá,Panamá,minsa.gob.pa,,Panama,MINSA-Planilla-2024
Mirtha Quiel Beitia,Medicina General,,,,MINSA Panamá,Panamá,minsa.gob.pa,,Panama,MINSA-Planilla-2024
Henry Erick Rosario Carrera,Medicina General,,,,MINSA Panamá,Panamá,minsa.gob.pa,,Panama,MINSA-Planilla-2024
Carlos Guzman,Medicina General,,,,MINSA Panamá,Panamá,minsa.gob.pa,,Panama,MINSA-Planilla-2024
Maria I Esquivel,Medicina General,,,,MINSA Panamá,Panamá,minsa.gob.pa,,Panama,MINSA-Planilla-2024
Roxana Alvarez,Medicina General,,,,MINSA Panamá,Panamá,minsa.gob.pa,,Panama,MINSA-Planilla-2024
Edwin Prado,Medicina General,,,,MINSA Panamá,Panamá,minsa.gob.pa,,Panama,MINSA-Planilla-2024
Maria Joannou,Medicina General,,,,MINSA Panamá,Panamá,minsa.gob.pa,,Panama,MINSA-Planilla-2024
Obe Rodriguez,Medicina General,,,,MINSA Panamá,Panamá,minsa.gob.pa,,Panama,MINSA-Planilla-2024
Jaime Miranda,Medicina General,,,,MINSA Panamá,Panamá,minsa.gob.pa,,Panama,MINSA-Planilla-2024
Dianelsa Cano,Medicina General,,,,MINSA Panamá,Panamá,minsa.gob.pa,,Panama,MINSA-Planilla-2024
Nisla Juarez,Medicina General,,,,MINSA Panamá,Panamá,minsa.gob.pa,,Panama,MINSA-Planilla-2024
Carlos Tam,Medicina General,,,,MINSA Panamá,Panamá,minsa.gob.pa,,Panama,MINSA-Planilla-2024
Vanessa Fonseca,Medicina General,,,,MINSA Panamá,Panamá,minsa.gob.pa,,Panama,MINSA-Planilla-2024
Clarixa Vega,Medicina General,,,,MINSA Panamá,Panamá,minsa.gob.pa,,Panama,MINSA-Planilla-2024
Albert Satchell Troetsch,Medicina General,,,,MINSA Panamá,Panamá,minsa.gob.pa,,Panama,MINSA-Planilla-2024
Angel Arosemena,Medicina General,,,,MINSA Panamá,Panamá,minsa.gob.pa,,Panama,MINSA-Planilla-2024
Fernando Saez,Medicina General,,,,MINSA Panamá,Panamá,minsa.gob.pa,,Panama,MINSA-Planilla-2024
Jose N Chacon A,Medicina General,,,,MINSA Panamá,Panamá,minsa.gob.pa,,Panama,MINSA-Planilla-2024
Maximo Castillo,Medicina General,,,,MINSA Panamá,Panamá,minsa.gob.pa,,Panama,MINSA-Planilla-2024
Julio A Palacios V,Medicina General,,,,MINSA Panamá,Panamá,minsa.gob.pa,,Panama,MINSA-Planilla-2024
Javier E Giron H,Medicina General,,,,MINSA Panamá,Panamá,minsa.gob.pa,,Panama,MINSA-Planilla-2024
Patricia Gaitan,Medicina General,,,,MINSA Panamá,Panamá,minsa.gob.pa,,Panama,MINSA-Planilla-2024
Rafael Preto M,Medicina General,,,,MINSA Panamá,Panamá,minsa.gob.pa,,Panama,MINSA-Planilla-2024
Armando A Trejos A,Medicina General,,,,MINSA Panamá,Panamá,minsa.gob.pa,,Panama,MINSA-Planilla-2024
Isabel A Julio S,Medicina General,,,,MINSA Panamá,Panamá,minsa.gob.pa,,Panama,MINSA-Planilla-2024
Viodelda Leudo,Medicina General,,,,MINSA Panamá,Panamá,minsa.gob.pa,,Panama,MINSA-Planilla-2024
Sharon Smith,Medicina General,,,,MINSA Panamá,Panamá,minsa.gob.pa,,Panama,MINSA-Planilla-2024
Indira Del C Caballero Caballlero,Medicina General,,,,MINSA Panamá,Panamá,minsa.gob.pa,,Panama,MINSA-Planilla-2024
Ricardo A Crosbie G,Medicina General,,,,MINSA Panamá,Panamá,minsa.gob.pa,,Panama,MINSA-Planilla-2024
Danilo E Espino,Medicina General,,,,MINSA Panamá,Panamá,minsa.gob.pa,,Panama,MINSA-Planilla-2024
Eric Ivan Arce Q,Medicina General,,,,MINSA Panamá,Panamá,minsa.gob.pa,,Panama,MINSA-Planilla-2024
Alfredo Pascal L,Medicina General,,,,MINSA Panamá,Panamá,minsa.gob.pa,,Panama,MINSA-Planilla-2024
Manuel Barahona E,Medicina General,,,,MINSA Panamá,Panamá,minsa.gob.pa,,Panama,MINSA-Planilla-2024
Lourdes N Garcia,Medicina General,,,,MINSA Panamá,Panamá,minsa.gob.pa,,Panama,MINSA-Planilla-2024
Amarilis De Vargas,Medicina General,,,,MINSA Panamá,Panamá,minsa.gob.pa,,Panama,MINSA-Planilla-2024
Itza Herrera,Medicina General,,,,MINSA Panamá,Panamá,minsa.gob.pa,,Panama,MINSA-Planilla-2024
Carlos Reyes,Medicina General,,,,MINSA Panamá,Panamá,minsa.gob.pa,,Panama,MINSA-Planilla-2024
Javier Alexander Solis,Medicina General,,,,MINSA Panamá,Panamá,minsa.gob.pa,,Panama,MINSA-Planilla-2024
Maribel V Barria V,Medicina General,,,,MINSA Panamá,Panamá,minsa.gob.pa,,Panama,MINSA-Planilla-2024
Eustaquio Solis B,Medicina General,,,,MINSA Panamá,Panamá,minsa.gob.pa,,Panama,MINSA-Planilla-2024
Leopoldo Gonzalez,Medicina General,,,,MINSA Panamá,Panamá,minsa.gob.pa,,Panama,MINSA-Planilla-2024
Jorge Guerra,Medicina General,,,,MINSA Panamá,Panamá,minsa.gob.pa,,Panama,MINSA-Planilla-2024
Socrates Athanasiadis,Medicina General,,,,MINSA Panamá,Panamá,minsa.gob.pa,,Panama,MINSA-Planilla-2024
Carmen Perez,Medicina General,,,,MINSA Panamá,Panamá,minsa.gob.pa,,Panama,MINSA-Planilla-2024
Daniel Antonio Aviles Pretto,Medicina General,,,,MINSA Panamá,Panamá,minsa.gob.pa,,Panama,MINSA-Planilla-2024
Berta C Arjona,Medicina General,,,,MINSA Panamá,Panamá,minsa.gob.pa,,Panama,MINSA-Planilla-2024
Edilma M Almanza,Medicina General,,,,MINSA Panamá,Panamá,minsa.gob.pa,,Panama,MINSA-Planilla-2024
Luis E Osorio,Medicina General,,,,MINSA Panamá,Panamá,minsa.gob.pa,,Panama,MINSA-Planilla-2024
Amaris Padilla,Medicina General,,,,MINSA Panamá,Panamá,minsa.gob.pa,,Panama,MINSA-Planilla-2024
Ana Sorto,Medicina General,,,,MINSA Panamá,Panamá,minsa.gob.pa,,Panama,MINSA-Planilla-2024
Camilo A Iturralde D,Medicina General,,,,MINSA Panamá,Panamá,minsa.gob.pa,,Panama,MINSA-Planilla-2024
Maribel Hoyte C,Medicina General,,,,MINSA Panamá,Panamá,minsa.gob.pa,,Panama,MINSA-Planilla-2024
Luis Alberto Castillo,Medicina General,,,,MINSA Panamá,Panamá,minsa.gob.pa,,Panama,MINSA-Planilla-2024
Ernesto Pinzon Z,Medicina General,,,,MINSA Panamá,Panamá,minsa.gob.pa,,Panama,MINSA-Planilla-2024
Sergio O Perez C,Medicina General,,,,MINSA Panamá,Panamá,minsa.gob.pa,,Panama,MINSA-Planilla-2024
Alan A Paredes,Medicina General,,,,MINSA Panamá,Panamá,minsa.gob.pa,,Panama,MINSA-Planilla-2024
Benigno Guerrero,Medicina General,,,,MINSA Panamá,Panamá,minsa.gob.pa,,Panama,MINSA-Planilla-2024
Enrique Garcia,Medicina General,,,,MINSA Panamá,Panamá,minsa.gob.pa,,Panama,MINSA-Planilla-2024
Pedro A Honings,Medicina General,,,,MINSA Panamá,Panamá,minsa.gob.pa,,Panama,MINSA-Planilla-2024
Xiomara De Diaz,Medicina General,,,,MINSA Panamá,Panamá,minsa.gob.pa,,Panama,MINSA-Planilla-2024
Rocio Arjona C,Medicina General,,,,MINSA Panamá,Panamá,minsa.gob.pa,,Panama,MINSA-Planilla-2024
Luis E Vial A,Medicina General,,,,MINSA Panamá,Panamá,minsa.gob.pa,,Panama,MINSA-Planilla-2024
Maricarmen Jaen,Medicina General,,,,MINSA Panamá,Panamá,minsa.gob.pa,,Panama,MINSA-Planilla-2024
Pedro Sanchez Espinoza,Medicina General,,,,MINSA Panamá,Panamá,minsa.gob.pa,,Panama,MINSA-Planilla-2024
Vielka Batista,Medicina General,,,,MINSA Panamá,Panamá,minsa.gob.pa,,Panama,MINSA-Planilla-2024
Humberto A Filos R,Medicina General,,,,MINSA Panamá,Panamá,minsa.gob.pa,,Panama,MINSA-Planilla-2024
Leonidas A Moreno,Medicina General,,,,MINSA Panamá,Panamá,minsa.gob.pa,,Panama,MINSA-Planilla-2024
Rolando Quiroz,Medicina General,,,,MINSA Panamá,Panamá,minsa.gob.pa,,Panama,MINSA-Planilla-2024
Joseph Trejos,Medicina General,,,,MINSA Panamá,Panamá,minsa.gob.pa,,Panama,MINSA-Planilla-2024
Jorge L Munoz,Medicina General,,,,MINSA Panamá,Panamá,minsa.gob.pa,,Panama,MINSA-Planilla-2024
Maylin Jaramillo,Medicina General,,,,MINSA Panamá,Panamá,minsa.gob.pa,,Panama,MINSA-Planilla-2024
Idalys Sanchez,Medicina General,,,,MINSA Panamá,Panamá,minsa.gob.pa,,Panama,MINSA-Planilla-2024
Mirna Leon Z,Medicina General,,,,MINSA Panamá,Panamá,minsa.gob.pa,,Panama,MINSA-Planilla-2024
Pedro A Contreras,Medicina General,,,,MINSA Panamá,Panamá,minsa.gob.pa,,Panama,MINSA-Planilla-2024
Panama A Perez,Medicina General,,,,MINSA Panamá,Panamá,minsa.gob.pa,,Panama,MINSA-Planilla-2024
Juan Brandao,Medicina General,,,,MINSA Panamá,Panamá,minsa.gob.pa,,Panama,MINSA-Planilla-2024
Pablo Samaniego,Medicina General,,,,MINSA Panamá,Panamá,minsa.gob.pa,,Panama,MINSA-Planilla-2024
Ingrid Pimentel Santamaria,Medicina General,,,,MINSA Panamá,Panamá,minsa.gob.pa,,Panama,MINSA-Planilla-2024
Heriberto Prado Aguilar,Medicina General,,,,MINSA Panamá,Panamá,minsa.gob.pa,,Panama,MINSA-Planilla-2024
Karen Chavez E,Medicina General,,,,MINSA Panamá,Panamá,minsa.gob.pa,,Panama,MINSA-Planilla-2024
Edilma S Pizarro De,Medicina General,,,,MINSA Panamá,Panamá,minsa.gob.pa,,Panama,MINSA-Planilla-2024
Joseph Diaz,Medicina General,,,,MINSA Panamá,Panamá,minsa.gob.pa,,Panama,MINSA-Planilla-2024
Luis Vergara U,Medicina General,,,,MINSA Panamá,Panamá,minsa.gob.pa,,Panama,MINSA-Planilla-2024
Joaquin A Chen L,Medicina General,,,,MINSA Panamá,Panamá,minsa.gob.pa,,Panama,MINSA-Planilla-2024
Jairo Gonzalez,Medicina General,,,,MINSA Panamá,Panamá,minsa.gob.pa,,Panama,MINSA-Planilla-2024
Federico D Avila,Medicina General,,,,MINSA Panamá,Panamá,minsa.gob.pa,,Panama,MINSA-Planilla-2024
Ricauter Rios,Medicina General,,,,MINSA Panamá,Panamá,minsa.gob.pa,,Panama,MINSA-Planilla-2024
Reina G Roa R,Medicina General,,,,MINSA Panamá,Panamá,minsa.gob.pa,,Panama,MINSA-Planilla-2024
Nadyezhda E Benitez,Medicina General,,,,MINSA Panamá,Panamá,minsa.gob.pa,,Panama,MINSA-Planilla-2024
Lylianade Aldrete,Medicina General,,,,MINSA Panamá,Panamá,minsa.gob.pa,,Panama,MINSA-Planilla-2024
Itzil Alaniz E,Medicina General,,,,MINSA Panamá,Panamá,minsa.gob.pa,,Panama,MINSA-Planilla-2024
Gilberto Afu Yau Gantes,Medicina General,,,,MINSA Panamá,Panamá,minsa.gob.pa,,Panama,MINSA-Planilla-2024
Elsa Arenas,Medicina General,,,,MINSA Panamá,Panamá,minsa.gob.pa,,Panama,MINSA-Planilla-2024
Kathia Moreno,Medicina General,,,,MINSA Panamá,Panamá,minsa.gob.pa,,Panama,MINSA-Planilla-2024
Adalberto Littman,Medicina General,,,,MINSA Panamá,Panamá,minsa.gob.pa,,Panama,MINSA-Planilla-2024
Martin Alpires,Medicina General,,,,MINSA Panamá,Panamá,minsa.gob.pa,,Panama,MINSA-Planilla-2024
Daniel Mendieta S,Medicina General,,,,MINSA Panamá,Panamá,minsa.gob.pa,,Panama,MINSA-Planilla-2024
Jose Luis Ramos,Medicina General,,,,MINSA Panamá,Panamá,minsa.gob.pa,,Panama,MINSA-Planilla-2024
Jaime Figueroa,Medicina General,,,,MINSA Panamá,Panamá,minsa.gob.pa,,Panama,MINSA-Planilla-2024
Francisco Navarro,Medicina General,,,,MINSA Panamá,Panamá,minsa.gob.pa,,Panama,MINSA-Planilla-2024
Ileana T Williams,Medicina General,,,,MINSA Panamá,Panamá,minsa.gob.pa,,Panama,MINSA-Planilla-2024
Victor Wong Chong,Medicina General,,,,MINSA Panamá,Panamá,minsa.gob.pa,,Panama,MINSA-Planilla-2024
Filomena I Galvez F,Medicina General,,,,MINSA Panamá,Panamá,minsa.gob.pa,,Panama,MINSA-Planilla-2024
Greta Hidalgo De Kelso,Medicina General,,,,MINSA Panamá,Panamá,minsa.gob.pa,,Panama,MINSA-Planilla-2024
Higinio Ortega V,Medicina General,,,,MINSA Panamá,Panamá,minsa.gob.pa,,Panama,MINSA-Planilla-2024
Salvador Real,Medicina General,,,,MINSA Panamá,Panamá,minsa.gob.pa,,Panama,MINSA-Planilla-2024
Jorge G Del Rosario,Medicina General,,,,MINSA Panamá,Panamá,minsa.gob.pa,,Panama,MINSA-Planilla-2024
Carlos B Munoz,Medicina General,,,,MINSA Panamá,Panamá,minsa.gob.pa,,Panama,MINSA-Planilla-2024
Isabel Iturralde,Medicina General,,,,MINSA Panamá,Panamá,minsa.gob.pa,,Panama,MINSA-Planilla-2024
Agustin Saldana G,Medicina General,,,,MINSA Panamá,Panamá,minsa.gob.pa,,Panama,MINSA-Planilla-2024
Jose I Pimentel S,Medicina General,,,,MINSA Panamá,Panamá,minsa.gob.pa,,Panama,MINSA-Planilla-2024
Marisin C De Parra,Medicina General,,,,MINSA Panamá,Panamá,minsa.gob.pa,,Panama,MINSA-Planilla-2024
Ines M Nunez,Medicina General,,,,MINSA Panamá,Panamá,minsa.gob.pa,,Panama,MINSA-Planilla-2024
Maria C Luque Perez,Medicina General,,,,MINSA Panamá,Panamá,minsa.gob.pa,,Panama,MINSA-Planilla-2024
Vedette Morrison,Medicina General,,,,MINSA Panamá,Panamá,minsa.gob.pa,,Panama,MINSA-Planilla-2024
Aristides Lopez,Medicina General,,,,MINSA Panamá,Panamá,minsa.gob.pa,,Panama,MINSA-Planilla-2024
Jaykell Rodriguez,Medicina General,,,,MINSA Panamá,Panamá,minsa.gob.pa,,Panama,MINSA-Planilla-2024
Jose E Filos,Medicina General,,,,MINSA Panamá,Panamá,minsa.gob.pa,,Panama,MINSA-Planilla-2024
Gabriel Sanchez,Medicina General,,,,MINSA Panamá,Panamá,minsa.gob.pa,,Panama,MINSA-Planilla-2024
Yasmina De Parra,Medicina General,,,,MINSA Panamá,Panamá,minsa.gob.pa,,Panama,MINSA-Planilla-2024
Alcira E Arroyo,Medicina General,,,,MINSA Panamá,Panamá,minsa.gob.pa,,Panama,MINSA-Planilla-2024
Eduardo Villarreal,Medicina General,,,,MINSA Panamá,Panamá,minsa.gob.pa,,Panama,MINSA-Planilla-2024
Nadja I Porcell,Medicina General,,,,MINSA Panamá,Panamá,minsa.gob.pa,,Panama,MINSA-Planilla-2024
Alejandrina Torres,Medicina General,,,,MINSA Panamá,Panamá,minsa.gob.pa,,Panama,MINSA-Planilla-2024
Edgar Coto,Medicina General,,,,MINSA Panamá,Panamá,minsa.gob.pa,,Panama,MINSA-Planilla-2024
Aurelio Pineda,Medicina General,,,,MINSA Panamá,Panamá,minsa.gob.pa,,Panama,MINSA-Planilla-2024
Marcelino Caballero,Medicina General,,,,MINSA Panamá,Panamá,minsa.gob.pa,,Panama,MINSA-Planilla-2024
Lorena Sing,Medicina General,,,,MINSA Panamá,Panamá,minsa.gob.pa,,Panama,MINSA-Planilla-2024
Maria Ortega,Medicina General,,,,MINSA Panamá,Panamá,minsa.gob.pa,,Panama,MINSA-Planilla-2024
Nicolas Arrocha,Medicina General,,,,MINSA Panamá,Panamá,minsa.gob.pa,,Panama,MINSA-Planilla-2024
Cledia Bourdett,Medicina General,,,,MINSA Panamá,Panamá,minsa.gob.pa,,Panama,MINSA-Planilla-2024
Guillermo Hernandez,Medicina General,,,,MINSA Panamá,Panamá,minsa.gob.pa,,Panama,MINSA-Planilla-2024
Agustin De Gracia,Medicina General,,,,MINSA Panamá,Panamá,minsa.gob.pa,,Panama,MINSA-Planilla-2024
Algis Montenegro,Medicina General,,,,MINSA Panamá,Panamá,minsa.gob.pa,,Panama,MINSA-Planilla-2024
Omar Navarro,Medicina General,,,,MINSA Panamá,Panamá,minsa.gob.pa,,Panama,MINSA-Planilla-2024
Cesar Osorio,Medicina General,,,,MINSA Panamá,Panamá,minsa.gob.pa,,Panama,MINSA-Planilla-2024
Carlos Moran Arcia,Medicina General,,,,MINSA Panamá,Panamá,minsa.gob.pa,,Panama,MINSA-Planilla-2024
Fany Montalvo,Medicina General,,,,MINSA Panamá,Panamá,minsa.gob.pa,,Panama,MINSA-Planilla-2024
Jose Iturralde Nieto,Medicina General,,,,MINSA Panamá,Panamá,minsa.gob.pa,,Panama,MINSA-Planilla-2024
Itzel Smith,Medicina General,,,,MINSA Panamá,Panamá,minsa.gob.pa,,Panama,MINSA-Planilla-2024
Denis Chacon D,Medicina General,,,,MINSA Panamá,Panamá,minsa.gob.pa,,Panama,MINSA-Planilla-2024
Abel Chen A,Medicina General,,,,MINSA Panamá,Panamá,minsa.gob.pa,,Panama,MINSA-Planilla-2024
Libia Rujano,Medicina General,,,,MINSA Panamá,Panamá,minsa.gob.pa,,Panama,MINSA-Planilla-2024
Shayrah Phillips,Medicina General,,,,MINSA Panamá,Panamá,minsa.gob.pa,,Panama,MINSA-Planilla-2024
Edward Espinosa,Medicina General,,,,MINSA Panamá,Panamá,minsa.gob.pa,,Panama,MINSA-Planilla-2024
Kennry Hodgson,Medicina General,,,,MINSA Panamá,Panamá,minsa.gob.pa,,Panama,MINSA-Planilla-2024
Jhilda Quintero,Medicina General,,,,MINSA Panamá,Panamá,minsa.gob.pa,,Panama,MINSA-Planilla-2024
Kiran Cano,Medicina General,,,,MINSA Panamá,Panamá,minsa.gob.pa,,Panama,MINSA-Planilla-2024
Yeritza Reina,Medicina General,,,,MINSA Panamá,Panamá,minsa.gob.pa,,Panama,MINSA-Planilla-2024
Esther Lasso Aguilar,Medicina General,,,,MINSA Panamá,Panamá,minsa.gob.pa,,Panama,MINSA-Planilla-2024
Zulma Alvarado Vanega,Medicina General,,,,MINSA Panamá,Panamá,minsa.gob.pa,,Panama,MINSA-Planilla-2024
Anette Villarreal,Medicina General,,,,MINSA Panamá,Panamá,minsa.gob.pa,,Panama,MINSA-Planilla-2024
Yaritzel Rios Quintero,Medicina General,,,,MINSA Panamá,Panamá,minsa.gob.pa,,Panama,MINSA-Planilla-2024
Carlos Perez,Medicina General,,,,MINSA Panamá,Panamá,minsa.gob.pa,,Panama,MINSA-Planilla-2024
Kiannys Guevara,Medicina General,,,,MINSA Panamá,Panamá,minsa.gob.pa,,Panama,MINSA-Planilla-2024
Milagro Flores,Medicina General,,,,MINSA Panamá,Panamá,minsa.gob.pa,,Panama,MINSA-Planilla-2024
Itza B De Mosca,Medicina General,,,,MINSA Panamá,Panamá,minsa.gob.pa,,Panama,MINSA-Planilla-2024
Sol Maria Espinoza P,Medicina General,,,,MINSA Panamá,Panamá,minsa.gob.pa,,Panama,MINSA-Planilla-2024
Cesar Vega,Medicina General,,,,MINSA Panamá,Panamá,minsa.gob.pa,,Panama,MINSA-Planilla-2024
Victor Saldana,Medicina General,,,,MINSA Panamá,Panamá,minsa.gob.pa,,Panama,MINSA-Planilla-2024
Jose H Gracia S,Medicina General,,,,MINSA Panamá,Panamá,minsa.gob.pa,,Panama,MINSA-Planilla-2024
Adolfo C Serrano,Medicina General,,,,MINSA Panamá,Panamá,minsa.gob.pa,,Panama,MINSA-Planilla-2024
Magally De Jordan,Medicina General,,,,MINSA Panamá,Panamá,minsa.gob.pa,,Panama,MINSA-Planilla-2024
Cristina Vallester A,Medicina General,,,,MINSA Panamá,Panamá,minsa.gob.pa,,Panama,MINSA-Planilla-2024
Rodrigo Arosemena,Medicina General,,,,MINSA Panamá,Panamá,minsa.gob.pa,,Panama,MINSA-Planilla-2024
Aurelio Rangel,Medicina General,,,,MINSA Panamá,Panamá,minsa.gob.pa,,Panama,MINSA-Planilla-2024
Jairo G Osorio C,Medicina General,,,,MINSA Panamá,Panamá,minsa.gob.pa,,Panama,MINSA-Planilla-2024
Romelia Del Carmen De La Guardia B,Medicina General,,,,MINSA Panamá,Panamá,minsa.gob.pa,,Panama,MINSA-Planilla-2024
Ibeth Ledezma,Medicina General,,,,MINSA Panamá,Panamá,minsa.gob.pa,,Panama,MINSA-Planilla-2024
Elgar Casiano,Medicina General,,,,MINSA Panamá,Panamá,minsa.gob.pa,,Panama,MINSA-Planilla-2024
Iluzca Moscoso,Medicina General,,,,MINSA Panamá,Panamá,minsa.gob.pa,,Panama,MINSA-Planilla-2024
Carlos Hutchinson,Medicina General,,,,MINSA Panamá,Panamá,minsa.gob.pa,,Panama,MINSA-Planilla-2024
Josefa Linares,Medicina General,,,,MINSA Panamá,Panamá,minsa.gob.pa,,Panama,MINSA-Planilla-2024
Hernan Quintero,Medicina General,,,,MINSA Panamá,Panamá,minsa.gob.pa,,Panama,MINSA-Planilla-2024
Roy Carlos Herrera Barrios,Medicina General,,,,MINSA Panamá,Panamá,minsa.gob.pa,,Panama,MINSA-Planilla-2024
Moises De Leon,Medicina General,,,,MINSA Panamá,Panamá,minsa.gob.pa,,Panama,MINSA-Planilla-2024
Kathia T Chong De G,Medicina General,,,,MINSA Panamá,Panamá,minsa.gob.pa,,Panama,MINSA-Planilla-2024
Arnoldo Thompson,Medicina General,,,,MINSA Panamá,Panamá,minsa.gob.pa,,Panama,MINSA-Planilla-2024
Emperatriz C De Rangel,Medicina General,,,,MINSA Panamá,Panamá,minsa.gob.pa,,Panama,MINSA-Planilla-2024
Doris Castaneda De Agreda,Medicina General,,,,MINSA Panamá,Panamá,minsa.gob.pa,,Panama,MINSA-Planilla-2024
Nedelka Zapata,Medicina General,,,,MINSA Panamá,Panamá,minsa.gob.pa,,Panama,MINSA-Planilla-2024
Luis S Correa,Medicina General,,,,MINSA Panamá,Panamá,minsa.gob.pa,,Panama,MINSA-Planilla-2024
Jose Stonestreet,Medicina General,,,,MINSA Panamá,Panamá,minsa.gob.pa,,Panama,MINSA-Planilla-2024
Jessica De Navarro,Medicina General,,,,MINSA Panamá,Panamá,minsa.gob.pa,,Panama,MINSA-Planilla-2024
Marlene L Agudo G,Medicina General,,,,MINSA Panamá,Panamá,minsa.gob.pa,,Panama,MINSA-Planilla-2024
Santiago E Gonzalez,Medicina General,,,,MINSA Panamá,Panamá,minsa.gob.pa,,Panama,MINSA-Planilla-2024
Calino Oglivie,Medicina General,,,,MINSA Panamá,Panamá,minsa.gob.pa,,Panama,MINSA-Planilla-2024
Nelany Gonzalez,Medicina General,,,,MINSA Panamá,Panamá,minsa.gob.pa,,Panama,MINSA-Planilla-2024
Carlos E Sanchez,Medicina General,,,,MINSA Panamá,Panamá,minsa.gob.pa,,Panama,MINSA-Planilla-2024
Jose Rojas,Medicina General,,,,MINSA Panamá,Panamá,minsa.gob.pa,,Panama,MINSA-Planilla-2024
Raul Reyes,Medicina General,,,,MINSA Panamá,Panamá,minsa.gob.pa,,Panama,MINSA-Planilla-2024
Floritzel Contreras,Medicina General,,,,MINSA Panamá,Panamá,minsa.gob.pa,,Panama,MINSA-Planilla-2024
Gustavo Haayen,Medicina General,,,,MINSA Panamá,Panamá,minsa.gob.pa,,Panama,MINSA-Planilla-2024
Victor Carrillo,Medicina General,,,,MINSA Panamá,Panamá,minsa.gob.pa,,Panama,MINSA-Planilla-2024
Vladimir Gonzalez,Medicina General,,,,MINSA Panamá,Panamá,minsa.gob.pa,,Panama,MINSA-Planilla-2024
Osneylan De Macias,Medicina General,,,,MINSA Panamá,Panamá,minsa.gob.pa,,Panama,MINSA-Planilla-2024
Jonnathan Jaen,Medicina General,,,,MINSA Panamá,Panamá,minsa.gob.pa,,Panama,MINSA-Planilla-2024
Kadina Triana,Medicina General,,,,MINSA Panamá,Panamá,minsa.gob.pa,,Panama,MINSA-Planilla-2024
Kezia Acosta,Medicina General,,,,MINSA Panamá,Panamá,minsa.gob.pa,,Panama,MINSA-Planilla-2024
Gerald Arosemena,Medicina General,,,,MINSA Panamá,Panamá,minsa.gob.pa,,Panama,MINSA-Planilla-2024
Rigoberto Lopez,Medicina General,,,,MINSA Panamá,Panamá,minsa.gob.pa,,Panama,MINSA-Planilla-2024
Nicolas Quintana Staff,Medicina General,,,,MINSA Panamá,Panamá,minsa.gob.pa,,Panama,MINSA-Planilla-2024
Cosme Trujillo Jaen,Medicina General,,,,MINSA Panamá,Panamá,minsa.gob.pa,,Panama,MINSA-Planilla-2024
Joselyn Alvarez,Medicina General,,,,MINSA Panamá,Panamá,minsa.gob.pa,,Panama,MINSA-Planilla-2024
Aitza Broce,Medicina General,,,,MINSA Panamá,Panamá,minsa.gob.pa,,Panama,MINSA-Planilla-2024
Aida Quintero,Medicina General,,,,MINSA Panamá,Panamá,minsa.gob.pa,,Panama,MINSA-Planilla-2024
Yaravi Ku,Medicina General,,,,MINSA Panamá,Panamá,minsa.gob.pa,,Panama,MINSA-Planilla-2024
Isabel Forero,Medicina General,,,,MINSA Panamá,Panamá,minsa.gob.pa,,Panama,MINSA-Planilla-2024
Arilis Batista,Medicina General,,,,MINSA Panamá,Panamá,minsa.gob.pa,,Panama,MINSA-Planilla-2024
Arturo Rivera Madrid,Medicina General,,,,MINSA Panamá,Panamá,minsa.gob.pa,,Panama,MINSA-Planilla-2024
Hector Delgado M,Medicina General,,,,MINSA Panamá,Panamá,minsa.gob.pa,,Panama,MINSA-Planilla-2024
Kimaura S Goliz,Medicina General,,,,MINSA Panamá,Panamá,minsa.gob.pa,,Panama,MINSA-Planilla-2024
Yanela Peralta,Medicina General,,,,MINSA Panamá,Panamá,minsa.gob.pa,,Panama,MINSA-Planilla-2024
Heidy Sevillano,Medicina General,,,,MINSA Panamá,Panamá,minsa.gob.pa,,Panama,MINSA-Planilla-2024
Gabriel Copete Calderon,Medicina General,,,,MINSA Panamá,Panamá,minsa.gob.pa,,Panama,MINSA-Planilla-2024
Thays Valdivieso,Medicina General,,,,MINSA Panamá,Panamá,minsa.gob.pa,,Panama,MINSA-Planilla-2024
Margara Hylton,Medicina General,,,,MINSA Panamá,Panamá,minsa.gob.pa,,Panama,MINSA-Planilla-2024
Yissenia Nunez,Medicina General,,,,MINSA Panamá,Panamá,minsa.gob.pa,,Panama,MINSA-Planilla-2024
Rosmery A Castillo,Medicina General,,,,MINSA Panamá,Panamá,minsa.gob.pa,,Panama,MINSA-Planilla-2024
Alda Damian,Medicina General,,,,MINSA Panamá,Panamá,minsa.gob.pa,,Panama,MINSA-Planilla-2024
Lilia Olaya,Medicina General,,,,MINSA Panamá,Panamá,minsa.gob.pa,,Panama,MINSA-Planilla-2024
Ana Gonzalez,Medicina General,,,,MINSA Panamá,Panamá,minsa.gob.pa,,Panama,MINSA-Planilla-2024
Anabel Alvarado,Medicina General,,,,MINSA Panamá,Panamá,minsa.gob.pa,,Panama,MINSA-Planilla-2024
Daniel Gonzalez,Medicina General,,,,MINSA Panamá,Panamá,minsa.gob.pa,,Panama,MINSA-Planilla-2024
Carmen Modes,Medicina General,,,,MINSA Panamá,Panamá,minsa.gob.pa,,Panama,MINSA-Planilla-2024
Alexis Jimenez,Medicina General,,,,MINSA Panamá,Panamá,minsa.gob.pa,,Panama,MINSA-Planilla-2024
Vianchenka Salinas Russo,Medicina General,,,,MINSA Panamá,Panamá,minsa.gob.pa,,Panama,MINSA-Planilla-2024
Rosa Vega,Medicina General,,,,MINSA Panamá,Panamá,minsa.gob.pa,,Panama,MINSA-Planilla-2024
Carlos Marengo,Medicina General,,,,MINSA Panamá,Panamá,minsa.gob.pa,,Panama,MINSA-Planilla-2024
Thelma Guardia,Medicina General,,,,MINSA Panamá,Panamá,minsa.gob.pa,,Panama,MINSA-Planilla-2024
Ivan Olivardia,Medicina General,,,,MINSA Panamá,Panamá,minsa.gob.pa,,Panama,MINSA-Planilla-2024
Giselle Torres,Medicina General,,,,MINSA Panamá,Panamá,minsa.gob.pa,,Panama,MINSA-Planilla-2024
Raul Mendoza,Medicina General,,,,MINSA Panamá,Panamá,minsa.gob.pa,,Panama,MINSA-Planilla-2024
Daybeth On,Medicina General,,,,MINSA Panamá,Panamá,minsa.gob.pa,,Panama,MINSA-Planilla-2024
Felixa Stanziola Kellys,Medicina General,,,,MINSA Panamá,Panamá,minsa.gob.pa,,Panama,MINSA-Planilla-2024
Bolivar Ochoa,Medicina General,,,,MINSA Panamá,Panamá,minsa.gob.pa,,Panama,MINSA-Planilla-2024
Michele Ocampo,Medicina General,,,,MINSA Panamá,Panamá,minsa.gob.pa,,Panama,MINSA-Planilla-2024
Lissette Lewis,Medicina General,,,,MINSA Panamá,Panamá,minsa.gob.pa,,Panama,MINSA-Planilla-2024
Fanny Jaen,Medicina General,,,,MINSA Panamá,Panamá,minsa.gob.pa,,Panama,MINSA-Planilla-2024
Yelkis Gill,Medicina General,,,,MINSA Panamá,Panamá,minsa.gob.pa,,Panama,MINSA-Planilla-2024
Allan Nip Briceno,Medicina General,,,,MINSA Panamá,Panamá,minsa.gob.pa,,Panama,MINSA-Planilla-2024
Arlete Luna De Villarreal,Medicina General,,,,MINSA Panamá,Panamá,minsa.gob.pa,,Panama,MINSA-Planilla-2024
Alcibiades Calderon,Medicina General,,,,MINSA Panamá,Panamá,minsa.gob.pa,,Panama,MINSA-Planilla-2024
Gisela Valdes,Medicina General,,,,MINSA Panamá,Panamá,minsa.gob.pa,,Panama,MINSA-Planilla-2024
Kerima Martinez,Medicina General,,,,MINSA Panamá,Panamá,minsa.gob.pa,,Panama,MINSA-Planilla-2024
Ericka Ferguson,Medicina General,,,,MINSA Panamá,Panamá,minsa.gob.pa,,Panama,MINSA-Planilla-2024
Betsania Pinto,Medicina General,,,,MINSA Panamá,Panamá,minsa.gob.pa,,Panama,MINSA-Planilla-2024
Lilia Del Carmen Reyes,Medicina General,,,,MINSA Panamá,Panamá,minsa.gob.pa,,Panama,MINSA-Planilla-2024
Geovana Gonzalez,Medicina General,,,,MINSA Panamá,Panamá,minsa.gob.pa,,Panama,MINSA-Planilla-2024
Yulissa Diaz,Medicina General,,,,MINSA Panamá,Panamá,minsa.gob.pa,,Panama,MINSA-Planilla-2024
Edwin Franco,Medicina General,,,,MINSA Panamá,Panamá,minsa.gob.pa,,Panama,MINSA-Planilla-2024
Auristela Hidalgo,Medicina General,,,,MINSA Panamá,Panamá,minsa.gob.pa,,Panama,MINSA-Planilla-2024
Olmedo Zapata,Medicina General,,,,MINSA Panamá,Panamá,minsa.gob.pa,,Panama,MINSA-Planilla-2024
Yarizza Gonzalez Camargo,Medicina General,,,,MINSA Panamá,Panamá,minsa.gob.pa,,Panama,MINSA-Planilla-2024
Iguaibiliquiya Mendoza,Medicina General,,,,MINSA Panamá,Panamá,minsa.gob.pa,,Panama,MINSA-Planilla-2024
Felix H Correa Diaz,Medicina General,,,,MINSA Panamá,Panamá,minsa.gob.pa,,Panama,MINSA-Planilla-2024
Nigdily Smith Mojica,Medicina General,,,,MINSA Panamá,Panamá,minsa.gob.pa,,Panama,MINSA-Planilla-2024
Janelys I Marquez,Medicina General,,,,MINSA Panamá,Panamá,minsa.gob.pa,,Panama,MINSA-Planilla-2024
Nadia Barsallo,Medicina General,,,,MINSA Panamá,Panamá,minsa.gob.pa,,Panama,MINSA-Planilla-2024
Luis Hurtado,Medicina General,,,,MINSA Panamá,Panamá,minsa.gob.pa,,Panama,MINSA-Planilla-2024
Mitzi Urena,Medicina General,,,,MINSA Panamá,Panamá,minsa.gob.pa,,Panama,MINSA-Planilla-2024
Antonio Gonzalez,Medicina General,,,,MINSA Panamá,Panamá,minsa.gob.pa,,Panama,MINSA-Planilla-2024
Jania Silvera,Medicina General,,,,MINSA Panamá,Panamá,minsa.gob.pa,,Panama,MINSA-Planilla-2024
Victor Penafiel,Medicina General,,,,MINSA Panamá,Panamá,minsa.gob.pa,,Panama,MINSA-Planilla-2024
Ricardo Brazier,Medicina General,,,,MINSA Panamá,Panamá,minsa.gob.pa,,Panama,MINSA-Planilla-2024
Juan Montenegro,Medicina General,,,,MINSA Panamá,Panamá,minsa.gob.pa,,Panama,MINSA-Planilla-2024
Olopilel Campos Escobar,Medicina General,,,,MINSA Panamá,Panamá,minsa.gob.pa,,Panama,MINSA-Planilla-2024
Meiling Yau Gonzalez,Medicina General,,,,MINSA Panamá,Panamá,minsa.gob.pa,,Panama,MINSA-Planilla-2024
Yazmin Morales Corro,Medicina General,,,,MINSA Panamá,Panamá,minsa.gob.pa,,Panama,MINSA-Planilla-2024
Yeliza L Pascual Quezada,Medicina General,,,,MINSA Panamá,Panamá,minsa.gob.pa,,Panama,MINSA-Planilla-2024
Yaremis Quiel,Medicina General,,,,MINSA Panamá,Panamá,minsa.gob.pa,,Panama,MINSA-Planilla-2024
Harinder Quintero,Medicina General,,,,MINSA Panamá,Panamá,minsa.gob.pa,,Panama,MINSA-Planilla-2024
Joel Eduardo Guevara F,Medicina General,,,,MINSA Panamá,Panamá,minsa.gob.pa,,Panama,MINSA-Planilla-2024
Odette Idalina Morales R,Medicina General,,,,MINSA Panamá,Panamá,minsa.gob.pa,,Panama,MINSA-Planilla-2024
Alfredo Flores,Medicina General,,,,MINSA Panamá,Panamá,minsa.gob.pa,,Panama,MINSA-Planilla-2024
Rafael Ortega Paz,Medicina General,,,,MINSA Panamá,Panamá,minsa.gob.pa,,Panama,MINSA-Planilla-2024
Marcia Arjona De Zavaleta,Medicina General,,,,MINSA Panamá,Panamá,minsa.gob.pa,,Panama,MINSA-Planilla-2024
Santiago Beltran,Medicina General,,,,MINSA Panamá,Panamá,minsa.gob.pa,,Panama,MINSA-Planilla-2024
Daniel Valdes Lopez,Medicina General,,,,MINSA Panamá,Panamá,minsa.gob.pa,,Panama,MINSA-Planilla-2024
Johnny Palacios,Medicina General,,,,MINSA Panamá,Panamá,minsa.gob.pa,,Panama,MINSA-Planilla-2024
Alberto Ceballos,Medicina General,,,,MINSA Panamá,Panamá,minsa.gob.pa,,Panama,MINSA-Planilla-2024
Fernando Iturralde Cornejo,Medicina General,,,,MINSA Panamá,Panamá,minsa.gob.pa,,Panama,MINSA-Planilla-2024
Betsy Sanchez,Medicina General,,,,MINSA Panamá,Panamá,minsa.gob.pa,,Panama,MINSA-Planilla-2024
Juan Rodriguez,Medicina General,,,,MINSA Panamá,Panamá,minsa.gob.pa,,Panama,MINSA-Planilla-2024
Roberto Alvarez,Medicina General,,,,MINSA Panamá,Panamá,minsa.gob.pa,,Panama,MINSA-Planilla-2024
Lesbia Morales,Medicina General,,,,MINSA Panamá,Panamá,minsa.gob.pa,,Panama,MINSA-Planilla-2024
Juan Jose Bustamante,Medicina General,,,,MINSA Panamá,Panamá,minsa.gob.pa,,Panama,MINSA-Planilla-2024
Jose Aguilar,Medicina General,,,,MINSA Panamá,Panamá,minsa.gob.pa,,Panama,MINSA-Planilla-2024
Euladia Taylor S,Medicina General,,,,MINSA Panamá,Panamá,minsa.gob.pa,,Panama,MINSA-Planilla-2024
Nestor Perez,Medicina General,,,,MINSA Panamá,Panamá,minsa.gob.pa,,Panama,MINSA-Planilla-2024
Evilyn Peralta,Medicina General,,,,MINSA Panamá,Panamá,minsa.gob.pa,,Panama,MINSA-Planilla-2024
Mario Lozada,Medicina General,,,,MINSA Panamá,Panamá,minsa.gob.pa,,Panama,MINSA-Planilla-2024
Cesar Herrera Herrera,Medicina General,,,,MINSA Panamá,Panamá,minsa.gob.pa,,Panama,MINSA-Planilla-2024
Kristy Perez,Medicina General,,,,MINSA Panamá,Panamá,minsa.gob.pa,,Panama,MINSA-Planilla-2024
Fabian Lasso Aizpurua,Medicina General,,,,MINSA Panamá,Panamá,minsa.gob.pa,,Panama,MINSA-Planilla-2024
Abdulkareen Abdullah,Medicina General,,,,MINSA Panamá,Panamá,minsa.gob.pa,,Panama,MINSA-Planilla-2024
Yissell Cabezas,Medicina General,,,,MINSA Panamá,Panamá,minsa.gob.pa,,Panama,MINSA-Planilla-2024
Jhoseline Arosemena,Medicina General,,,,MINSA Panamá,Panamá,minsa.gob.pa,,Panama,MINSA-Planilla-2024
Manuel Cardenas,Medicina General,,,,MINSA Panamá,Panamá,minsa.gob.pa,,Panama,MINSA-Planilla-2024
Sara Esther Castaneda Rodaniche D,Medicina General,,,,MINSA Panamá,Panamá,minsa.gob.pa,,Panama,MINSA-Planilla-2024
Ilsa Caballero,Medicina General,,,,MINSA Panamá,Panamá,minsa.gob.pa,,Panama,MINSA-Planilla-2024
Alvaro Miranda,Medicina General,,,,MINSA Panamá,Panamá,minsa.gob.pa,,Panama,MINSA-Planilla-2024
Vanessa Beliz,Medicina General,,,,MINSA Panamá,Panamá,minsa.gob.pa,,Panama,MINSA-Planilla-2024
Rubiela Velasquez,Medicina General,,,,MINSA Panamá,Panamá,minsa.gob.pa,,Panama,MINSA-Planilla-2024
Carmela Jackman S,Medicina General,,,,MINSA Panamá,Panamá,minsa.gob.pa,,Panama,MINSA-Planilla-2024
Ayvar Hernandez,Medicina General,,,,MINSA Panamá,Panamá,minsa.gob.pa,,Panama,MINSA-Planilla-2024
Delia Santizo Vega,Medicina General,,,,MINSA Panamá,Panamá,minsa.gob.pa,,Panama,MINSA-Planilla-2024
Lilibeth Chang,Medicina General,,,,MINSA Panamá,Panamá,minsa.gob.pa,,Panama,MINSA-Planilla-2024
Luis Yee Gonzalez,Medicina General,,,,MINSA Panamá,Panamá,minsa.gob.pa,,Panama,MINSA-Planilla-2024
Linette Lanas J,Medicina General,,,,MINSA Panamá,Panamá,minsa.gob.pa,,Panama,MINSA-Planilla-2024
Sofia Carrillo Z,Medicina General,,,,MINSA Panamá,Panamá,minsa.gob.pa,,Panama,MINSA-Planilla-2024
Eyra Chaw Medina,Medicina General,,,,MINSA Panamá,Panamá,minsa.gob.pa,,Panama,MINSA-Planilla-2024
Adis Velarde,Medicina General,,,,MINSA Panamá,Panamá,minsa.gob.pa,,Panama,MINSA-Planilla-2024
Soledad Duran,Medicina General,,,,MINSA Panamá,Panamá,minsa.gob.pa,,Panama,MINSA-Planilla-2024
Eduardo Aizprua,Medicina General,,,,MINSA Panamá,Panamá,minsa.gob.pa,,Panama,MINSA-Planilla-2024
Fidel Nunez,Medicina General,,,,MINSA Panamá,Panamá,minsa.gob.pa,,Panama,MINSA-Planilla-2024
Javier Valle,Medicina General,,,,MINSA Panamá,Panamá,minsa.gob.pa,,Panama,MINSA-Planilla-2024
Benjamin Moreno,Medicina General,,,,MINSA Panamá,Panamá,minsa.gob.pa,,Panama,MINSA-Planilla-2024
Maurice Coronado,Medicina General,,,,MINSA Panamá,Panamá,minsa.gob.pa,,Panama,MINSA-Planilla-2024
Alex Barrios,Medicina General,,,,MINSA Panamá,Panamá,minsa.gob.pa,,Panama,MINSA-Planilla-2024
Miguel A Ramirez,Medicina General,,,,MINSA Panamá,Panamá,minsa.gob.pa,,Panama,MINSA-Planilla-2024
Sugey Sandoval,Medicina General,,,,MINSA Panamá,Panamá,minsa.gob.pa,,Panama,MINSA-Planilla-2024
Enrique Puentes,Medicina General,,,,MINSA Panamá,Panamá,minsa.gob.pa,,Panama,MINSA-Planilla-2024
Yavier Gordon,Medicina General,,,,MINSA Panamá,Panamá,minsa.gob.pa,,Panama,MINSA-Planilla-2024
Maria Martinez,Medicina General,,,,MINSA Panamá,Panamá,minsa.gob.pa,,Panama,MINSA-Planilla-2024
Giselle Eccles,Medicina General,,,,MINSA Panamá,Panamá,minsa.gob.pa,,Panama,MINSA-Planilla-2024
Sairi Lindo,Medicina General,,,,MINSA Panamá,Panamá,minsa.gob.pa,,Panama,MINSA-Planilla-2024
Sergio Salazar,Medicina General,,,,MINSA Panamá,Panamá,minsa.gob.pa,,Panama,MINSA-Planilla-2024
Ariosto Hernandez,Medicina General,,,,MINSA Panamá,Panamá,minsa.gob.pa,,Panama,MINSA-Planilla-2024
Solkis Velasco,Medicina General,,,,MINSA Panamá,Panamá,minsa.gob.pa,,Panama,MINSA-Planilla-2024
Osman Saldana,Medicina General,,,,MINSA Panamá,Panamá,minsa.gob.pa,,Panama,MINSA-Planilla-2024
Jean Daley,Medicina General,,,,MINSA Panamá,Panamá,minsa.gob.pa,,Panama,MINSA-Planilla-2024
Josue Rios,Medicina General,,,,MINSA Panamá,Panamá,minsa.gob.pa,,Panama,MINSA-Planilla-2024
Relvia Rirna Rivas Gonzalez,Medicina General,,,,MINSA Panamá,Panamá,minsa.gob.pa,,Panama,MINSA-Planilla-2024
Hilda Ivette Pieffer Zaldivar,Medicina General,,,,MINSA Panamá,Panamá,minsa.gob.pa,,Panama,MINSA-Planilla-2024
Guadalupe Vargas,Medicina General,,,,MINSA Panamá,Panamá,minsa.gob.pa,,Panama,MINSA-Planilla-2024
Hilda Morales,Medicina General,,,,MINSA Panamá,Panamá,minsa.gob.pa,,Panama,MINSA-Planilla-2024
Miguel Angel Jordan Garcia,Medicina General,,,,MINSA Panamá,Panamá,minsa.gob.pa,,Panama,MINSA-Planilla-2024
Zoraida Carrasquilla,Medicina General,,,,MINSA Panamá,Panamá,minsa.gob.pa,,Panama,MINSA-Planilla-2024
Darlene Bonilla,Medicina General,,,,MINSA Panamá,Panamá,minsa.gob.pa,,Panama,MINSA-Planilla-2024
Eneristo Robinson,Medicina General,,,,MINSA Panamá,Panamá,minsa.gob.pa,,Panama,MINSA-Planilla-2024
Belen Hernandez,Medicina General,,,,MINSA Panamá,Panamá,minsa.gob.pa,,Panama,MINSA-Planilla-2024
Tania Vasquez,Medicina General,,,,MINSA Panamá,Panamá,minsa.gob.pa,,Panama,MINSA-Planilla-2024
Frida Elena Quintero,Medicina General,,,,MINSA Panamá,Panamá,minsa.gob.pa,,Panama,MINSA-Planilla-2024
Nancy Herrera,Medicina General,,,,MINSA Panamá,Panamá,minsa.gob.pa,,Panama,MINSA-Planilla-2024
Moises Giro,Medicina General,,,,MINSA Panamá,Panamá,minsa.gob.pa,,Panama,MINSA-Planilla-2024
Luis A Rodriguez,Medicina General,,,,MINSA Panamá,Panamá,minsa.gob.pa,,Panama,MINSA-Planilla-2024
Marisol Mendez Nieto,Medicina General,,,,MINSA Panamá,Panamá,minsa.gob.pa,,Panama,MINSA-Planilla-2024
Dilma Vega De Romero,Medicina General,,,,MINSA Panamá,Panamá,minsa.gob.pa,,Panama,MINSA-Planilla-2024
Yaribel Chang,Medicina General,,,,MINSA Panamá,Panamá,minsa.gob.pa,,Panama,MINSA-Planilla-2024
Julia Pino,Medicina General,,,,MINSA Panamá,Panamá,minsa.gob.pa,,Panama,MINSA-Planilla-2024
Angel Alonzo,Medicina General,,,,MINSA Panamá,Panamá,minsa.gob.pa,,Panama,MINSA-Planilla-2024
Lineth Saldarriaga,Medicina General,,,,MINSA Panamá,Panamá,minsa.gob.pa,,Panama,MINSA-Planilla-2024
Rolando Sanchez,Medicina General,,,,MINSA Panamá,Panamá,minsa.gob.pa,,Panama,MINSA-Planilla-2024
Alfredo Munoz,Medicina General,,,,MINSA Panamá,Panamá,minsa.gob.pa,,Panama,MINSA-Planilla-2024
Luis Guiraud B,Medicina General,,,,MINSA Panamá,Panamá,minsa.gob.pa,,Panama,MINSA-Planilla-2024
Luis Fermin,Medicina General,,,,MINSA Panamá,Panamá,minsa.gob.pa,,Panama,MINSA-Planilla-2024
Bredio Antonio Ramirez Barria,Medicina General,,,,MINSA Panamá,Panamá,minsa.gob.pa,,Panama,MINSA-Planilla-2024
Anel A Cerrud B,Medicina General,,,,MINSA Panamá,Panamá,minsa.gob.pa,,Panama,MINSA-Planilla-2024
Miguel Angel Chew,Medicina General,,,,MINSA Panamá,Panamá,minsa.gob.pa,,Panama,MINSA-Planilla-2024
Anyuri Ortiz,Medicina General,,,,MINSA Panamá,Panamá,minsa.gob.pa,,Panama,MINSA-Planilla-2024
Damaris Abrego,Medicina General,,,,MINSA Panamá,Panamá,minsa.gob.pa,,Panama,MINSA-Planilla-2024
Damian Gonzalez,Medicina General,,,,MINSA Panamá,Panamá,minsa.gob.pa,,Panama,MINSA-Planilla-2024
Idalina Del C Martinez,Medicina General,,,,MINSA Panamá,Panamá,minsa.gob.pa,,Panama,MINSA-Planilla-2024
Minneth F Guizado,Medicina General,,,,MINSA Panamá,Panamá,minsa.gob.pa,,Panama,MINSA-Planilla-2024
Giancarlos Martinez,Medicina General,,,,MINSA Panamá,Panamá,minsa.gob.pa,,Panama,MINSA-Planilla-2024
Ricaurte Trejos,Medicina General,,,,MINSA Panamá,Panamá,minsa.gob.pa,,Panama,MINSA-Planilla-2024
Ylenia Garrido,Medicina General,,,,MINSA Panamá,Panamá,minsa.gob.pa,,Panama,MINSA-Planilla-2024
Engin Mitre,Medicina General,,,,MINSA Panamá,Panamá,minsa.gob.pa,,Panama,MINSA-Planilla-2024
Ramses Naar,Medicina General,,,,MINSA Panamá,Panamá,minsa.gob.pa,,Panama,MINSA-Planilla-2024
Demelza Amaya,Medicina General,,,,MINSA Panamá,Panamá,minsa.gob.pa,,Panama,MINSA-Planilla-2024
Dimas Santamaria,Medicina General,,,,MINSA Panamá,Panamá,minsa.gob.pa,,Panama,MINSA-Planilla-2024
Boris Garrido,Medicina General,,,,MINSA Panamá,Panamá,minsa.gob.pa,,Panama,MINSA-Planilla-2024
Arturo A Rivera J,Medicina General,,,,MINSA Panamá,Panamá,minsa.gob.pa,,Panama,MINSA-Planilla-2024
Ricardo A Jaen,Medicina General,,,,MINSA Panamá,Panamá,minsa.gob.pa,,Panama,MINSA-Planilla-2024
Gustavo A Tunon,Medicina General,,,,MINSA Panamá,Panamá,minsa.gob.pa,,Panama,MINSA-Planilla-2024
Roberto Gomez,Medicina General,,,,MINSA Panamá,Panamá,minsa.gob.pa,,Panama,MINSA-Planilla-2024
Ruben Zavala F,Medicina General,,,,MINSA Panamá,Panamá,minsa.gob.pa,,Panama,MINSA-Planilla-2024
Santiago Gomez,Medicina General,,,,MINSA Panamá,Panamá,minsa.gob.pa,,Panama,MINSA-Planilla-2024
Jorge J Cordoba R,Medicina General,,,,MINSA Panamá,Panamá,minsa.gob.pa,,Panama,MINSA-Planilla-2024
Olga Cordoba,Medicina General,,,,MINSA Panamá,Panamá,minsa.gob.pa,,Panama,MINSA-Planilla-2024
Marianelys Medina,Medicina General,,,,MINSA Panamá,Panamá,minsa.gob.pa,,Panama,MINSA-Planilla-2024
Rafael A Donado F,Medicina General,,,,MINSA Panamá,Panamá,minsa.gob.pa,,Panama,MINSA-Planilla-2024
Luis Leslie Q,Medicina General,,,,MINSA Panamá,Panamá,minsa.gob.pa,,Panama,MINSA-Planilla-2024
Cecilio Leslie Q,Medicina General,,,,MINSA Panamá,Panamá,minsa.gob.pa,,Panama,MINSA-Planilla-2024
Raimundo Jimenez,Medicina General,,,,MINSA Panamá,Panamá,minsa.gob.pa,,Panama,MINSA-Planilla-2024
Danilo Castillo,Medicina General,,,,MINSA Panamá,Panamá,minsa.gob.pa,,Panama,MINSA-Planilla-2024
Edgardo Pitti,Medicina General,,,,MINSA Panamá,Panamá,minsa.gob.pa,,Panama,MINSA-Planilla-2024
Giovany Hidrogo,Medicina General,,,,MINSA Panamá,Panamá,minsa.gob.pa,,Panama,MINSA-Planilla-2024
Diogenes Toulier,Medicina General,,,,MINSA Panamá,Panamá,minsa.gob.pa,,Panama,MINSA-Planilla-2024
Alcibiades O Garcia,Medicina General,,,,MINSA Panamá,Panamá,minsa.gob.pa,,Panama,MINSA-Planilla-2024
Eliecer Santamaria,Medicina General,,,,MINSA Panamá,Panamá,minsa.gob.pa,,Panama,MINSA-Planilla-2024
Gabriel Galan Rodriguez Arauz,Medicina General,,,,MINSA Panamá,Panamá,minsa.gob.pa,,Panama,MINSA-Planilla-2024
Jorge Mendoza,Medicina General,,,,MINSA Panamá,Panamá,minsa.gob.pa,,Panama,MINSA-Planilla-2024
Leslie J Samudio J,Medicina General,,,,MINSA Panamá,Panamá,minsa.gob.pa,,Panama,MINSA-Planilla-2024
Carlos Atencio,Medicina General,,,,MINSA Panamá,Panamá,minsa.gob.pa,,Panama,MINSA-Planilla-2024
Anayansi Diaz L,Medicina General,,,,MINSA Panamá,Panamá,minsa.gob.pa,,Panama,MINSA-Planilla-2024
Virginia Nunez,Medicina General,,,,MINSA Panamá,Panamá,minsa.gob.pa,,Panama,MINSA-Planilla-2024
Alexis Garces,Medicina General,,,,MINSA Panamá,Panamá,minsa.gob.pa,,Panama,MINSA-Planilla-2024
Josefina De Miranda,Medicina General,,,,MINSA Panamá,Panamá,minsa.gob.pa,,Panama,MINSA-Planilla-2024
Jose B Atencio,Medicina General,,,,MINSA Panamá,Panamá,minsa.gob.pa,,Panama,MINSA-Planilla-2024
Jose Cisneros,Medicina General,,,,MINSA Panamá,Panamá,minsa.gob.pa,,Panama,MINSA-Planilla-2024
Ramona Harris,Medicina General,,,,MINSA Panamá,Panamá,minsa.gob.pa,,Panama,MINSA-Planilla-2024
Lilia Jou Sanchez De Castillo,Medicina General,,,,MINSA Panamá,Panamá,minsa.gob.pa,,Panama,MINSA-Planilla-2024
Fausto Alvarez,Medicina General,,,,MINSA Panamá,Panamá,minsa.gob.pa,,Panama,MINSA-Planilla-2024
Alcides A Camano S,Medicina General,,,,MINSA Panamá,Panamá,minsa.gob.pa,,Panama,MINSA-Planilla-2024
Luis A Moreno,Medicina General,,,,MINSA Panamá,Panamá,minsa.gob.pa,,Panama,MINSA-Planilla-2024
Daliones Gomez,Medicina General,,,,MINSA Panamá,Panamá,minsa.gob.pa,,Panama,MINSA-Planilla-2024
Delfina Pinilla Pinzon,Medicina General,,,,MINSA Panamá,Panamá,minsa.gob.pa,,Panama,MINSA-Planilla-2024
Hector Carrasco,Medicina General,,,,MINSA Panamá,Panamá,minsa.gob.pa,,Panama,MINSA-Planilla-2024
Natalio Mendieta,Medicina General,,,,MINSA Panamá,Panamá,minsa.gob.pa,,Panama,MINSA-Planilla-2024
Sanyas Alba,Medicina General,,,,MINSA Panamá,Panamá,minsa.gob.pa,,Panama,MINSA-Planilla-2024
Aparicio Acosta Lugo,Medicina General,,,,MINSA Panamá,Panamá,minsa.gob.pa,,Panama,MINSA-Planilla-2024
Maximiliano Nunez Flores,Medicina General,,,,MINSA Panamá,Panamá,minsa.gob.pa,,Panama,MINSA-Planilla-2024
Migdalia De Mendoza,Medicina General,,,,MINSA Panamá,Panamá,minsa.gob.pa,,Panama,MINSA-Planilla-2024
Jacqueline E Solis,Medicina General,,,,MINSA Panamá,Panamá,minsa.gob.pa,,Panama,MINSA-Planilla-2024
Jeny Julissa Corro Rios,Medicina General,,,,MINSA Panamá,Panamá,minsa.gob.pa,,Panama,MINSA-Planilla-2024
Duilio Taylor,Medicina General,,,,MINSA Panamá,Panamá,minsa.gob.pa,,Panama,MINSA-Planilla-2024
Tomas Higuera,Medicina General,,,,MINSA Panamá,Panamá,minsa.gob.pa,,Panama,MINSA-Planilla-2024
Iris Ortiz,Medicina General,,,,MINSA Panamá,Panamá,minsa.gob.pa,,Panama,MINSA-Planilla-2024
Gilberto Vaz,Medicina General,,,,MINSA Panamá,Panamá,minsa.gob.pa,,Panama,MINSA-Planilla-2024
Luis De Pascuale,Medicina General,,,,MINSA Panamá,Panamá,minsa.gob.pa,,Panama,MINSA-Planilla-2024
Maigualida Rodriguez,Medicina General,,,,MINSA Panamá,Panamá,minsa.gob.pa,,Panama,MINSA-Planilla-2024
Oscar Gonzalez,Medicina General,,,,MINSA Panamá,Panamá,minsa.gob.pa,,Panama,MINSA-Planilla-2024
Bellatriz Berrocal,Medicina General,,,,MINSA Panamá,Panamá,minsa.gob.pa,,Panama,MINSA-Planilla-2024
Xiomara V Ramirez Reyes,Medicina General,,,,MINSA Panamá,Panamá,minsa.gob.pa,,Panama,MINSA-Planilla-2024
Hector R Sanchez F,Medicina General,,,,MINSA Panamá,Panamá,minsa.gob.pa,,Panama,MINSA-Planilla-2024
Miriam Edith De Nyakutse,Medicina General,,,,MINSA Panamá,Panamá,minsa.gob.pa,,Panama,MINSA-Planilla-2024
Ismael Rangel,Medicina General,,,,MINSA Panamá,Panamá,minsa.gob.pa,,Panama,MINSA-Planilla-2024
Liliana I Castillo,Medicina General,,,,MINSA Panamá,Panamá,minsa.gob.pa,,Panama,MINSA-Planilla-2024
Leslie Lao,Medicina General,,,,MINSA Panamá,Panamá,minsa.gob.pa,,Panama,MINSA-Planilla-2024
Jose Campos,Medicina General,,,,MINSA Panamá,Panamá,minsa.gob.pa,,Panama,MINSA-Planilla-2024
Ovidio Mendoza,Medicina General,,,,MINSA Panamá,Panamá,minsa.gob.pa,,Panama,MINSA-Planilla-2024
Ricardo Chong,Medicina General,,,,MINSA Panamá,Panamá,minsa.gob.pa,,Panama,MINSA-Planilla-2024
Carmen I Flores H,Medicina General,,,,MINSA Panamá,Panamá,minsa.gob.pa,,Panama,MINSA-Planilla-2024
Belkis Quintero,Medicina General,,,,MINSA Panamá,Panamá,minsa.gob.pa,,Panama,MINSA-Planilla-2024
Gesseth Hodgson,Medicina General,,,,MINSA Panamá,Panamá,minsa.gob.pa,,Panama,MINSA-Planilla-2024
Vitelio Carrera,Medicina General,,,,MINSA Panamá,Panamá,minsa.gob.pa,,Panama,MINSA-Planilla-2024
Anel Castillo Madrid,Medicina General,,,,MINSA Panamá,Panamá,minsa.gob.pa,,Panama,MINSA-Planilla-2024
Luis Ortega,Medicina General,,,,MINSA Panamá,Panamá,minsa.gob.pa,,Panama,MINSA-Planilla-2024
Marisol Curundama,Medicina General,,,,MINSA Panamá,Panamá,minsa.gob.pa,,Panama,MINSA-Planilla-2024
Nelson Mezua,Medicina General,,,,MINSA Panamá,Panamá,minsa.gob.pa,,Panama,MINSA-Planilla-2024
Edwin De Leon,Medicina General,,,,MINSA Panamá,Panamá,minsa.gob.pa,,Panama,MINSA-Planilla-2024
Norayda Gonzalez,Medicina General,,,,MINSA Panamá,Panamá,minsa.gob.pa,,Panama,MINSA-Planilla-2024
Manidikina Smith,Medicina General,,,,MINSA Panamá,Panamá,minsa.gob.pa,,Panama,MINSA-Planilla-2024
Wagayoguna Diaz,Medicina General,,,,MINSA Panamá,Panamá,minsa.gob.pa,,Panama,MINSA-Planilla-2024
Jack Martinez,Medicina General,,,,MINSA Panamá,Panamá,minsa.gob.pa,,Panama,MINSA-Planilla-2024
Maybel Perez,Medicina General,,,,MINSA Panamá,Panamá,minsa.gob.pa,,Panama,MINSA-Planilla-2024
Ambar Ortiz,Medicina General,,,,MINSA Panamá,Panamá,minsa.gob.pa,,Panama,MINSA-Planilla-2024
Arquesio Arias,Medicina General,,,,MINSA Panamá,Panamá,minsa.gob.pa,,Panama,MINSA-Planilla-2024
Nicolas Perez,Medicina General,,,,MINSA Panamá,Panamá,minsa.gob.pa,,Panama,MINSA-Planilla-2024
John Smith,Medicina General,,,,MINSA Panamá,Panamá,minsa.gob.pa,,Panama,MINSA-Planilla-2024
Evi J Herrera D,Medicina General,,,,MINSA Panamá,Panamá,minsa.gob.pa,,Panama,MINSA-Planilla-2024
Vicente Saldana C,Medicina General,,,,MINSA Panamá,Panamá,minsa.gob.pa,,Panama,MINSA-Planilla-2024
Jaime Castillo Sanchez,Medicina General,,,,MINSA Panamá,Panamá,minsa.gob.pa,,Panama,MINSA-Planilla-2024
Karina Baker T,Medicina General,,,,MINSA Panamá,Panamá,minsa.gob.pa,,Panama,MINSA-Planilla-2024
Bernaldo Bejerano,Medicina General,,,,MINSA Panamá,Panamá,minsa.gob.pa,,Panama,MINSA-Planilla-2024
Sebastian Jimenez,Medicina General,,,,MINSA Panamá,Panamá,minsa.gob.pa,,Panama,MINSA-Planilla-2024
Omar Zapata,Medicina General,,,,MINSA Panamá,Panamá,minsa.gob.pa,,Panama,MINSA-Planilla-2024
Iro Montezuma,Medicina General,,,,MINSA Panamá,Panamá,minsa.gob.pa,,Panama,MINSA-Planilla-2024
Rufino Bejarano,Medicina General,,,,MINSA Panamá,Panamá,minsa.gob.pa,,Panama,MINSA-Planilla-2024
Edilsa Gonzalez,Medicina General,,,,MINSA Panamá,Panamá,minsa.gob.pa,,Panama,MINSA-Planilla-2024
Adalberto Villagra,Medicina General,,,,MINSA Panamá,Panamá,minsa.gob.pa,,Panama,MINSA-Planilla-2024
Marlon Munoz,Medicina General,,,,MINSA Panamá,Panamá,minsa.gob.pa,,Panama,MINSA-Planilla-2024
Juan Lum Medina,Medicina General,,,,MINSA Panamá,Panamá,minsa.gob.pa,,Panama,MINSA-Planilla-2024
Juan Antonio Rodriguez Campos,Medicina General,,,,MINSA Panamá,Panamá,minsa.gob.pa,,Panama,MINSA-Planilla-2024
Ida Gomez,Medicina General,,,,MINSA Panamá,Panamá,minsa.gob.pa,,Panama,MINSA-Planilla-2024
Juan Jose Ayola T,Medicina General,,,,MINSA Panamá,Panamá,minsa.gob.pa,,Panama,MINSA-Planilla-2024
Vicente Greco Mastelari,Medicina General,,,,MINSA Panamá,Panamá,minsa.gob.pa,,Panama,MINSA-Planilla-2024
Lissa Giovanina De Leon Mazzitelli,Medicina General,,,,MINSA Panamá,Panamá,minsa.gob.pa,,Panama,MINSA-Planilla-2024
Sindy Ortiz,Medicina General,,,,MINSA Panamá,Panamá,minsa.gob.pa,,Panama,MINSA-Planilla-2024
Edwin Gonzalez,Medicina General,,,,MINSA Panamá,Panamá,minsa.gob.pa,,Panama,MINSA-Planilla-2024
Irina Samudio,Medicina General,,,,MINSA Panamá,Panamá,minsa.gob.pa,,Panama,MINSA-Planilla-2024
Justino Antonio Camacho S,Medicina General,,,,MINSA Panamá,Panamá,minsa.gob.pa,,Panama,MINSA-Planilla-2024
Isaac Alberto Barsallo Gonzalez,Medicina General,,,,MINSA Panamá,Panamá,minsa.gob.pa,,Panama,MINSA-Planilla-2024
Isiris Beitia,Medicina General,,,,MINSA Panamá,Panamá,minsa.gob.pa,,Panama,MINSA-Planilla-2024
Cindy Wilson,Medicina General,,,,MINSA Panamá,Panamá,minsa.gob.pa,,Panama,MINSA-Planilla-2024
Eveline Jimenez,Medicina General,,,,MINSA Panamá,Panamá,minsa.gob.pa,,Panama,MINSA-Planilla-2024
Flor Rivera,Medicina General,,,,MINSA Panamá,Panamá,minsa.gob.pa,,Panama,MINSA-Planilla-2024
Richard Casas,Medicina General,,,,MINSA Panamá,Panamá,minsa.gob.pa,,Panama,MINSA-Planilla-2024
Joemis Malineth Gonzalez,Medicina General,,,,MINSA Panamá,Panamá,minsa.gob.pa,,Panama,MINSA-Planilla-2024
Eric Reyes,Medicina General,,,,MINSA Panamá,Panamá,minsa.gob.pa,,Panama,MINSA-Planilla-2024
Judith Diaz,Medicina General,,,,MINSA Panamá,Panamá,minsa.gob.pa,,Panama,MINSA-Planilla-2024
Pedro Miguel Duarte,Medicina General,,,,MINSA Panamá,Panamá,minsa.gob.pa,,Panama,MINSA-Planilla-2024
Luis Martinez,Medicina General,,,,MINSA Panamá,Panamá,minsa.gob.pa,,Panama,MINSA-Planilla-2024
Guadalupe Gonzalez,Medicina General,,,,MINSA Panamá,Panamá,minsa.gob.pa,,Panama,MINSA-Planilla-2024
Dayara Martinez,Medicina General,,,,MINSA Panamá,Panamá,minsa.gob.pa,,Panama,MINSA-Planilla-2024
Ileana Brea R,Medicina General,,,,MINSA Panamá,Panamá,minsa.gob.pa,,Panama,MINSA-Planilla-2024
Luis Alberto Ruiz Torralba,Medicina General,,,,MINSA Panamá,Panamá,minsa.gob.pa,,Panama,MINSA-Planilla-2024
Cristobalina Batista,Medicina General,,,,MINSA Panamá,Panamá,minsa.gob.pa,,Panama,MINSA-Planilla-2024
Ivone Villarreal,Medicina General,,,,MINSA Panamá,Panamá,minsa.gob.pa,,Panama,MINSA-Planilla-2024
Gustavo Quintero,Medicina General,,,,MINSA Panamá,Panamá,minsa.gob.pa,,Panama,MINSA-Planilla-2024
Onelys Cedeno,Medicina General,,,,MINSA Panamá,Panamá,minsa.gob.pa,,Panama,MINSA-Planilla-2024
Eduardo Vannucchi,Medicina General,,,,MINSA Panamá,Panamá,minsa.gob.pa,,Panama,MINSA-Planilla-2024
Yatzary Garcia,Medicina General,,,,MINSA Panamá,Panamá,minsa.gob.pa,,Panama,MINSA-Planilla-2024
Wanda Jaen,Medicina General,,,,MINSA Panamá,Panamá,minsa.gob.pa,,Panama,MINSA-Planilla-2024
Yomaxi Medianero,Medicina General,,,,MINSA Panamá,Panamá,minsa.gob.pa,,Panama,MINSA-Planilla-2024
Tatiana Quintero,Medicina General,,,,MINSA Panamá,Panamá,minsa.gob.pa,,Panama,MINSA-Planilla-2024
Yariela Elizabeth Cisneros,Medicina General,,,,MINSA Panamá,Panamá,minsa.gob.pa,,Panama,MINSA-Planilla-2024
Zelideth Saldarriaga,Medicina General,,,,MINSA Panamá,Panamá,minsa.gob.pa,,Panama,MINSA-Planilla-2024
Jesus Rodriguez,Medicina General,,,,MINSA Panamá,Panamá,minsa.gob.pa,,Panama,MINSA-Planilla-2024
Jamileth Del Carmen Marinas De Do,Medicina General,,,,MINSA Panamá,Panamá,minsa.gob.pa,,Panama,MINSA-Planilla-2024
Ibethzaida Fernandez A,Medicina General,,,,MINSA Panamá,Panamá,minsa.gob.pa,,Panama,MINSA-Planilla-2024
Juan Andrade,Medicina General,,,,MINSA Panamá,Panamá,minsa.gob.pa,,Panama,MINSA-Planilla-2024
Ricardo Powell Moreno,Medicina General,,,,MINSA Panamá,Panamá,minsa.gob.pa,,Panama,MINSA-Planilla-2024
Virgilio Valentin,Medicina General,,,,MINSA Panamá,Panamá,minsa.gob.pa,,Panama,MINSA-Planilla-2024
Romualdo Navarro,Medicina General,,,,MINSA Panamá,Panamá,minsa.gob.pa,,Panama,MINSA-Planilla-2024
Nelly Martinez,Medicina General,,,,MINSA Panamá,Panamá,minsa.gob.pa,,Panama,MINSA-Planilla-2024
Karla Herrera,Medicina General,,,,MINSA Panamá,Panamá,minsa.gob.pa,,Panama,MINSA-Planilla-2024
Gabriel Chiquidama Cunana,Medicina General,,,,MINSA Panamá,Panamá,minsa.gob.pa,,Panama,MINSA-Planilla-2024
Jose Santamaria,Medicina General,,,,MINSA Panamá,Panamá,minsa.gob.pa,,Panama,MINSA-Planilla-2024
Joys Beitia,Medicina General,,,,MINSA Panamá,Panamá,minsa.gob.pa,,Panama,MINSA-Planilla-2024
Carlos Miranda,Medicina General,,,,MINSA Panamá,Panamá,minsa.gob.pa,,Panama,MINSA-Planilla-2024
Jose Quintero,Medicina General,,,,MINSA Panamá,Panamá,minsa.gob.pa,,Panama,MINSA-Planilla-2024
Indira Cepeda,Medicina General,,,,MINSA Panamá,Panamá,minsa.gob.pa,,Panama,MINSA-Planilla-2024
Marla Stewart,Medicina General,,,,MINSA Panamá,Panamá,minsa.gob.pa,,Panama,MINSA-Planilla-2024
Betsalys De Paniza,Medicina General,,,,MINSA Panamá,Panamá,minsa.gob.pa,,Panama,MINSA-Planilla-2024
Yitze Gonzalez,Medicina General,,,,MINSA Panamá,Panamá,minsa.gob.pa,,Panama,MINSA-Planilla-2024
Hector Cedeno,Medicina General,,,,MINSA Panamá,Panamá,minsa.gob.pa,,Panama,MINSA-Planilla-2024
Xenia Toribio,Medicina General,,,,MINSA Panamá,Panamá,minsa.gob.pa,,Panama,MINSA-Planilla-2024
Bolivar Perez,Medicina General,,,,MINSA Panamá,Panamá,minsa.gob.pa,,Panama,MINSA-Planilla-2024
Khadine Obaldia,Medicina General,,,,MINSA Panamá,Panamá,minsa.gob.pa,,Panama,MINSA-Planilla-2024
Jeisy Barrantes,Medicina General,,,,MINSA Panamá,Panamá,minsa.gob.pa,,Panama,MINSA-Planilla-2024
Victor Nunez,Medicina General,,,,MINSA Panamá,Panamá,minsa.gob.pa,,Panama,MINSA-Planilla-2024
Obdulia De Montilla,Medicina General,,,,MINSA Panamá,Panamá,minsa.gob.pa,,Panama,MINSA-Planilla-2024
Mirla Valdes,Medicina General,,,,MINSA Panamá,Panamá,minsa.gob.pa,,Panama,MINSA-Planilla-2024
Lizbeth Hayer,Medicina General,,,,MINSA Panamá,Panamá,minsa.gob.pa,,Panama,MINSA-Planilla-2024
Julio Franco,Medicina General,,,,MINSA Panamá,Panamá,minsa.gob.pa,,Panama,MINSA-Planilla-2024
Santo Chavez,Medicina General,,,,MINSA Panamá,Panamá,minsa.gob.pa,,Panama,MINSA-Planilla-2024
Nancy Torres,Medicina General,,,,MINSA Panamá,Panamá,minsa.gob.pa,,Panama,MINSA-Planilla-2024
Itza Lezcano,Medicina General,,,,MINSA Panamá,Panamá,minsa.gob.pa,,Panama,MINSA-Planilla-2024
Luis Rivera Sagel,Medicina General,,,,MINSA Panamá,Panamá,minsa.gob.pa,,Panama,MINSA-Planilla-2024
Luis Galvez,Medicina General,,,,MINSA Panamá,Panamá,minsa.gob.pa,,Panama,MINSA-Planilla-2024
Juan Aji,Medicina General,,,,MINSA Panamá,Panamá,minsa.gob.pa,,Panama,MINSA-Planilla-2024
Arcadio Martinez,Medicina General,,,,MINSA Panamá,Panamá,minsa.gob.pa,,Panama,MINSA-Planilla-2024
Jose Hernandez Ortiz,Medicina General,,,,MINSA Panamá,Panamá,minsa.gob.pa,,Panama,MINSA-Planilla-2024
Berta Sandoval,Medicina General,,,,MINSA Panamá,Panamá,minsa.gob.pa,,Panama,MINSA-Planilla-2024
Rusbiela Chacon,Medicina General,,,,MINSA Panamá,Panamá,minsa.gob.pa,,Panama,MINSA-Planilla-2024
Evidelia Castro,Medicina General,,,,MINSA Panamá,Panamá,minsa.gob.pa,,Panama,MINSA-Planilla-2024
Dayra Dominguez,Medicina General,,,,MINSA Panamá,Panamá,minsa.gob.pa,,Panama,MINSA-Planilla-2024
Omar Diaz,Medicina General,,,,MINSA Panamá,Panamá,minsa.gob.pa,,Panama,MINSA-Planilla-2024
Brigido Rodriguez,Medicina General,,,,MINSA Panamá,Panamá,minsa.gob.pa,,Panama,MINSA-Planilla-2024
Matilde Echevers,Medicina General,,,,MINSA Panamá,Panamá,minsa.gob.pa,,Panama,MINSA-Planilla-2024
Rocio Munoz,Medicina General,,,,MINSA Panamá,Panamá,minsa.gob.pa,,Panama,MINSA-Planilla-2024
Gisela Saavedra,Medicina General,,,,MINSA Panamá,Panamá,minsa.gob.pa,,Panama,MINSA-Planilla-2024
Alexander Cardenas,Medicina General,,,,MINSA Panamá,Panamá,minsa.gob.pa,,Panama,MINSA-Planilla-2024
Melissa Chung,Medicina General,,,,MINSA Panamá,Panamá,minsa.gob.pa,,Panama,MINSA-Planilla-2024
Denis Ramirez,Medicina General,,,,MINSA Panamá,Panamá,minsa.gob.pa,,Panama,MINSA-Planilla-2024
Nahir Cedeno,Medicina General,,,,MINSA Panamá,Panamá,minsa.gob.pa,,Panama,MINSA-Planilla-2024
Celideth Rodriguez,Medicina General,,,,MINSA Panamá,Panamá,minsa.gob.pa,,Panama,MINSA-Planilla-2024
Mary Luz Caballero,Medicina General,,,,MINSA Panamá,Panamá,minsa.gob.pa,,Panama,MINSA-Planilla-2024
Milta Arcia Chavarria,Medicina General,,,,MINSA Panamá,Panamá,minsa.gob.pa,,Panama,MINSA-Planilla-2024
Veronica Berguido,Medicina General,,,,MINSA Panamá,Panamá,minsa.gob.pa,,Panama,MINSA-Planilla-2024
Yanett Sanchez Guerrero,Medicina General,,,,MINSA Panamá,Panamá,minsa.gob.pa,,Panama,MINSA-Planilla-2024
Jorge Florez,Medicina General,,,,MINSA Panamá,Panamá,minsa.gob.pa,,Panama,MINSA-Planilla-2024
Jose J Cerrud G,Medicina General,,,,MINSA Panamá,Panamá,minsa.gob.pa,,Panama,MINSA-Planilla-2024
Viterbo Cedeno,Medicina General,,,,MINSA Panamá,Panamá,minsa.gob.pa,,Panama,MINSA-Planilla-2024
Carlos Calao V,Medicina General,,,,MINSA Panamá,Panamá,minsa.gob.pa,,Panama,MINSA-Planilla-2024
Anel Acosta,Medicina General,,,,MINSA Panamá,Panamá,minsa.gob.pa,,Panama,MINSA-Planilla-2024
Yissel Velarde,Medicina General,,,,MINSA Panamá,Panamá,minsa.gob.pa,,Panama,MINSA-Planilla-2024
Jackeline Alba,Medicina General,,,,MINSA Panamá,Panamá,minsa.gob.pa,,Panama,MINSA-Planilla-2024
Melva Rogers,Medicina General,,,,MINSA Panamá,Panamá,minsa.gob.pa,,Panama,MINSA-Planilla-2024
Diosvely Abrego,Medicina General,,,,MINSA Panamá,Panamá,minsa.gob.pa,,Panama,MINSA-Planilla-2024
Katherine Pescod,Medicina General,,,,MINSA Panamá,Panamá,minsa.gob.pa,,Panama,MINSA-Planilla-2024
Querube Quintero,Medicina General,,,,MINSA Panamá,Panamá,minsa.gob.pa,,Panama,MINSA-Planilla-2024
Yilany Y Bernardo,Medicina General,,,,MINSA Panamá,Panamá,minsa.gob.pa,,Panama,MINSA-Planilla-2024
Gilberto Sousa,Medicina General,,,,MINSA Panamá,Panamá,minsa.gob.pa,,Panama,MINSA-Planilla-2024
Luis Baloco,Medicina General,,,,MINSA Panamá,Panamá,minsa.gob.pa,,Panama,MINSA-Planilla-2024
Solaneich Thompson,Medicina General,,,,MINSA Panamá,Panamá,minsa.gob.pa,,Panama,MINSA-Planilla-2024
Ilka Castillo,Medicina General,,,,MINSA Panamá,Panamá,minsa.gob.pa,,Panama,MINSA-Planilla-2024
Yuri Martinez,Medicina General,,,,MINSA Panamá,Panamá,minsa.gob.pa,,Panama,MINSA-Planilla-2024
Ana Botello,Medicina General,,,,MINSA Panamá,Panamá,minsa.gob.pa,,Panama,MINSA-Planilla-2024
Fredy Henriquez,Medicina General,,,,MINSA Panamá,Panamá,minsa.gob.pa,,Panama,MINSA-Planilla-2024
Jose Reina,Medicina General,,,,MINSA Panamá,Panamá,minsa.gob.pa,,Panama,MINSA-Planilla-2024
Cristina L Gomez,Medicina General,,,,MINSA Panamá,Panamá,minsa.gob.pa,,Panama,MINSA-Planilla-2024
Mercedes De Echevers,Medicina General,,,,MINSA Panamá,Panamá,minsa.gob.pa,,Panama,MINSA-Planilla-2024
Abdiel Garrido,Medicina General,,,,MINSA Panamá,Panamá,minsa.gob.pa,,Panama,MINSA-Planilla-2024
Cesar Nunez Montes,Medicina General,,,,MINSA Panamá,Panamá,minsa.gob.pa,,Panama,MINSA-Planilla-2024
Pennelope De Cerezo,Medicina General,,,,MINSA Panamá,Panamá,minsa.gob.pa,,Panama,MINSA-Planilla-2024
Alisa Borrero,Medicina General,,,,MINSA Panamá,Panamá,minsa.gob.pa,,Panama,MINSA-Planilla-2024
Katherine Green,Medicina General,,,,MINSA Panamá,Panamá,minsa.gob.pa,,Panama,MINSA-Planilla-2024
Yarelys C De Quinones,Medicina General,,,,MINSA Panamá,Panamá,minsa.gob.pa,,Panama,MINSA-Planilla-2024
Carmen Argelis Alvarado O,Medicina General,,,,MINSA Panamá,Panamá,minsa.gob.pa,,Panama,MINSA-Planilla-2024
Maria D Canizales,Medicina General,,,,MINSA Panamá,Panamá,minsa.gob.pa,,Panama,MINSA-Planilla-2024
Jorge Arturo Oro Sugasti,Medicina General,,,,MINSA Panamá,Panamá,minsa.gob.pa,,Panama,MINSA-Planilla-2024
Nubia Elizabeth Iturralde B,Medicina General,,,,MINSA Panamá,Panamá,minsa.gob.pa,,Panama,MINSA-Planilla-2024
Dalia Rodriguez,Medicina General,,,,MINSA Panamá,Panamá,minsa.gob.pa,,Panama,MINSA-Planilla-2024
Julio Ayala,Medicina General,,,,MINSA Panamá,Panamá,minsa.gob.pa,,Panama,MINSA-Planilla-2024
Denis Escobar,Medicina General,,,,MINSA Panamá,Panamá,minsa.gob.pa,,Panama,MINSA-Planilla-2024
Nilcia Rodriguez,Medicina General,,,,MINSA Panamá,Panamá,minsa.gob.pa,,Panama,MINSA-Planilla-2024
Vanessa Crespo,Medicina General,,,,MINSA Panamá,Panamá,minsa.gob.pa,,Panama,MINSA-Planilla-2024
Jose Castillo,Medicina General,,,,MINSA Panamá,Panamá,minsa.gob.pa,,Panama,MINSA-Planilla-2024
Ruth Medina,Medicina General,,,,MINSA Panamá,Panamá,minsa.gob.pa,,Panama,MINSA-Planilla-2024
Jacqueline Guerra,Medicina General,,,,MINSA Panamá,Panamá,minsa.gob.pa,,Panama,MINSA-Planilla-2024
Gustavo Rodriguez,Medicina General,,,,MINSA Panamá,Panamá,minsa.gob.pa,,Panama,MINSA-Planilla-2024
Maydel Martinez,Medicina General,,,,MINSA Panamá,Panamá,minsa.gob.pa,,Panama,MINSA-Planilla-2024
Ritzel Gonzalez,Medicina General,,,,MINSA Panamá,Panamá,minsa.gob.pa,,Panama,MINSA-Planilla-2024
Gilberto Llerena,Medicina General,,,,MINSA Panamá,Panamá,minsa.gob.pa,,Panama,MINSA-Planilla-2024
Yaiset Joseph,Medicina General,,,,MINSA Panamá,Panamá,minsa.gob.pa,,Panama,MINSA-Planilla-2024
Desiderio E Castillo,Medicina General,,,,MINSA Panamá,Panamá,minsa.gob.pa,,Panama,MINSA-Planilla-2024
Charles Scott,Medicina General,,,,MINSA Panamá,Panamá,minsa.gob.pa,,Panama,MINSA-Planilla-2024
Barry Arce,Medicina General,,,,MINSA Panamá,Panamá,minsa.gob.pa,,Panama,MINSA-Planilla-2024
Gabriel Reyes,Medicina General,,,,MINSA Panamá,Panamá,minsa.gob.pa,,Panama,MINSA-Planilla-2024
Galia Martinez,Medicina General,,,,MINSA Panamá,Panamá,minsa.gob.pa,,Panama,MINSA-Planilla-2024
Melissa Vasquez,Medicina General,,,,MINSA Panamá,Panamá,minsa.gob.pa,,Panama,MINSA-Planilla-2024
Debora Goddard,Medicina General,,,,MINSA Panamá,Panamá,minsa.gob.pa,,Panama,MINSA-Planilla-2024
Aysa Marquez,Medicina General,,,,MINSA Panamá,Panamá,minsa.gob.pa,,Panama,MINSA-Planilla-2024
Ana Sterling,Medicina General,,,,MINSA Panamá,Panamá,minsa.gob.pa,,Panama,MINSA-Planilla-2024
Jose Chiru,Medicina General,,,,MINSA Panamá,Panamá,minsa.gob.pa,,Panama,MINSA-Planilla-2024
Veronica Valencia,Medicina General,,,,MINSA Panamá,Panamá,minsa.gob.pa,,Panama,MINSA-Planilla-2024
Anibal Jimenez,Medicina General,,,,MINSA Panamá,Panamá,minsa.gob.pa,,Panama,MINSA-Planilla-2024
Dayra De Leon,Medicina General,,,,MINSA Panamá,Panamá,minsa.gob.pa,,Panama,MINSA-Planilla-2024
Diana J Levine L,Medicina General,,,,MINSA Panamá,Panamá,minsa.gob.pa,,Panama,MINSA-Planilla-2024
Santos Martinez E,Medicina General,,,,MINSA Panamá,Panamá,minsa.gob.pa,,Panama,MINSA-Planilla-2024
James I Coloma C,Medicina General,,,,MINSA Panamá,Panamá,minsa.gob.pa,,Panama,MINSA-Planilla-2024
Nisla L Torres S,Medicina General,,,,MINSA Panamá,Panamá,minsa.gob.pa,,Panama,MINSA-Planilla-2024
Pedro Martez Alcedo,Medicina General,,,,MINSA Panamá,Panamá,minsa.gob.pa,,Panama,MINSA-Planilla-2024
Jovana Sanchez,Medicina General,,,,MINSA Panamá,Panamá,minsa.gob.pa,,Panama,MINSA-Planilla-2024
Celso Cirea,Medicina General,,,,MINSA Panamá,Panamá,minsa.gob.pa,,Panama,MINSA-Planilla-2024
Victoria Argel,Medicina General,,,,MINSA Panamá,Panamá,minsa.gob.pa,,Panama,MINSA-Planilla-2024
Eviana Duibo,Medicina General,,,,MINSA Panamá,Panamá,minsa.gob.pa,,Panama,MINSA-Planilla-2024
Robert Jameson,Medicina General,,,,MINSA Panamá,Panamá,minsa.gob.pa,,Panama,MINSA-Planilla-2024
Luzmelia Guardia,Medicina General,,,,MINSA Panamá,Panamá,minsa.gob.pa,,Panama,MINSA-Planilla-2024
Jilka Delgado,Medicina General,,,,MINSA Panamá,Panamá,minsa.gob.pa,,Panama,MINSA-Planilla-2024
Neila Magallon,Medicina General,,,,MINSA Panamá,Panamá,minsa.gob.pa,,Panama,MINSA-Planilla-2024
Monica Wever,Medicina General,,,,MINSA Panamá,Panamá,minsa.gob.pa,,Panama,MINSA-Planilla-2024
Marilexis Calderon,Medicina General,,,,MINSA Panamá,Panamá,minsa.gob.pa,,Panama,MINSA-Planilla-2024
Solymar Gumbs,Medicina General,,,,MINSA Panamá,Panamá,minsa.gob.pa,,Panama,MINSA-Planilla-2024
Robert Sanjur,Medicina General,,,,MINSA Panamá,Panamá,minsa.gob.pa,,Panama,MINSA-Planilla-2024
Iris Castillo,Medicina General,,,,MINSA Panamá,Panamá,minsa.gob.pa,,Panama,MINSA-Planilla-2024
Sixto Mendoza,Medicina General,,,,MINSA Panamá,Panamá,minsa.gob.pa,,Panama,MINSA-Planilla-2024
Yerideth Jones,Medicina General,,,,MINSA Panamá,Panamá,minsa.gob.pa,,Panama,MINSA-Planilla-2024
Nadia Gonzalez Montero,Medicina General,,,,MINSA Panamá,Panamá,minsa.gob.pa,,Panama,MINSA-Planilla-2024
Raysa Candanedo,Medicina General,,,,MINSA Panamá,Panamá,minsa.gob.pa,,Panama,MINSA-Planilla-2024
Roberto Ortiz,Medicina General,,,,MINSA Panamá,Panamá,minsa.gob.pa,,Panama,MINSA-Planilla-2024
Miguel Gonzalez,Medicina General,,,,MINSA Panamá,Panamá,minsa.gob.pa,,Panama,MINSA-Planilla-2024
Moises Rodriguez,Medicina General,,,,MINSA Panamá,Panamá,minsa.gob.pa,,Panama,MINSA-Planilla-2024
Malena Rios Delgado,Medicina General,,,,MINSA Panamá,Panamá,minsa.gob.pa,,Panama,MINSA-Planilla-2024
Alcibiades Dominguez,Medicina General,,,,MINSA Panamá,Panamá,minsa.gob.pa,,Panama,MINSA-Planilla-2024
Marie Villarreal,Medicina General,,,,MINSA Panamá,Panamá,minsa.gob.pa,,Panama,MINSA-Planilla-2024
Aurelio Cedeno Rodriguez,Medicina General,,,,MINSA Panamá,Panamá,minsa.gob.pa,,Panama,MINSA-Planilla-2024
Lupita Navarro Del Busto,Medicina General,,,,MINSA Panamá,Panamá,minsa.gob.pa,,Panama,MINSA-Planilla-2024
Yuliana Morales,Medicina General,,,,MINSA Panamá,Panamá,minsa.gob.pa,,Panama,MINSA-Planilla-2024
Bexellis Rodriguez,Medicina General,,,,MINSA Panamá,Panamá,minsa.gob.pa,,Panama,MINSA-Planilla-2024
Lilibeth Gomez,Medicina General,,,,MINSA Panamá,Panamá,minsa.gob.pa,,Panama,MINSA-Planilla-2024
Raul Rodriguez,Medicina General,,,,MINSA Panamá,Panamá,minsa.gob.pa,,Panama,MINSA-Planilla-2024
Enilda Montenegro Gonzalez,Medicina General,,,,MINSA Panamá,Panamá,minsa.gob.pa,,Panama,MINSA-Planilla-2024
Manuel Guardia,Medicina General,,,,MINSA Panamá,Panamá,minsa.gob.pa,,Panama,MINSA-Planilla-2024
Lyda Cordoba,Medicina General,,,,MINSA Panamá,Panamá,minsa.gob.pa,,Panama,MINSA-Planilla-2024
Francisco Osorio,Medicina General,,,,MINSA Panamá,Panamá,minsa.gob.pa,,Panama,MINSA-Planilla-2024
Claribel Cedeno,Medicina General,,,,MINSA Panamá,Panamá,minsa.gob.pa,,Panama,MINSA-Planilla-2024
Bertha Galarza,Medicina General,,,,MINSA Panamá,Panamá,minsa.gob.pa,,Panama,MINSA-Planilla-2024
Jose Dominguez,Medicina General,,,,MINSA Panamá,Panamá,minsa.gob.pa,,Panama,MINSA-Planilla-2024
Harmodio Cruz,Medicina General,,,,MINSA Panamá,Panamá,minsa.gob.pa,,Panama,MINSA-Planilla-2024
Luis Vargas,Medicina General,,,,MINSA Panamá,Panamá,minsa.gob.pa,,Panama,MINSA-Planilla-2024
Galo Gonzalez Amador,Medicina General,,,,MINSA Panamá,Panamá,minsa.gob.pa,,Panama,MINSA-Planilla-2024
Ramon Ferrer,Medicina General,,,,MINSA Panamá,Panamá,minsa.gob.pa,,Panama,MINSA-Planilla-2024
Annette Lam,Medicina General,,,,MINSA Panamá,Panamá,minsa.gob.pa,,Panama,MINSA-Planilla-2024
Marcos Castillo,Medicina General,,,,MINSA Panamá,Panamá,minsa.gob.pa,,Panama,MINSA-Planilla-2024
Paolo Rodriguez,Medicina General,,,,MINSA Panamá,Panamá,minsa.gob.pa,,Panama,MINSA-Planilla-2024
Zujey Y Fong E,Medicina General,,,,MINSA Panamá,Panamá,minsa.gob.pa,,Panama,MINSA-Planilla-2024
Sue Helen Wedderburn,Medicina General,,,,MINSA Panamá,Panamá,minsa.gob.pa,,Panama,MINSA-Planilla-2024
Angelys M Law R,Medicina General,,,,MINSA Panamá,Panamá,minsa.gob.pa,,Panama,MINSA-Planilla-2024
Nelson Montenegro,Medicina General,,,,MINSA Panamá,Panamá,minsa.gob.pa,,Panama,MINSA-Planilla-2024
Elisa Del Carmen Ching Chan,Medicina General,,,,MINSA Panamá,Panamá,minsa.gob.pa,,Panama,MINSA-Planilla-2024
Mariluz Mendoza,Medicina General,,,,MINSA Panamá,Panamá,minsa.gob.pa,,Panama,MINSA-Planilla-2024
Jose Rodriguez,Medicina General,,,,MINSA Panamá,Panamá,minsa.gob.pa,,Panama,MINSA-Planilla-2024
Bionelis Bustamante A,Medicina General,,,,MINSA Panamá,Panamá,minsa.gob.pa,,Panama,MINSA-Planilla-2024
Danahisa L St Rose G,Medicina General,,,,MINSA Panamá,Panamá,minsa.gob.pa,,Panama,MINSA-Planilla-2024
Vanessa Gonzalez,Medicina General,,,,MINSA Panamá,Panamá,minsa.gob.pa,,Panama,MINSA-Planilla-2024
Betzi Valois,Medicina General,,,,MINSA Panamá,Panamá,minsa.gob.pa,,Panama,MINSA-Planilla-2024
Yesenia De Leon,Medicina General,,,,MINSA Panamá,Panamá,minsa.gob.pa,,Panama,MINSA-Planilla-2024
Edwin Castillo,Medicina General,,,,MINSA Panamá,Panamá,minsa.gob.pa,,Panama,MINSA-Planilla-2024
Ken Toyloy,Medicina General,,,,MINSA Panamá,Panamá,minsa.gob.pa,,Panama,MINSA-Planilla-2024
Cristina Saavedra Rodriguez,Medicina General,,,,MINSA Panamá,Panamá,minsa.gob.pa,,Panama,MINSA-Planilla-2024
Franklin Reyes,Medicina General,,,,MINSA Panamá,Panamá,minsa.gob.pa,,Panama,MINSA-Planilla-2024
Aneth Barrios,Medicina General,,,,MINSA Panamá,Panamá,minsa.gob.pa,,Panama,MINSA-Planilla-2024
Yanette Singh,Medicina General,,,,MINSA Panamá,Panamá,minsa.gob.pa,,Panama,MINSA-Planilla-2024
Alcibiades Cabrera Vargas,Medicina General,,,,MINSA Panamá,Panamá,minsa.gob.pa,,Panama,MINSA-Planilla-2024
Shanida Moreno,Medicina General,,,,MINSA Panamá,Panamá,minsa.gob.pa,,Panama,MINSA-Planilla-2024
Gregory Hall,Medicina General,,,,MINSA Panamá,Panamá,minsa.gob.pa,,Panama,MINSA-Planilla-2024
Miguel Reyes,Medicina General,,,,MINSA Panamá,Panamá,minsa.gob.pa,,Panama,MINSA-Planilla-2024
Alex Almengor,Medicina General,,,,MINSA Panamá,Panamá,minsa.gob.pa,,Panama,MINSA-Planilla-2024
Isidro Acosta,Medicina General,,,,MINSA Panamá,Panamá,minsa.gob.pa,,Panama,MINSA-Planilla-2024
Jose Samudio Sanchez,Medicina General,,,,MINSA Panamá,Panamá,minsa.gob.pa,,Panama,MINSA-Planilla-2024
Ana Raquel Bassan,Medicina General,,,,MINSA Panamá,Panamá,minsa.gob.pa,,Panama,MINSA-Planilla-2024
Yahaira Gizel Ramos Bernal,Medicina General,,,,MINSA Panamá,Panamá,minsa.gob.pa,,Panama,MINSA-Planilla-2024
Aquilino Jimenez,Medicina General,,,,MINSA Panamá,Panamá,minsa.gob.pa,,Panama,MINSA-Planilla-2024
Ariel De La Espada,Medicina General,,,,MINSA Panamá,Panamá,minsa.gob.pa,,Panama,MINSA-Planilla-2024
Azizi Barahona,Medicina General,,,,MINSA Panamá,Panamá,minsa.gob.pa,,Panama,MINSA-Planilla-2024
Maytte Pinzon,Medicina General,,,,MINSA Panamá,Panamá,minsa.gob.pa,,Panama,MINSA-Planilla-2024
Nikkinpaler Morales,Medicina General,,,,MINSA Panamá,Panamá,minsa.gob.pa,,Panama,MINSA-Planilla-2024
Suzanne Villalaz Santa,Medicina General,,,,MINSA Panamá,Panamá,minsa.gob.pa,,Panama,MINSA-Planilla-2024
Laritza Vega De Maldonado,Medicina General,,,,MINSA Panamá,Panamá,minsa.gob.pa,,Panama,MINSA-Planilla-2024
Maylin Giselle Ibanez De La Cruz,Medicina General,,,,MINSA Panamá,Panamá,minsa.gob.pa,,Panama,MINSA-Planilla-2024
Silka Cuevas,Medicina General,,,,MINSA Panamá,Panamá,minsa.gob.pa,,Panama,MINSA-Planilla-2024
Anibal Arauz,Medicina General,,,,MINSA Panamá,Panamá,minsa.gob.pa,,Panama,MINSA-Planilla-2024
Anisabel Ortega,Medicina General,,,,MINSA Panamá,Panamá,minsa.gob.pa,,Panama,MINSA-Planilla-2024
Liseth Riega,Medicina General,,,,MINSA Panamá,Panamá,minsa.gob.pa,,Panama,MINSA-Planilla-2024
Benjamin Montezuma,Medicina General,,,,MINSA Panamá,Panamá,minsa.gob.pa,,Panama,MINSA-Planilla-2024
Nubia Pimentel,Medicina General,,,,MINSA Panamá,Panamá,minsa.gob.pa,,Panama,MINSA-Planilla-2024
Juan Lozano,Medicina General,,,,MINSA Panamá,Panamá,minsa.gob.pa,,Panama,MINSA-Planilla-2024
Mario Mayls A,Medicina General,,,,MINSA Panamá,Panamá,minsa.gob.pa,,Panama,MINSA-Planilla-2024
Roxana I Quintero,Medicina General,,,,MINSA Panamá,Panamá,minsa.gob.pa,,Panama,MINSA-Planilla-2024
Agnelio Pinzon S,Medicina General,,,,MINSA Panamá,Panamá,minsa.gob.pa,,Panama,MINSA-Planilla-2024
Jesica Candanedo Perez,Medicina General,,,,MINSA Panamá,Panamá,minsa.gob.pa,,Panama,MINSA-Planilla-2024
Norberto Villalaz,Medicina General,,,,MINSA Panamá,Panamá,minsa.gob.pa,,Panama,MINSA-Planilla-2024
Danais Yisel Navas Jaramillo,Medicina General,,,,MINSA Panamá,Panamá,minsa.gob.pa,,Panama,MINSA-Planilla-2024
Luz Raquel Falconett De Gonzalez,Medicina General,,,,MINSA Panamá,Panamá,minsa.gob.pa,,Panama,MINSA-Planilla-2024
Carlos Cerrud,Medicina General,,,,MINSA Panamá,Panamá,minsa.gob.pa,,Panama,MINSA-Planilla-2024
Diomedes Gonzalez,Medicina General,,,,MINSA Panamá,Panamá,minsa.gob.pa,,Panama,MINSA-Planilla-2024
Luz Stonestreet,Medicina General,,,,MINSA Panamá,Panamá,minsa.gob.pa,,Panama,MINSA-Planilla-2024
Carlos Santos,Medicina General,,,,MINSA Panamá,Panamá,minsa.gob.pa,,Panama,MINSA-Planilla-2024
Vilma Jimenez,Medicina General,,,,MINSA Panamá,Panamá,minsa.gob.pa,,Panama,MINSA-Planilla-2024
Luis Pedrol,Medicina General,,,,MINSA Panamá,Panamá,minsa.gob.pa,,Panama,MINSA-Planilla-2024
Kaury Quiroz,Medicina General,,,,MINSA Panamá,Panamá,minsa.gob.pa,,Panama,MINSA-Planilla-2024
Rosalba Flores,Medicina General,,,,MINSA Panamá,Panamá,minsa.gob.pa,,Panama,MINSA-Planilla-2024
Marco Jimenez,Medicina General,,,,MINSA Panamá,Panamá,minsa.gob.pa,,Panama,MINSA-Planilla-2024
Laura Quintero,Medicina General,,,,MINSA Panamá,Panamá,minsa.gob.pa,,Panama,MINSA-Planilla-2024
Liseth Chavez,Medicina General,,,,MINSA Panamá,Panamá,minsa.gob.pa,,Panama,MINSA-Planilla-2024
Ajelet Sahar De Estrella,Medicina General,,,,MINSA Panamá,Panamá,minsa.gob.pa,,Panama,MINSA-Planilla-2024
Ana De Leon,Medicina General,,,,MINSA Panamá,Panamá,minsa.gob.pa,,Panama,MINSA-Planilla-2024
Hugo Rodriguez,Medicina General,,,,MINSA Panamá,Panamá,minsa.gob.pa,,Panama,MINSA-Planilla-2024
Leysi Guerrero,Medicina General,,,,MINSA Panamá,Panamá,minsa.gob.pa,,Panama,MINSA-Planilla-2024
Marion Morales,Medicina General,,,,MINSA Panamá,Panamá,minsa.gob.pa,,Panama,MINSA-Planilla-2024
Aileen Carrera,Medicina General,,,,MINSA Panamá,Panamá,minsa.gob.pa,,Panama,MINSA-Planilla-2024
Mercedes Fernandez,Medicina General,,,,MINSA Panamá,Panamá,minsa.gob.pa,,Panama,MINSA-Planilla-2024
Maruquel Guerra,Medicina General,,,,MINSA Panamá,Panamá,minsa.gob.pa,,Panama,MINSA-Planilla-2024
William Guainora,Medicina General,,,,MINSA Panamá,Panamá,minsa.gob.pa,,Panama,MINSA-Planilla-2024
Luisa Liang De Rodriguez,Medicina General,,,,MINSA Panamá,Panamá,minsa.gob.pa,,Panama,MINSA-Planilla-2024
Ruby Solis,Medicina General,,,,MINSA Panamá,Panamá,minsa.gob.pa,,Panama,MINSA-Planilla-2024
Rafael Pitty,Medicina General,,,,MINSA Panamá,Panamá,minsa.gob.pa,,Panama,MINSA-Planilla-2024
Anel Santos,Medicina General,,,,MINSA Panamá,Panamá,minsa.gob.pa,,Panama,MINSA-Planilla-2024
Felipe Valdivia,Medicina General,,,,MINSA Panamá,Panamá,minsa.gob.pa,,Panama,MINSA-Planilla-2024
Josefa Gomez,Medicina General,,,,MINSA Panamá,Panamá,minsa.gob.pa,,Panama,MINSA-Planilla-2024
Stacy Osorio,Medicina General,,,,MINSA Panamá,Panamá,minsa.gob.pa,,Panama,MINSA-Planilla-2024
Manuel Campos,Medicina General,,,,MINSA Panamá,Panamá,minsa.gob.pa,,Panama,MINSA-Planilla-2024
Mayanin Aguilar,Medicina General,,,,MINSA Panamá,Panamá,minsa.gob.pa,,Panama,MINSA-Planilla-2024
Erasmo Gonzalez,Medicina General,,,,MINSA Panamá,Panamá,minsa.gob.pa,,Panama,MINSA-Planilla-2024
Juan Valencia,Medicina General,,,,MINSA Panamá,Panamá,minsa.gob.pa,,Panama,MINSA-Planilla-2024
Elsa Degracia,Medicina General,,,,MINSA Panamá,Panamá,minsa.gob.pa,,Panama,MINSA-Planilla-2024
Leidys Corrales,Medicina General,,,,MINSA Panamá,Panamá,minsa.gob.pa,,Panama,MINSA-Planilla-2024
Nidia Vergara,Medicina General,,,,MINSA Panamá,Panamá,minsa.gob.pa,,Panama,MINSA-Planilla-2024
Paola Saldana,Medicina General,,,,MINSA Panamá,Panamá,minsa.gob.pa,,Panama,MINSA-Planilla-2024
Silka Sandoval,Medicina General,,,,MINSA Panamá,Panamá,minsa.gob.pa,,Panama,MINSA-Planilla-2024
Aurelio Mancilla,Medicina General,,,,MINSA Panamá,Panamá,minsa.gob.pa,,Panama,MINSA-Planilla-2024
Emmel Franco,Medicina General,,,,MINSA Panamá,Panamá,minsa.gob.pa,,Panama,MINSA-Planilla-2024
Diomedes Hernandez,Medicina General,,,,MINSA Panamá,Panamá,minsa.gob.pa,,Panama,MINSA-Planilla-2024
Amelia Machuca,Medicina General,,,,MINSA Panamá,Panamá,minsa.gob.pa,,Panama,MINSA-Planilla-2024
Kathleen Green,Medicina General,,,,MINSA Panamá,Panamá,minsa.gob.pa,,Panama,MINSA-Planilla-2024
Rodolfo A Cogley Urriola,Medicina General,,,,MINSA Panamá,Panamá,minsa.gob.pa,,Panama,MINSA-Planilla-2024
Jazmin Higuero,Medicina General,,,,MINSA Panamá,Panamá,minsa.gob.pa,,Panama,MINSA-Planilla-2024
Odemaris Terreros,Medicina General,,,,MINSA Panamá,Panamá,minsa.gob.pa,,Panama,MINSA-Planilla-2024
Roxana Castro,Medicina General,,,,MINSA Panamá,Panamá,minsa.gob.pa,,Panama,MINSA-Planilla-2024
Santos Mendoza,Medicina General,,,,MINSA Panamá,Panamá,minsa.gob.pa,,Panama,MINSA-Planilla-2024
Angel Bernal,Medicina General,,,,MINSA Panamá,Panamá,minsa.gob.pa,,Panama,MINSA-Planilla-2024
Anabellys Palma,Medicina General,,,,MINSA Panamá,Panamá,minsa.gob.pa,,Panama,MINSA-Planilla-2024
Millibeth Gil,Medicina General,,,,MINSA Panamá,Panamá,minsa.gob.pa,,Panama,MINSA-Planilla-2024
Miguel Quiroz,Medicina General,,,,MINSA Panamá,Panamá,minsa.gob.pa,,Panama,MINSA-Planilla-2024
Luz Pitano,Medicina General,,,,MINSA Panamá,Panamá,minsa.gob.pa,,Panama,MINSA-Planilla-2024
Anibal Lara,Medicina General,,,,MINSA Panamá,Panamá,minsa.gob.pa,,Panama,MINSA-Planilla-2024
Maria Miller,Medicina General,,,,MINSA Panamá,Panamá,minsa.gob.pa,,Panama,MINSA-Planilla-2024
Yuriset Nelson Amor,Medicina General,,,,MINSA Panamá,Panamá,minsa.gob.pa,,Panama,MINSA-Planilla-2024
Dalys Florez,Medicina General,,,,MINSA Panamá,Panamá,minsa.gob.pa,,Panama,MINSA-Planilla-2024
Rogelio Benjamin,Medicina General,,,,MINSA Panamá,Panamá,minsa.gob.pa,,Panama,MINSA-Planilla-2024
Sallys Villarreal,Medicina General,,,,MINSA Panamá,Panamá,minsa.gob.pa,,Panama,MINSA-Planilla-2024
Guillermina Campos,Medicina General,,,,MINSA Panamá,Panamá,minsa.gob.pa,,Panama,MINSA-Planilla-2024
Luis Garcia,Medicina General,,,,MINSA Panamá,Panamá,minsa.gob.pa,,Panama,MINSA-Planilla-2024
Alexander Bare,Medicina General,,,,MINSA Panamá,Panamá,minsa.gob.pa,,Panama,MINSA-Planilla-2024
Melinda Liao Chan,Medicina General,,,,MINSA Panamá,Panamá,minsa.gob.pa,,Panama,MINSA-Planilla-2024
Jorge Martinez,Medicina General,,,,MINSA Panamá,Panamá,minsa.gob.pa,,Panama,MINSA-Planilla-2024
Gloria Thomas,Medicina General,,,,MINSA Panamá,Panamá,minsa.gob.pa,,Panama,MINSA-Planilla-2024
Shafig Brown,Medicina General,,,,MINSA Panamá,Panamá,minsa.gob.pa,,Panama,MINSA-Planilla-2024
Abdiel Herrera,Medicina General,,,,MINSA Panamá,Panamá,minsa.gob.pa,,Panama,MINSA-Planilla-2024
Alba Nieto,Medicina General,,,,MINSA Panamá,Panamá,minsa.gob.pa,,Panama,MINSA-Planilla-2024
Zelideth Saavedra,Medicina General,,,,MINSA Panamá,Panamá,minsa.gob.pa,,Panama,MINSA-Planilla-2024
Leydi Miranda,Medicina General,,,,MINSA Panamá,Panamá,minsa.gob.pa,,Panama,MINSA-Planilla-2024
Orlain Alvarado,Medicina General,,,,MINSA Panamá,Panamá,minsa.gob.pa,,Panama,MINSA-Planilla-2024
Elloyd Jean Pierre Saenz,Medicina General,,,,MINSA Panamá,Panamá,minsa.gob.pa,,Panama,MINSA-Planilla-2024
Yojhani Castrellon,Medicina General,,,,MINSA Panamá,Panamá,minsa.gob.pa,,Panama,MINSA-Planilla-2024
Ileana Sanjur,Medicina General,,,,MINSA Panamá,Panamá,minsa.gob.pa,,Panama,MINSA-Planilla-2024
Emanuel Tejeira,Medicina General,,,,MINSA Panamá,Panamá,minsa.gob.pa,,Panama,MINSA-Planilla-2024
Joselyn Gonzalez,Medicina General,,,,MINSA Panamá,Panamá,minsa.gob.pa,,Panama,MINSA-Planilla-2024
Eifel Cordoba,Medicina General,,,,MINSA Panamá,Panamá,minsa.gob.pa,,Panama,MINSA-Planilla-2024
Cipriano Pacheco,Medicina General,,,,MINSA Panamá,Panamá,minsa.gob.pa,,Panama,MINSA-Planilla-2024
Ricardo Gonzalez,Medicina General,,,,MINSA Panamá,Panamá,minsa.gob.pa,,Panama,MINSA-Planilla-2024
Edwin Monfret,Medicina General,,,,MINSA Panamá,Panamá,minsa.gob.pa,,Panama,MINSA-Planilla-2024
Ruben Diaz,Medicina General,,,,MINSA Panamá,Panamá,minsa.gob.pa,,Panama,MINSA-Planilla-2024
Christopher Penaranda,Medicina General,,,,MINSA Panamá,Panamá,minsa.gob.pa,,Panama,MINSA-Planilla-2024
Lizzy Melo,Medicina General,,,,MINSA Panamá,Panamá,minsa.gob.pa,,Panama,MINSA-Planilla-2024
Elifas Atencio,Medicina General,,,,MINSA Panamá,Panamá,minsa.gob.pa,,Panama,MINSA-Planilla-2024
Angisell Mercado,Medicina General,,,,MINSA Panamá,Panamá,minsa.gob.pa,,Panama,MINSA-Planilla-2024
Eliecer Miranda,Medicina General,,,,MINSA Panamá,Panamá,minsa.gob.pa,,Panama,MINSA-Planilla-2024
Karen Montilla,Medicina General,,,,MINSA Panamá,Panamá,minsa.gob.pa,,Panama,MINSA-Planilla-2024
Jose Gonzalez Fitzgerald,Medicina General,,,,MINSA Panamá,Panamá,minsa.gob.pa,,Panama,MINSA-Planilla-2024
Jaciryzuzeth Martinez,Medicina General,,,,MINSA Panamá,Panamá,minsa.gob.pa,,Panama,MINSA-Planilla-2024
Sarali Chan,Medicina General,,,,MINSA Panamá,Panamá,minsa.gob.pa,,Panama,MINSA-Planilla-2024
Paola Cho,Medicina General,,,,MINSA Panamá,Panamá,minsa.gob.pa,,Panama,MINSA-Planilla-2024
Jorge Pinzon,Medicina General,,,,MINSA Panamá,Panamá,minsa.gob.pa,,Panama,MINSA-Planilla-2024
Ernesto Miranda,Medicina General,,,,MINSA Panamá,Panamá,minsa.gob.pa,,Panama,MINSA-Planilla-2024
Jesus Herrera,Medicina General,,,,MINSA Panamá,Panamá,minsa.gob.pa,,Panama,MINSA-Planilla-2024
Jardiel Palacios,Medicina General,,,,MINSA Panamá,Panamá,minsa.gob.pa,,Panama,MINSA-Planilla-2024
Rogelio Garcia,Medicina General,,,,MINSA Panamá,Panamá,minsa.gob.pa,,Panama,MINSA-Planilla-2024
Luisiris Villarreal,Medicina General,,,,MINSA Panamá,Panamá,minsa.gob.pa,,Panama,MINSA-Planilla-2024
Gabriela Villega,Medicina General,,,,MINSA Panamá,Panamá,minsa.gob.pa,,Panama,MINSA-Planilla-2024
Rafael Urena,Medicina General,,,,MINSA Panamá,Panamá,minsa.gob.pa,,Panama,MINSA-Planilla-2024
Luis Alvarez,Medicina General,,,,MINSA Panamá,Panamá,minsa.gob.pa,,Panama,MINSA-Planilla-2024
Belkys Palomino,Medicina General,,,,MINSA Panamá,Panamá,minsa.gob.pa,,Panama,MINSA-Planilla-2024
Carmen Martinez,Medicina General,,,,MINSA Panamá,Panamá,minsa.gob.pa,,Panama,MINSA-Planilla-2024
Mitzi Vasquez,Medicina General,,,,MINSA Panamá,Panamá,minsa.gob.pa,,Panama,MINSA-Planilla-2024
Johnny Cuevas,Medicina General,,,,MINSA Panamá,Panamá,minsa.gob.pa,,Panama,MINSA-Planilla-2024
Lisette Carrera,Medicina General,,,,MINSA Panamá,Panamá,minsa.gob.pa,,Panama,MINSA-Planilla-2024
Dianibeth Marin,Medicina General,,,,MINSA Panamá,Panamá,minsa.gob.pa,,Panama,MINSA-Planilla-2024
Yeniley Crespo,Medicina General,,,,MINSA Panamá,Panamá,minsa.gob.pa,,Panama,MINSA-Planilla-2024
Ofelia Aponte,Medicina General,,,,MINSA Panamá,Panamá,minsa.gob.pa,,Panama,MINSA-Planilla-2024
Emmanuel Castro,Medicina General,,,,MINSA Panamá,Panamá,minsa.gob.pa,,Panama,MINSA-Planilla-2024
Nidia Hernandez,Medicina General,,,,MINSA Panamá,Panamá,minsa.gob.pa,,Panama,MINSA-Planilla-2024
Bigdidilisob Preciado,Medicina General,,,,MINSA Panamá,Panamá,minsa.gob.pa,,Panama,MINSA-Planilla-2024
Gustavo Morales,Medicina General,,,,MINSA Panamá,Panamá,minsa.gob.pa,,Panama,MINSA-Planilla-2024
Eddie Alba,Medicina General,,,,MINSA Panamá,Panamá,minsa.gob.pa,,Panama,MINSA-Planilla-2024
Yamileth Solano,Medicina General,,,,MINSA Panamá,Panamá,minsa.gob.pa,,Panama,MINSA-Planilla-2024
Rosemary Vanegas,Medicina General,,,,MINSA Panamá,Panamá,minsa.gob.pa,,Panama,MINSA-Planilla-2024
Elvia Lee,Medicina General,,,,MINSA Panamá,Panamá,minsa.gob.pa,,Panama,MINSA-Planilla-2024
Ed Guerra,Medicina General,,,,MINSA Panamá,Panamá,minsa.gob.pa,,Panama,MINSA-Planilla-2024
Nadylin Lavergne,Medicina General,,,,MINSA Panamá,Panamá,minsa.gob.pa,,Panama,MINSA-Planilla-2024
Jaime Samudio,Medicina General,,,,MINSA Panamá,Panamá,minsa.gob.pa,,Panama,MINSA-Planilla-2024
Kemly Rivera,Medicina General,,,,MINSA Panamá,Panamá,minsa.gob.pa,,Panama,MINSA-Planilla-2024
Jose Sanchez,Medicina General,,,,MINSA Panamá,Panamá,minsa.gob.pa,,Panama,MINSA-Planilla-2024
Julio Portugal,Medicina General,,,,MINSA Panamá,Panamá,minsa.gob.pa,,Panama,MINSA-Planilla-2024
Katherine Gomez,Medicina General,,,,MINSA Panamá,Panamá,minsa.gob.pa,,Panama,MINSA-Planilla-2024
Juan M Ramirez V,Medicina General,,,,MINSA Panamá,Panamá,minsa.gob.pa,,Panama,MINSA-Planilla-2024
Jose Jessany Gonzalez,Medicina General,,,,MINSA Panamá,Panamá,minsa.gob.pa,,Panama,MINSA-Planilla-2024
Stephany De La Rosa,Medicina General,,,,MINSA Panamá,Panamá,minsa.gob.pa,,Panama,MINSA-Planilla-2024
Maria Robles,Medicina General,,,,MINSA Panamá,Panamá,minsa.gob.pa,,Panama,MINSA-Planilla-2024
Vilma Villarreal,Medicina General,,,,MINSA Panamá,Panamá,minsa.gob.pa,,Panama,MINSA-Planilla-2024
Luis Perez Carrizo,Medicina General,,,,MINSA Panamá,Panamá,minsa.gob.pa,,Panama,MINSA-Planilla-2024
Sharon Wilson,Medicina General,,,,MINSA Panamá,Panamá,minsa.gob.pa,,Panama,MINSA-Planilla-2024
Cristina Lan Carrera,Medicina General,,,,MINSA Panamá,Panamá,minsa.gob.pa,,Panama,MINSA-Planilla-2024
Jose Marciaga,Medicina General,,,,MINSA Panamá,Panamá,minsa.gob.pa,,Panama,MINSA-Planilla-2024
Yitzhak Amat,Medicina General,,,,MINSA Panamá,Panamá,minsa.gob.pa,,Panama,MINSA-Planilla-2024
Tania Diez Suira,Medicina General,,,,MINSA Panamá,Panamá,minsa.gob.pa,,Panama,MINSA-Planilla-2024
Johany Hidalgo,Medicina General,,,,MINSA Panamá,Panamá,minsa.gob.pa,,Panama,MINSA-Planilla-2024
Amilcar Perez,Medicina General,,,,MINSA Panamá,Panamá,minsa.gob.pa,,Panama,MINSA-Planilla-2024
Lisuany Guerra Bonilla,Medicina General,,,,MINSA Panamá,Panamá,minsa.gob.pa,,Panama,MINSA-Planilla-2024
Edna Mario,Medicina General,,,,MINSA Panamá,Panamá,minsa.gob.pa,,Panama,MINSA-Planilla-2024
Illinoy Clovis,Medicina General,,,,MINSA Panamá,Panamá,minsa.gob.pa,,Panama,MINSA-Planilla-2024
Milagros Reyes,Medicina General,,,,MINSA Panamá,Panamá,minsa.gob.pa,,Panama,MINSA-Planilla-2024
Maria T Arauz,Medicina General,,,,MINSA Panamá,Panamá,minsa.gob.pa,,Panama,MINSA-Planilla-2024
Angelina Santo Montezuma,Medicina General,,,,MINSA Panamá,Panamá,minsa.gob.pa,,Panama,MINSA-Planilla-2024
Yajaira Y Miranda,Medicina General,,,,MINSA Panamá,Panamá,minsa.gob.pa,,Panama,MINSA-Planilla-2024
Rafael Franco,Medicina General,,,,MINSA Panamá,Panamá,minsa.gob.pa,,Panama,MINSA-Planilla-2024
Jisela Ibarra,Medicina General,,,,MINSA Panamá,Panamá,minsa.gob.pa,,Panama,MINSA-Planilla-2024
Carlos Batista Gonzalez,Medicina General,,,,MINSA Panamá,Panamá,minsa.gob.pa,,Panama,MINSA-Planilla-2024
Keyssa Barrios,Medicina General,,,,MINSA Panamá,Panamá,minsa.gob.pa,,Panama,MINSA-Planilla-2024
Sonia Prieto,Medicina General,,,,MINSA Panamá,Panamá,minsa.gob.pa,,Panama,MINSA-Planilla-2024
Daudicio Brenes,Medicina General,,,,MINSA Panamá,Panamá,minsa.gob.pa,,Panama,MINSA-Planilla-2024
Anabel Cruz,Medicina General,,,,MINSA Panamá,Panamá,minsa.gob.pa,,Panama,MINSA-Planilla-2024
Suhail Eyllenn Suira Moncada,Medicina General,,,,MINSA Panamá,Panamá,minsa.gob.pa,,Panama,MINSA-Planilla-2024
Jorge Diaz,Medicina General,,,,MINSA Panamá,Panamá,minsa.gob.pa,,Panama,MINSA-Planilla-2024
Matuzalen Estalin,Medicina General,,,,MINSA Panamá,Panamá,minsa.gob.pa,,Panama,MINSA-Planilla-2024
Daphne Santizo,Medicina General,,,,MINSA Panamá,Panamá,minsa.gob.pa,,Panama,MINSA-Planilla-2024
Cesar Rodriguez,Medicina General,,,,MINSA Panamá,Panamá,minsa.gob.pa,,Panama,MINSA-Planilla-2024
Eduardo Chire,Medicina General,,,,MINSA Panamá,Panamá,minsa.gob.pa,,Panama,MINSA-Planilla-2024
Eduardo Rodriguez,Medicina General,,,,MINSA Panamá,Panamá,minsa.gob.pa,,Panama,MINSA-Planilla-2024
Elias Ruiz,Medicina General,,,,MINSA Panamá,Panamá,minsa.gob.pa,,Panama,MINSA-Planilla-2024
Lisyneth Pinzon,Medicina General,,,,MINSA Panamá,Panamá,minsa.gob.pa,,Panama,MINSA-Planilla-2024
Carlos Gomez,Medicina General,,,,MINSA Panamá,Panamá,minsa.gob.pa,,Panama,MINSA-Planilla-2024
Gretel Giselle Gonzalez,Medicina General,,,,MINSA Panamá,Panamá,minsa.gob.pa,,Panama,MINSA-Planilla-2024
Melissa Aguilar,Medicina General,,,,MINSA Panamá,Panamá,minsa.gob.pa,,Panama,MINSA-Planilla-2024
Edhier Centella,Medicina General,,,,MINSA Panamá,Panamá,minsa.gob.pa,,Panama,MINSA-Planilla-2024
Oziel Duran,Medicina General,,,,MINSA Panamá,Panamá,minsa.gob.pa,,Panama,MINSA-Planilla-2024
Yira Ibarra,Medicina General,,,,MINSA Panamá,Panamá,minsa.gob.pa,,Panama,MINSA-Planilla-2024
Evelyn Gonzalez,Medicina General,,,,MINSA Panamá,Panamá,minsa.gob.pa,,Panama,MINSA-Planilla-2024
Alex Ariel Cedeno,Medicina General,,,,MINSA Panamá,Panamá,minsa.gob.pa,,Panama,MINSA-Planilla-2024
Emilio Kelly,Medicina General,,,,MINSA Panamá,Panamá,minsa.gob.pa,,Panama,MINSA-Planilla-2024
Jose Hernandez,Medicina General,,,,MINSA Panamá,Panamá,minsa.gob.pa,,Panama,MINSA-Planilla-2024
Severiana Barraza,Medicina General,,,,MINSA Panamá,Panamá,minsa.gob.pa,,Panama,MINSA-Planilla-2024
Matzumi Mejia,Medicina General,,,,MINSA Panamá,Panamá,minsa.gob.pa,,Panama,MINSA-Planilla-2024
Yuligna Rodriguez,Medicina General,,,,MINSA Panamá,Panamá,minsa.gob.pa,,Panama,MINSA-Planilla-2024
Angela Borbua,Medicina General,,,,MINSA Panamá,Panamá,minsa.gob.pa,,Panama,MINSA-Planilla-2024
Nedelka Camarena,Medicina General,,,,MINSA Panamá,Panamá,minsa.gob.pa,,Panama,MINSA-Planilla-2024
Markeidys Santana,Medicina General,,,,MINSA Panamá,Panamá,minsa.gob.pa,,Panama,MINSA-Planilla-2024
Maria Escobar,Medicina General,,,,MINSA Panamá,Panamá,minsa.gob.pa,,Panama,MINSA-Planilla-2024
Rolando Amador Carpintero,Medicina General,,,,MINSA Panamá,Panamá,minsa.gob.pa,,Panama,MINSA-Planilla-2024
Celia Isabel Oberto Miranda,Medicina General,,,,MINSA Panamá,Panamá,minsa.gob.pa,,Panama,MINSA-Planilla-2024
Jose Nazario Burgos,Medicina General,,,,MINSA Panamá,Panamá,minsa.gob.pa,,Panama,MINSA-Planilla-2024
Angela Richards Carles,Medicina General,,,,MINSA Panamá,Panamá,minsa.gob.pa,,Panama,MINSA-Planilla-2024
Joana Tuy,Medicina General,,,,MINSA Panamá,Panamá,minsa.gob.pa,,Panama,MINSA-Planilla-2024
Guillermo Galastica,Medicina General,,,,MINSA Panamá,Panamá,minsa.gob.pa,,Panama,MINSA-Planilla-2024
Cecilia Sanjur,Medicina General,,,,MINSA Panamá,Panamá,minsa.gob.pa,,Panama,MINSA-Planilla-2024
Francisco Leiva,Medicina General,,,,MINSA Panamá,Panamá,minsa.gob.pa,,Panama,MINSA-Planilla-2024
Mayerly Espinosa,Medicina General,,,,MINSA Panamá,Panamá,minsa.gob.pa,,Panama,MINSA-Planilla-2024
Denise Del Carmen Rodriguez,Medicina General,,,,MINSA Panamá,Panamá,minsa.gob.pa,,Panama,MINSA-Planilla-2024
Mario Kuang Lee,Medicina General,,,,MINSA Panamá,Panamá,minsa.gob.pa,,Panama,MINSA-Planilla-2024
Fimya Ramos,Medicina General,,,,MINSA Panamá,Panamá,minsa.gob.pa,,Panama,MINSA-Planilla-2024
Jaime Sevillano,Medicina General,,,,MINSA Panamá,Panamá,minsa.gob.pa,,Panama,MINSA-Planilla-2024
Kc Torres,Medicina General,,,,MINSA Panamá,Panamá,minsa.gob.pa,,Panama,MINSA-Planilla-2024
Carla Karica,Medicina General,,,,MINSA Panamá,Panamá,minsa.gob.pa,,Panama,MINSA-Planilla-2024
Maholy Zorrilla,Medicina General,,,,MINSA Panamá,Panamá,minsa.gob.pa,,Panama,MINSA-Planilla-2024
Wilfredo Gordillo,Medicina General,,,,MINSA Panamá,Panamá,minsa.gob.pa,,Panama,MINSA-Planilla-2024
Noriel Garriga,Medicina General,,,,MINSA Panamá,Panamá,minsa.gob.pa,,Panama,MINSA-Planilla-2024
Amir Diaz,Medicina General,,,,MINSA Panamá,Panamá,minsa.gob.pa,,Panama,MINSA-Planilla-2024
Edwin Banda,Medicina General,,,,MINSA Panamá,Panamá,minsa.gob.pa,,Panama,MINSA-Planilla-2024
Steideling E Valdes,Medicina General,,,,MINSA Panamá,Panamá,minsa.gob.pa,,Panama,MINSA-Planilla-2024
Katherine Greer,Medicina General,,,,MINSA Panamá,Panamá,minsa.gob.pa,,Panama,MINSA-Planilla-2024
Nelly Sanchez,Medicina General,,,,MINSA Panamá,Panamá,minsa.gob.pa,,Panama,MINSA-Planilla-2024
Abimael Caballero,Medicina General,,,,MINSA Panamá,Panamá,minsa.gob.pa,,Panama,MINSA-Planilla-2024
Katherine Rodriguez,Medicina General,,,,MINSA Panamá,Panamá,minsa.gob.pa,,Panama,MINSA-Planilla-2024
Oris Batista,Medicina General,,,,MINSA Panamá,Panamá,minsa.gob.pa,,Panama,MINSA-Planilla-2024
Alconides Gonzalez,Medicina General,,,,MINSA Panamá,Panamá,minsa.gob.pa,,Panama,MINSA-Planilla-2024
Iris Rodriguez,Medicina General,,,,MINSA Panamá,Panamá,minsa.gob.pa,,Panama,MINSA-Planilla-2024
Norelis Raquel Montenegro,Medicina General,,,,MINSA Panamá,Panamá,minsa.gob.pa,,Panama,MINSA-Planilla-2024
Huberht Magallon,Medicina General,,,,MINSA Panamá,Panamá,minsa.gob.pa,,Panama,MINSA-Planilla-2024
Yimara Vera Bonilla,Medicina General,,,,MINSA Panamá,Panamá,minsa.gob.pa,,Panama,MINSA-Planilla-2024
Nadia Bonilla,Medicina General,,,,MINSA Panamá,Panamá,minsa.gob.pa,,Panama,MINSA-Planilla-2024
Eduardo Guevara,Medicina General,,,,MINSA Panamá,Panamá,minsa.gob.pa,,Panama,MINSA-Planilla-2024
Ileana Guerra,Medicina General,,,,MINSA Panamá,Panamá,minsa.gob.pa,,Panama,MINSA-Planilla-2024
Sugeilis Concepcion,Medicina General,,,,MINSA Panamá,Panamá,minsa.gob.pa,,Panama,MINSA-Planilla-2024
Esturain Melendez,Medicina General,,,,MINSA Panamá,Panamá,minsa.gob.pa,,Panama,MINSA-Planilla-2024
Brian Moreno,Medicina General,,,,MINSA Panamá,Panamá,minsa.gob.pa,,Panama,MINSA-Planilla-2024
Feliciano Maure,Medicina General,,,,MINSA Panamá,Panamá,minsa.gob.pa,,Panama,MINSA-Planilla-2024
Yarissa Rivera,Medicina General,,,,MINSA Panamá,Panamá,minsa.gob.pa,,Panama,MINSA-Planilla-2024
Ariel Vinda,Medicina General,,,,MINSA Panamá,Panamá,minsa.gob.pa,,Panama,MINSA-Planilla-2024
Diomedes Taylor Trotman,Medicina General,,,,MINSA Panamá,Panamá,minsa.gob.pa,,Panama,MINSA-Planilla-2024
Kris Barrios,Medicina General,,,,MINSA Panamá,Panamá,minsa.gob.pa,,Panama,MINSA-Planilla-2024
Marjorie Bonilla,Medicina General,,,,MINSA Panamá,Panamá,minsa.gob.pa,,Panama,MINSA-Planilla-2024
Jose Pimentel Gonzalez,Medicina General,,,,MINSA Panamá,Panamá,minsa.gob.pa,,Panama,MINSA-Planilla-2024
Martha Hall,Medicina General,,,,MINSA Panamá,Panamá,minsa.gob.pa,,Panama,MINSA-Planilla-2024
Krystel De Leon,Medicina General,,,,MINSA Panamá,Panamá,minsa.gob.pa,,Panama,MINSA-Planilla-2024
Lislie Ramos,Medicina General,,,,MINSA Panamá,Panamá,minsa.gob.pa,,Panama,MINSA-Planilla-2024
Janneth Tunon,Medicina General,,,,MINSA Panamá,Panamá,minsa.gob.pa,,Panama,MINSA-Planilla-2024
Reykjavik Garibaldi,Medicina General,,,,MINSA Panamá,Panamá,minsa.gob.pa,,Panama,MINSA-Planilla-2024
Jesus Barrera,Medicina General,,,,MINSA Panamá,Panamá,minsa.gob.pa,,Panama,MINSA-Planilla-2024
Ambar Lee,Medicina General,,,,MINSA Panamá,Panamá,minsa.gob.pa,,Panama,MINSA-Planilla-2024
David Barraza,Medicina General,,,,MINSA Panamá,Panamá,minsa.gob.pa,,Panama,MINSA-Planilla-2024
Oris Canova,Medicina General,,,,MINSA Panamá,Panamá,minsa.gob.pa,,Panama,MINSA-Planilla-2024
Valentin Moran,Medicina General,,,,MINSA Panamá,Panamá,minsa.gob.pa,,Panama,MINSA-Planilla-2024
Epifania Zambrano,Medicina General,,,,MINSA Panamá,Panamá,minsa.gob.pa,,Panama,MINSA-Planilla-2024
Fernando Lazo,Medicina General,,,,MINSA Panamá,Panamá,minsa.gob.pa,,Panama,MINSA-Planilla-2024
Mahelis Barria,Medicina General,,,,MINSA Panamá,Panamá,minsa.gob.pa,,Panama,MINSA-Planilla-2024
Marisel Batista,Medicina General,,,,MINSA Panamá,Panamá,minsa.gob.pa,,Panama,MINSA-Planilla-2024
Adams Siu,Medicina General,,,,MINSA Panamá,Panamá,minsa.gob.pa,,Panama,MINSA-Planilla-2024
Rene Ballesteros,Medicina General,,,,MINSA Panamá,Panamá,minsa.gob.pa,,Panama,MINSA-Planilla-2024
Leonela Marshall,Medicina General,,,,MINSA Panamá,Panamá,minsa.gob.pa,,Panama,MINSA-Planilla-2024
Kelvin Arena,Medicina General,,,,MINSA Panamá,Panamá,minsa.gob.pa,,Panama,MINSA-Planilla-2024
Lourdes Sanchez,Medicina General,,,,MINSA Panamá,Panamá,minsa.gob.pa,,Panama,MINSA-Planilla-2024
Katherine Martinez,Medicina General,,,,MINSA Panamá,Panamá,minsa.gob.pa,,Panama,MINSA-Planilla-2024
Itzel Tenorio,Medicina General,,,,MINSA Panamá,Panamá,minsa.gob.pa,,Panama,MINSA-Planilla-2024
Jeronimo Valdez,Medicina General,,,,MINSA Panamá,Panamá,minsa.gob.pa,,Panama,MINSA-Planilla-2024
Eduardo Duran,Medicina General,,,,MINSA Panamá,Panamá,minsa.gob.pa,,Panama,MINSA-Planilla-2024
Franklin Duenas,Medicina General,,,,MINSA Panamá,Panamá,minsa.gob.pa,,Panama,MINSA-Planilla-2024
Darlene Mcfarlane,Medicina General,,,,MINSA Panamá,Panamá,minsa.gob.pa,,Panama,MINSA-Planilla-2024
Dejeanine Barraza,Medicina General,,,,MINSA Panamá,Panamá,minsa.gob.pa,,Panama,MINSA-Planilla-2024
Yerima Mordock,Medicina General,,,,MINSA Panamá,Panamá,minsa.gob.pa,,Panama,MINSA-Planilla-2024
Juan Morales,Medicina General,,,,MINSA Panamá,Panamá,minsa.gob.pa,,Panama,MINSA-Planilla-2024
Adriana Diaz,Medicina General,,,,MINSA Panamá,Panamá,minsa.gob.pa,,Panama,MINSA-Planilla-2024
Anyelaini Galvan,Medicina General,,,,MINSA Panamá,Panamá,minsa.gob.pa,,Panama,MINSA-Planilla-2024
Nicolas Tejedor,Medicina General,,,,MINSA Panamá,Panamá,minsa.gob.pa,,Panama,MINSA-Planilla-2024
Jose Caballero,Medicina General,,,,MINSA Panamá,Panamá,minsa.gob.pa,,Panama,MINSA-Planilla-2024
Aldo Aversa,Medicina General,,,,MINSA Panamá,Panamá,minsa.gob.pa,,Panama,MINSA-Planilla-2024
Tania Carrizo,Medicina General,,,,MINSA Panamá,Panamá,minsa.gob.pa,,Panama,MINSA-Planilla-2024
Vicente Montero,Medicina General,,,,MINSA Panamá,Panamá,minsa.gob.pa,,Panama,MINSA-Planilla-2024
Yiriana Vieto,Medicina General,,,,MINSA Panamá,Panamá,minsa.gob.pa,,Panama,MINSA-Planilla-2024
Raysa Trejos,Medicina General,,,,MINSA Panamá,Panamá,minsa.gob.pa,,Panama,MINSA-Planilla-2024
Sarai Hernandez,Medicina General,,,,MINSA Panamá,Panamá,minsa.gob.pa,,Panama,MINSA-Planilla-2024
Priscila Morales,Medicina General,,,,MINSA Panamá,Panamá,minsa.gob.pa,,Panama,MINSA-Planilla-2024
Gerardo Mendez,Medicina General,,,,MINSA Panamá,Panamá,minsa.gob.pa,,Panama,MINSA-Planilla-2024
Edisabel Lasso,Medicina General,,,,MINSA Panamá,Panamá,minsa.gob.pa,,Panama,MINSA-Planilla-2024
Josue Ramirez,Medicina General,,,,MINSA Panamá,Panamá,minsa.gob.pa,,Panama,MINSA-Planilla-2024
Eloisa Rincon,Medicina General,,,,MINSA Panamá,Panamá,minsa.gob.pa,,Panama,MINSA-Planilla-2024
Javier Zapata,Medicina General,,,,MINSA Panamá,Panamá,minsa.gob.pa,,Panama,MINSA-Planilla-2024
Sthalin Aguilar,Medicina General,,,,MINSA Panamá,Panamá,minsa.gob.pa,,Panama,MINSA-Planilla-2024
Margareth Reyes,Medicina General,,,,MINSA Panamá,Panamá,minsa.gob.pa,,Panama,MINSA-Planilla-2024
Luisiana Araba,Medicina General,,,,MINSA Panamá,Panamá,minsa.gob.pa,,Panama,MINSA-Planilla-2024
Jennifer Beitia,Medicina General,,,,MINSA Panamá,Panamá,minsa.gob.pa,,Panama,MINSA-Planilla-2024
Yarielis Guerra,Medicina General,,,,MINSA Panamá,Panamá,minsa.gob.pa,,Panama,MINSA-Planilla-2024
Jose Bonilla,Medicina General,,,,MINSA Panamá,Panamá,minsa.gob.pa,,Panama,MINSA-Planilla-2024
Silvia Guevara,Medicina General,,,,MINSA Panamá,Panamá,minsa.gob.pa,,Panama,MINSA-Planilla-2024
Josue Carrasco,Medicina General,,,,MINSA Panamá,Panamá,minsa.gob.pa,,Panama,MINSA-Planilla-2024
Raquel Arauz,Medicina General,,,,MINSA Panamá,Panamá,minsa.gob.pa,,Panama,MINSA-Planilla-2024
Gerardo Vega,Medicina General,,,,MINSA Panamá,Panamá,minsa.gob.pa,,Panama,MINSA-Planilla-2024
Maureen Miranda,Medicina General,,,,MINSA Panamá,Panamá,minsa.gob.pa,,Panama,MINSA-Planilla-2024
Adael Montenegro,Medicina General,,,,MINSA Panamá,Panamá,minsa.gob.pa,,Panama,MINSA-Planilla-2024
Aimette Acevedo,Medicina General,,,,MINSA Panamá,Panamá,minsa.gob.pa,,Panama,MINSA-Planilla-2024
Roderick Fuentes,Medicina General,,,,MINSA Panamá,Panamá,minsa.gob.pa,,Panama,MINSA-Planilla-2024
Eduardo Perez,Medicina General,,,,MINSA Panamá,Panamá,minsa.gob.pa,,Panama,MINSA-Planilla-2024
Felix Atencio,Medicina General,,,,MINSA Panamá,Panamá,minsa.gob.pa,,Panama,MINSA-Planilla-2024
Ricardo Perez,Medicina General,,,,MINSA Panamá,Panamá,minsa.gob.pa,,Panama,MINSA-Planilla-2024
Jonathan Guerrero,Medicina General,,,,MINSA Panamá,Panamá,minsa.gob.pa,,Panama,MINSA-Planilla-2024
Rith Guerra,Medicina General,,,,MINSA Panamá,Panamá,minsa.gob.pa,,Panama,MINSA-Planilla-2024
Glesby Avila,Medicina General,,,,MINSA Panamá,Panamá,minsa.gob.pa,,Panama,MINSA-Planilla-2024
Madelaigne Visuette,Medicina General,,,,MINSA Panamá,Panamá,minsa.gob.pa,,Panama,MINSA-Planilla-2024
Evelyn Monterrey,Medicina General,,,,MINSA Panamá,Panamá,minsa.gob.pa,,Panama,MINSA-Planilla-2024
Eric Castillo,Medicina General,,,,MINSA Panamá,Panamá,minsa.gob.pa,,Panama,MINSA-Planilla-2024
Laris Mendoza,Medicina General,,,,MINSA Panamá,Panamá,minsa.gob.pa,,Panama,MINSA-Planilla-2024
Evelys Lorenzo,Medicina General,,,,MINSA Panamá,Panamá,minsa.gob.pa,,Panama,MINSA-Planilla-2024
Isa Perez,Medicina General,,,,MINSA Panamá,Panamá,minsa.gob.pa,,Panama,MINSA-Planilla-2024
Jose Quijada,Medicina General,,,,MINSA Panamá,Panamá,minsa.gob.pa,,Panama,MINSA-Planilla-2024
Katheryne Urriola,Medicina General,,,,MINSA Panamá,Panamá,minsa.gob.pa,,Panama,MINSA-Planilla-2024
Karen Ulloa,Medicina General,,,,MINSA Panamá,Panamá,minsa.gob.pa,,Panama,MINSA-Planilla-2024
Kevin Echevers,Medicina General,,,,MINSA Panamá,Panamá,minsa.gob.pa,,Panama,MINSA-Planilla-2024
Carolina Gonzalez,Medicina General,,,,MINSA Panamá,Panamá,minsa.gob.pa,,Panama,MINSA-Planilla-2024
Jaime Gonzalez,Medicina General,,,,MINSA Panamá,Panamá,minsa.gob.pa,,Panama,MINSA-Planilla-2024
Humberto Vanegas,Medicina General,,,,MINSA Panamá,Panamá,minsa.gob.pa,,Panama,MINSA-Planilla-2024
Alvaro Escala,Medicina General,,,,MINSA Panamá,Panamá,minsa.gob.pa,,Panama,MINSA-Planilla-2024
Nancy Marin,Medicina General,,,,MINSA Panamá,Panamá,minsa.gob.pa,,Panama,MINSA-Planilla-2024
Eleyn Espino,Medicina General,,,,MINSA Panamá,Panamá,minsa.gob.pa,,Panama,MINSA-Planilla-2024
Johanna Solis,Medicina General,,,,MINSA Panamá,Panamá,minsa.gob.pa,,Panama,MINSA-Planilla-2024
Katira Smith,Medicina General,,,,MINSA Panamá,Panamá,minsa.gob.pa,,Panama,MINSA-Planilla-2024
Kayra Mclean,Medicina General,,,,MINSA Panamá,Panamá,minsa.gob.pa,,Panama,MINSA-Planilla-2024
Jean Carvajal,Medicina General,,,,MINSA Panamá,Panamá,minsa.gob.pa,,Panama,MINSA-Planilla-2024
Gabriel Quintero,Medicina General,,,,MINSA Panamá,Panamá,minsa.gob.pa,,Panama,MINSA-Planilla-2024
Nohemy De Los Rios Sanchez,Medicina General,,,,MINSA Panamá,Panamá,minsa.gob.pa,,Panama,MINSA-Planilla-2024
Arif Patel,Medicina General,,,,MINSA Panamá,Panamá,minsa.gob.pa,,Panama,MINSA-Planilla-2024
Yaritzela Escala,Medicina General,,,,MINSA Panamá,Panamá,minsa.gob.pa,,Panama,MINSA-Planilla-2024
Kenji Nagakane,Medicina General,,,,MINSA Panamá,Panamá,minsa.gob.pa,,Panama,MINSA-Planilla-2024
Arelys Cuervo,Medicina General,,,,MINSA Panamá,Panamá,minsa.gob.pa,,Panama,MINSA-Planilla-2024
Jose Martinez,Medicina General,,,,MINSA Panamá,Panamá,minsa.gob.pa,,Panama,MINSA-Planilla-2024
Vanessa Armuelles,Medicina General,,,,MINSA Panamá,Panamá,minsa.gob.pa,,Panama,MINSA-Planilla-2024
Sixta Arrocha,Medicina General,,,,MINSA Panamá,Panamá,minsa.gob.pa,,Panama,MINSA-Planilla-2024
Erika Zhong,Medicina General,,,,MINSA Panamá,Panamá,minsa.gob.pa,,Panama,MINSA-Planilla-2024
Estefania Alleyne,Medicina General,,,,MINSA Panamá,Panamá,minsa.gob.pa,,Panama,MINSA-Planilla-2024
Tatiana Huertas,Medicina General,,,,MINSA Panamá,Panamá,minsa.gob.pa,,Panama,MINSA-Planilla-2024
Maria Sanjur,Medicina General,,,,MINSA Panamá,Panamá,minsa.gob.pa,,Panama,MINSA-Planilla-2024
Elvis Veroy,Medicina General,,,,MINSA Panamá,Panamá,minsa.gob.pa,,Panama,MINSA-Planilla-2024
Monica Zamorano,Medicina General,,,,MINSA Panamá,Panamá,minsa.gob.pa,,Panama,MINSA-Planilla-2024
Francisco Alveo,Medicina General,,,,MINSA Panamá,Panamá,minsa.gob.pa,,Panama,MINSA-Planilla-2024
Luz Rodriguez,Medicina General,,,,MINSA Panamá,Panamá,minsa.gob.pa,,Panama,MINSA-Planilla-2024
Gisela Osorio,Medicina General,,,,MINSA Panamá,Panamá,minsa.gob.pa,,Panama,MINSA-Planilla-2024
Anjun Lokhat,Medicina General,,,,MINSA Panamá,Panamá,minsa.gob.pa,,Panama,MINSA-Planilla-2024
Jose Mitre,Medicina General,,,,MINSA Panamá,Panamá,minsa.gob.pa,,Panama,MINSA-Planilla-2024
Isadelis Gonzalez,Medicina General,,,,MINSA Panamá,Panamá,minsa.gob.pa,,Panama,MINSA-Planilla-2024
Gloria Chanapi,Medicina General,,,,MINSA Panamá,Panamá,minsa.gob.pa,,Panama,MINSA-Planilla-2024
Selene Bernal,Medicina General,,,,MINSA Panamá,Panamá,minsa.gob.pa,,Panama,MINSA-Planilla-2024
Lourdes Franco,Medicina General,,,,MINSA Panamá,Panamá,minsa.gob.pa,,Panama,MINSA-Planilla-2024
Zaimis Sandoval,Medicina General,,,,MINSA Panamá,Panamá,minsa.gob.pa,,Panama,MINSA-Planilla-2024
Isaac Munoz,Medicina General,,,,MINSA Panamá,Panamá,minsa.gob.pa,,Panama,MINSA-Planilla-2024
Lesly Tejeira,Medicina General,,,,MINSA Panamá,Panamá,minsa.gob.pa,,Panama,MINSA-Planilla-2024
Eduardo Gaitan,Medicina General,,,,MINSA Panamá,Panamá,minsa.gob.pa,,Panama,MINSA-Planilla-2024
Giovanna Hernandez,Medicina General,,,,MINSA Panamá,Panamá,minsa.gob.pa,,Panama,MINSA-Planilla-2024
Gabriela Carballo,Medicina General,,,,MINSA Panamá,Panamá,minsa.gob.pa,,Panama,MINSA-Planilla-2024
Caridad Bonilla,Medicina General,,,,MINSA Panamá,Panamá,minsa.gob.pa,,Panama,MINSA-Planilla-2024
Madyoris Castillo,Medicina General,,,,MINSA Panamá,Panamá,minsa.gob.pa,,Panama,MINSA-Planilla-2024
Christopher Batista,Medicina General,,,,MINSA Panamá,Panamá,minsa.gob.pa,,Panama,MINSA-Planilla-2024
Maria Franco,Medicina General,,,,MINSA Panamá,Panamá,minsa.gob.pa,,Panama,MINSA-Planilla-2024
Agustin Cedeno,Medicina General,,,,MINSA Panamá,Panamá,minsa.gob.pa,,Panama,MINSA-Planilla-2024
Isabel Hernandez,Medicina General,,,,MINSA Panamá,Panamá,minsa.gob.pa,,Panama,MINSA-Planilla-2024
Magduel Diaz,Medicina General,,,,MINSA Panamá,Panamá,minsa.gob.pa,,Panama,MINSA-Planilla-2024
Evelyn Ortega,Medicina General,,,,MINSA Panamá,Panamá,minsa.gob.pa,,Panama,MINSA-Planilla-2024
Lissa Urena,Medicina General,,,,MINSA Panamá,Panamá,minsa.gob.pa,,Panama,MINSA-Planilla-2024
Neftali Morales,Medicina General,,,,MINSA Panamá,Panamá,minsa.gob.pa,,Panama,MINSA-Planilla-2024
Guillermo Alain,Medicina General,,,,MINSA Panamá,Panamá,minsa.gob.pa,,Panama,MINSA-Planilla-2024
Ivan Espinosa,Medicina General,,,,MINSA Panamá,Panamá,minsa.gob.pa,,Panama,MINSA-Planilla-2024
Ameth Gonzalez,Medicina General,,,,MINSA Panamá,Panamá,minsa.gob.pa,,Panama,MINSA-Planilla-2024
Carolina Concepcion,Medicina General,,,,MINSA Panamá,Panamá,minsa.gob.pa,,Panama,MINSA-Planilla-2024
Ginela Icaza,Medicina General,,,,MINSA Panamá,Panamá,minsa.gob.pa,,Panama,MINSA-Planilla-2024
Mariel Rosas,Medicina General,,,,MINSA Panamá,Panamá,minsa.gob.pa,,Panama,MINSA-Planilla-2024
Jonathan Guerra,Medicina General,,,,MINSA Panamá,Panamá,minsa.gob.pa,,Panama,MINSA-Planilla-2024
Celided Visuette,Medicina General,,,,MINSA Panamá,Panamá,minsa.gob.pa,,Panama,MINSA-Planilla-2024
Josue Cuesta,Medicina General,,,,MINSA Panamá,Panamá,minsa.gob.pa,,Panama,MINSA-Planilla-2024
Patricia Molina De Carrera,Medicina General,,,,MINSA Panamá,Panamá,minsa.gob.pa,,Panama,MINSA-Planilla-2024
Alexis Tejada,Medicina General,,,,MINSA Panamá,Panamá,minsa.gob.pa,,Panama,MINSA-Planilla-2024
Idy Rivas,Medicina General,,,,MINSA Panamá,Panamá,minsa.gob.pa,,Panama,MINSA-Planilla-2024
Miguel Herrera,Medicina General,,,,MINSA Panamá,Panamá,minsa.gob.pa,,Panama,MINSA-Planilla-2024
Gurinder Singh,Medicina General,,,,MINSA Panamá,Panamá,minsa.gob.pa,,Panama,MINSA-Planilla-2024
Valerie Robinson,Medicina General,,,,MINSA Panamá,Panamá,minsa.gob.pa,,Panama,MINSA-Planilla-2024
Cherly Garcia,Medicina General,,,,MINSA Panamá,Panamá,minsa.gob.pa,,Panama,MINSA-Planilla-2024
Ericka Rivas,Medicina General,,,,MINSA Panamá,Panamá,minsa.gob.pa,,Panama,MINSA-Planilla-2024
Miriam Hughes,Medicina General,,,,MINSA Panamá,Panamá,minsa.gob.pa,,Panama,MINSA-Planilla-2024
Caridad Quintana,Medicina General,,,,MINSA Panamá,Panamá,minsa.gob.pa,,Panama,MINSA-Planilla-2024
Elizabeth Smith,Medicina General,,,,MINSA Panamá,Panamá,minsa.gob.pa,,Panama,MINSA-Planilla-2024
Tony Chung,Medicina General,,,,MINSA Panamá,Panamá,minsa.gob.pa,,Panama,MINSA-Planilla-2024
Stephany Calvo,Medicina General,,,,MINSA Panamá,Panamá,minsa.gob.pa,,Panama,MINSA-Planilla-2024
Ritta Santamaria,Medicina General,,,,MINSA Panamá,Panamá,minsa.gob.pa,,Panama,MINSA-Planilla-2024
Marlene Perez,Medicina General,,,,MINSA Panamá,Panamá,minsa.gob.pa,,Panama,MINSA-Planilla-2024
Pamela Santos,Medicina General,,,,MINSA Panamá,Panamá,minsa.gob.pa,,Panama,MINSA-Planilla-2024
Samuel Britton,Medicina General,,,,MINSA Panamá,Panamá,minsa.gob.pa,,Panama,MINSA-Planilla-2024
Vikiana Caballero,Medicina General,,,,MINSA Panamá,Panamá,minsa.gob.pa,,Panama,MINSA-Planilla-2024
Javier Carreno,Medicina General,,,,MINSA Panamá,Panamá,minsa.gob.pa,,Panama,MINSA-Planilla-2024
Hilzedith Chavez,Medicina General,,,,MINSA Panamá,Panamá,minsa.gob.pa,,Panama,MINSA-Planilla-2024
Ciannette Ramirez,Medicina General,,,,MINSA Panamá,Panamá,minsa.gob.pa,,Panama,MINSA-Planilla-2024
Francisca Donadio,Medicina General,,,,MINSA Panamá,Panamá,minsa.gob.pa,,Panama,MINSA-Planilla-2024
Jose Moran,Medicina General,,,,MINSA Panamá,Panamá,minsa.gob.pa,,Panama,MINSA-Planilla-2024
Katiuska Botacio,Medicina General,,,,MINSA Panamá,Panamá,minsa.gob.pa,,Panama,MINSA-Planilla-2024
Javier Nunez,Medicina General,,,,MINSA Panamá,Panamá,minsa.gob.pa,,Panama,MINSA-Planilla-2024
Luis Tang,Medicina General,,,,MINSA Panamá,Panamá,minsa.gob.pa,,Panama,MINSA-Planilla-2024
Maziel Mondul,Medicina General,,,,MINSA Panamá,Panamá,minsa.gob.pa,,Panama,MINSA-Planilla-2024
Roberto Reyes,Medicina General,,,,MINSA Panamá,Panamá,minsa.gob.pa,,Panama,MINSA-Planilla-2024
Wei Ming Law,Medicina General,,,,MINSA Panamá,Panamá,minsa.gob.pa,,Panama,MINSA-Planilla-2024
Yenny Dominguez,Medicina General,,,,MINSA Panamá,Panamá,minsa.gob.pa,,Panama,MINSA-Planilla-2024
Yarelis Juarez,Medicina General,,,,MINSA Panamá,Panamá,minsa.gob.pa,,Panama,MINSA-Planilla-2024
Kiandra Vega,Medicina General,,,,MINSA Panamá,Panamá,minsa.gob.pa,,Panama,MINSA-Planilla-2024
Ambrosio Caballero,Medicina General,,,,MINSA Panamá,Panamá,minsa.gob.pa,,Panama,MINSA-Planilla-2024
Nadin Polanco,Medicina General,,,,MINSA Panamá,Panamá,minsa.gob.pa,,Panama,MINSA-Planilla-2024
Veronica Aguilar,Medicina General,,,,MINSA Panamá,Panamá,minsa.gob.pa,,Panama,MINSA-Planilla-2024
Leiriana Castroverde,Medicina General,,,,MINSA Panamá,Panamá,minsa.gob.pa,,Panama,MINSA-Planilla-2024
Gabriela Villarreal,Medicina General,,,,MINSA Panamá,Panamá,minsa.gob.pa,,Panama,MINSA-Planilla-2024
Arcenio Arjona,Medicina General,,,,MINSA Panamá,Panamá,minsa.gob.pa,,Panama,MINSA-Planilla-2024
Cesar Becerra,Medicina General,,,,MINSA Panamá,Panamá,minsa.gob.pa,,Panama,MINSA-Planilla-2024
Charisse Lamela,Medicina General,,,,MINSA Panamá,Panamá,minsa.gob.pa,,Panama,MINSA-Planilla-2024
Erika Rojas,Medicina General,,,,MINSA Panamá,Panamá,minsa.gob.pa,,Panama,MINSA-Planilla-2024
Jose Del Rosario Villarreal,Medicina General,,,,MINSA Panamá,Panamá,minsa.gob.pa,,Panama,MINSA-Planilla-2024
Leonardo Pimentel,Medicina General,,,,MINSA Panamá,Panamá,minsa.gob.pa,,Panama,MINSA-Planilla-2024
Judith Osorio,Medicina General,,,,MINSA Panamá,Panamá,minsa.gob.pa,,Panama,MINSA-Planilla-2024
Grethel Caballero,Medicina General,,,,MINSA Panamá,Panamá,minsa.gob.pa,,Panama,MINSA-Planilla-2024
Ubaldino Garcia,Medicina General,,,,MINSA Panamá,Panamá,minsa.gob.pa,,Panama,MINSA-Planilla-2024
Ernesto Scott,Medicina General,,,,MINSA Panamá,Panamá,minsa.gob.pa,,Panama,MINSA-Planilla-2024
Elvia Wittgreen,Medicina General,,,,MINSA Panamá,Panamá,minsa.gob.pa,,Panama,MINSA-Planilla-2024
Karol Galan,Medicina General,,,,MINSA Panamá,Panamá,minsa.gob.pa,,Panama,MINSA-Planilla-2024
Ismael Fernandez,Medicina General,,,,MINSA Panamá,Panamá,minsa.gob.pa,,Panama,MINSA-Planilla-2024
Yaneth Paz Hassan,Medicina General,,,,MINSA Panamá,Panamá,minsa.gob.pa,,Panama,MINSA-Planilla-2024
Yerina Ruiz,Medicina General,,,,MINSA Panamá,Panamá,minsa.gob.pa,,Panama,MINSA-Planilla-2024
