2026-08-12 21:16:16  === Fase perfiles: 2864 pendientes de 2901 ===
2026-08-12 21:16:16  HTTP Request: GET https://www.doctoralia.co/perfil/gloria-stella-penagos-velasquez-4 "HTTP/1.1 200 OK"
2026-08-12 21:16:16  HTTP Request: GET https://www.doctoralia.co/perfil/magaly-carolina-rojas-parra "HTTP/1.1 200 OK"
2026-08-12 21:16:16  HTTP Request: GET https://www.doctoralia.co/perfil/maria-jose-molina-jaramillo "HTTP/1.1 200 OK"
2026-08-12 21:16:16  HTTP Request: GET https://www.doctoralia.co/perfil/maria-victoria-espinosa-acero "HTTP/1.1 200 OK"
2026-08-12 21:16:16  HTTP Request: GET https://www.doctoralia.co/perfil/astrid-milena-perdomo-paloma "HTTP/1.1 200 OK"
2026-08-12 21:16:16  HTTP Request: GET https://www.doctoralia.co/perfil/christi-tatiana-garces-salamanca "HTTP/1.1 200 OK"
2026-08-12 21:16:16  HTTP Request: GET https://www.doctoralia.co/perfil/edgar-didacio-sanchez-caicedo "HTTP/1.1 200 OK"
2026-08-12 21:16:16  HTTP Request: GET https://www.doctoralia.co/perfil/erick-escobar-espinosa "HTTP/1.1 200 OK"
2026-08-12 21:16:17  HTTP Request: GET https://www.doctoralia.co/perfil/andres-marciales-toloza-2 "HTTP/1.1 200 OK"
2026-08-12 21:16:17  HTTP Request: GET https://www.doctoralia.co/perfil/roberto-de-los-angeles-zapata-salcedo "HTTP/1.1 200 OK"
2026-08-12 21:16:17  HTTP Request: GET https://www.doctoralia.co/perfil/carolina-meza-paul "HTTP/1.1 200 OK"
2026-08-12 21:16:18  HTTP Request: GET https://www.doctoralia.co/perfil/paola-andrea-insignares-munoz "HTTP/1.1 200 OK"
2026-08-12 21:16:18  HTTP Request: GET https://www.doctoralia.co/perfil/david-stivel-pinzon-garcia "HTTP/1.1 200 OK"
2026-08-12 21:16:18  HTTP Request: GET https://www.doctoralia.co/perfil/esther-cecilia-norena-molina "HTTP/1.1 200 OK"
2026-08-12 21:16:18  HTTP Request: GET https://www.doctoralia.co/perfil/carolina-arango "HTTP/1.1 200 OK"
2026-08-12 21:16:19  HTTP Request: GET https://www.doctoralia.co/perfil/karen-lorena-acosta "HTTP/1.1 200 OK"
2026-08-12 21:16:19  HTTP Request: GET https://www.doctoralia.co/perfil/jaime-andres-arrieta-hoyos-2 "HTTP/1.1 200 OK"
2026-08-12 21:16:19  HTTP Request: GET https://www.doctoralia.co/perfil/ligia-del-carmen-legarda-rincon "HTTP/1.1 200 OK"
2026-08-12 21:16:19  HTTP Request: GET https://www.doctoralia.co/perfil/carlos-giovani-castro-cuenca "HTTP/1.1 200 OK"
2026-08-12 21:16:19  HTTP Request: GET https://www.doctoralia.co/perfil/oscar-elias-zuluaga-cortes "HTTP/1.1 200 OK"
2026-08-12 21:16:20  HTTP Request: GET https://www.doctoralia.co/perfil/cristian-camilo-molina-bolanos "HTTP/1.1 200 OK"
2026-08-12 21:16:20  HTTP Request: GET https://www.doctoralia.co/perfil/indira-marcela-sarria-morales "HTTP/1.1 200 OK"
2026-08-12 21:16:20  HTTP Request: GET https://www.doctoralia.co/perfil/lina-angelica-lara-avendano "HTTP/1.1 200 OK"
2026-08-12 21:16:20  HTTP Request: GET https://www.doctoralia.co/perfil/nathalia-andrea-gomez-calderon "HTTP/1.1 200 OK"
2026-08-12 21:16:21  HTTP Request: GET https://www.doctoralia.co/perfil/carlos-enrique-pulido-torres-2 "HTTP/1.1 200 OK"
2026-08-12 21:16:21  HTTP Request: GET https://www.doctoralia.co/perfil/dalgy-rocio-auque-castro "HTTP/1.1 200 OK"
2026-08-12 21:16:21    62 perfiles  (25 con teléfono, 0 fallos)
2026-08-12 21:16:21  HTTP Request: GET https://www.doctoralia.co/perfil/yulli-andrea-cardozo "HTTP/1.1 200 OK"
2026-08-12 21:16:22  HTTP Request: GET https://www.doctoralia.co/perfil/sandra-patricia-vidal-camargo "HTTP/1.1 200 OK"
2026-08-12 21:16:22  HTTP Request: GET https://www.doctoralia.co/perfil/maria-alejandra-manrique-castrillon-3 "HTTP/1.1 200 OK"
2026-08-12 21:16:22  HTTP Request: GET https://www.doctoralia.co/perfil/gabriel-barbosa-r "HTTP/1.1 200 OK"
2026-08-12 21:16:22  HTTP Request: GET https://www.doctoralia.co/perfil/fabian-camilo-velasquez-cely "HTTP/1.1 200 OK"
2026-08-12 21:16:22  HTTP Request: GET https://www.doctoralia.co/perfil/ximena-insuasty "HTTP/1.1 200 OK"
2026-08-12 21:16:23  HTTP Request: GET https://www.doctoralia.co/perfil/jorge-de-jesus-cuenca-urbina "HTTP/1.1 200 OK"
2026-08-12 21:16:23  HTTP Request: GET https://www.doctoralia.co/perfil/ferney-stiven-valencia-avila "HTTP/1.1 200 OK"
2026-08-12 21:16:23  HTTP Request: GET https://www.doctoralia.co/perfil/javier-omar-mora-vicuna "HTTP/1.1 200 OK"
2026-08-12 21:16:24  HTTP Request: GET https://www.doctoralia.co/perfil/diego-giovanni-rubiano-zarate "HTTP/1.1 200 OK"
2026-08-12 21:16:24  HTTP Request: GET https://www.doctoralia.co/perfil/jonh-harold-alvis-botello "HTTP/1.1 200 OK"
2026-08-12 21:16:25  HTTP Request: GET https://www.doctoralia.co/perfil/diego-hernando-diaz-botero "HTTP/1.1 200 OK"
2026-08-12 21:16:25  HTTP Request: GET https://www.doctoralia.co/perfil/cesar-noriega "HTTP/1.1 200 OK"
2026-08-12 21:16:25  HTTP Request: GET https://www.doctoralia.co/perfil/wilson-munera-pineda-2 "HTTP/1.1 200 OK"
2026-08-12 21:16:25  HTTP Request: GET https://www.doctoralia.co/perfil/amaury-bittar "HTTP/1.1 200 OK"
2026-08-12 21:16:25  HTTP Request: GET https://www.doctoralia.co/perfil/jorge-alberto-espinosa-perdomo "HTTP/1.1 200 OK"
2026-08-12 21:16:25  HTTP Request: GET https://www.doctoralia.co/perfil/maria-isabel-luque-guerrero "HTTP/1.1 200 OK"
2026-08-12 21:16:26  HTTP Request: GET https://www.doctoralia.co/perfil/andrea-ojeda-reyes "HTTP/1.1 200 OK"
2026-08-12 21:16:26  HTTP Request: GET https://www.doctoralia.co/perfil/cristian-camilo-parra-segura "HTTP/1.1 200 OK"
2026-08-12 21:16:26  HTTP Request: GET https://www.doctoralia.co/perfil/maryen-marcela-torres-mejia "HTTP/1.1 200 OK"
2026-08-12 21:16:27  HTTP Request: GET https://www.doctoralia.co/perfil/luis-restrepo "HTTP/1.1 200 OK"
2026-08-12 21:16:27  HTTP Request: GET https://www.doctoralia.co/perfil/fernando-laverde-valencia "HTTP/1.1 200 OK"
2026-08-12 21:16:27  HTTP Request: GET https://www.doctoralia.co/perfil/maria-patricia-gonzalez "HTTP/1.1 200 OK"
2026-08-12 21:16:27  HTTP Request: GET https://www.doctoralia.co/perfil/luis-enrique-perdomo-murcia "HTTP/1.1 200 OK"
2026-08-12 21:16:27  HTTP Request: GET https://www.doctoralia.co/perfil/sandra-liliana-cristancho-chaparro "HTTP/1.1 200 OK"
2026-08-12 21:16:28  HTTP Request: GET https://www.doctoralia.co/perfil/johanna-carolina-paez-redondo "HTTP/1.1 200 OK"
2026-08-12 21:16:28  HTTP Request: GET https://www.doctoralia.co/perfil/ana-maria-fajardo-3 "HTTP/1.1 200 OK"
2026-08-12 21:16:28    87 perfiles  (50 con teléfono, 0 fallos)
2026-08-12 21:16:28  HTTP Request: GET https://www.doctoralia.co/perfil/carla-patricia-usta "HTTP/1.1 200 OK"
2026-08-12 21:16:29  HTTP Request: GET https://www.doctoralia.co/perfil/nilfran-nottola "HTTP/1.1 200 OK"
2026-08-12 21:16:29  HTTP Request: GET https://www.doctoralia.co/perfil/vladimir-valencia-jaramillo "HTTP/1.1 200 OK"
2026-08-12 21:16:29  HTTP Request: GET https://www.doctoralia.co/perfil/julian-alberto-lopez-cortes "HTTP/1.1 200 OK"
2026-08-12 21:16:30  HTTP Request: GET https://www.doctoralia.co/perfil/ana-bolena-muriel-delgado "HTTP/1.1 200 OK"
2026-08-12 21:16:30  HTTP Request: GET https://www.doctoralia.co/perfil/anderson-perez "HTTP/1.1 200 OK"
2026-08-12 21:16:30  HTTP Request: GET https://www.doctoralia.co/perfil/nathalie-andrea-perez-restrepo "HTTP/1.1 200 OK"
2026-08-12 21:16:30  HTTP Request: GET https://www.doctoralia.co/perfil/jaime-orejarena-serrano "HTTP/1.1 200 OK"
2026-08-12 21:16:31  HTTP Request: GET https://www.doctoralia.co/perfil/nayive-restrepo-garcia "HTTP/1.1 200 OK"
2026-08-12 21:16:31  HTTP Request: GET https://www.doctoralia.co/perfil/andrea-scarpetta-orjuela "HTTP/1.1 200 OK"
2026-08-12 21:16:31  HTTP Request: GET https://www.doctoralia.co/perfil/sainina-martinez "HTTP/1.1 200 OK"
2026-08-12 21:16:32  HTTP Request: GET https://www.doctoralia.co/perfil/jorge-jose-rivera-citarella "HTTP/1.1 200 OK"
2026-08-12 21:16:32  HTTP Request: GET https://www.doctoralia.co/perfil/oscar-alvarez-sanchez "HTTP/1.1 200 OK"
2026-08-12 21:16:32  HTTP Request: GET https://www.doctoralia.co/perfil/catalina-ospina-prieto "HTTP/1.1 200 OK"
2026-08-12 21:16:32  HTTP Request: GET https://www.doctoralia.co/perfil/hugo-fernando-mora-sanchez "HTTP/1.1 200 OK"
2026-08-12 21:16:32  HTTP Request: GET https://www.doctoralia.co/perfil/jesus-antonio-acosta-penaloza "HTTP/1.1 200 OK"
2026-08-12 21:16:32  HTTP Request: GET https://www.doctoralia.co/perfil/lorena-perez-varela "HTTP/1.1 200 OK"
2026-08-12 21:16:33  HTTP Request: GET https://www.doctoralia.co/perfil/juan-jose-guerra-vargas "HTTP/1.1 200 OK"
2026-08-12 21:16:33  HTTP Request: GET https://www.doctoralia.co/perfil/yuly-guzman "HTTP/1.1 200 OK"
2026-08-12 21:16:33  HTTP Request: GET https://www.doctoralia.co/perfil/alvaro-enrique-ochoa-cuberos "HTTP/1.1 200 OK"
2026-08-12 21:16:34  HTTP Request: GET https://www.doctoralia.co/perfil/jessica-pedraza-villanueva "HTTP/1.1 200 OK"
2026-08-12 21:16:34  HTTP Request: GET https://www.doctoralia.co/perfil/eyder-burbano-adrada "HTTP/1.1 200 OK"
2026-08-12 21:16:35  HTTP Request: GET https://www.doctoralia.co/perfil/harold-mauricio-cuervo-vargas "HTTP/1.1 200 OK"
2026-08-12 21:16:35  HTTP Request: GET https://www.doctoralia.co/perfil/german-olarte-echeverri "HTTP/1.1 200 OK"
2026-08-12 21:16:35    112 perfiles  (74 con teléfono, 0 fallos)
2026-08-12 21:16:35  HTTP Request: GET https://www.doctoralia.co/perfil/mario-santiago-mesa-espinel "HTTP/1.1 200 OK"
2026-08-12 21:16:35  HTTP Request: GET https://www.doctoralia.co/perfil/william-dario-garcia-gutierrez "HTTP/1.1 200 OK"
2026-08-12 21:16:35  HTTP Request: GET https://www.doctoralia.co/perfil/laura-milena-zabala-arias "HTTP/1.1 200 OK"
2026-08-12 21:16:36  HTTP Request: GET https://www.doctoralia.co/perfil/gina-arias "HTTP/1.1 200 OK"
2026-08-12 21:16:36  HTTP Request: GET https://www.doctoralia.co/perfil/silvia-tamayo "HTTP/1.1 200 OK"
2026-08-12 21:16:36  HTTP Request: GET https://www.doctoralia.co/perfil/marisol-lezcano-cardenas "HTTP/1.1 200 OK"
2026-08-12 21:16:36  HTTP Request: GET https://www.doctoralia.co/perfil/luisa-maria-gutierrez-villegas "HTTP/1.1 200 OK"
2026-08-12 21:16:37  HTTP Request: GET https://www.doctoralia.co/perfil/yurani-marin-cardona "HTTP/1.1 200 OK"
2026-08-12 21:16:37  HTTP Request: GET https://www.doctoralia.co/perfil/gilberto-charria-realpe "HTTP/1.1 200 OK"
2026-08-12 21:16:38  HTTP Request: GET https://www.doctoralia.co/perfil/sandra-milena-botero-vidal "HTTP/1.1 200 OK"
2026-08-12 21:16:38  HTTP Request: GET https://www.doctoralia.co/perfil/juan-camilo-munoz-escandon "HTTP/1.1 200 OK"
2026-08-12 21:16:38  HTTP Request: GET https://www.doctoralia.co/perfil/humberto-gabriel-turizo "HTTP/1.1 200 OK"
2026-08-12 21:16:38  HTTP Request: GET https://www.doctoralia.co/perfil/luis-felipe-pumarejo-garcia "HTTP/1.1 200 OK"
2026-08-12 21:16:38  HTTP Request: GET https://www.doctoralia.co/perfil/mayaris-mendoza "HTTP/1.1 200 OK"
2026-08-12 21:16:39  HTTP Request: GET https://www.doctoralia.co/perfil/hanyia-johana-zapata-zapata "HTTP/1.1 200 OK"
2026-08-12 21:16:39  HTTP Request: GET https://www.doctoralia.co/perfil/pablo-lopez-soto "HTTP/1.1 200 OK"
2026-08-12 21:16:39  HTTP Request: GET https://www.doctoralia.co/perfil/angelica-lozada-chacon "HTTP/1.1 200 OK"
2026-08-12 21:16:39  HTTP Request: GET https://www.doctoralia.co/perfil/eduardo-naranjo-mejia-3 "HTTP/1.1 200 OK"
2026-08-12 21:16:40  HTTP Request: GET https://www.doctoralia.co/perfil/laura-cristina-montoya-hurtado "HTTP/1.1 200 OK"
2026-08-12 21:16:40  HTTP Request: GET https://www.doctoralia.co/perfil/mauren-castilla-rebollo "HTTP/1.1 200 OK"
2026-08-12 21:16:40  HTTP Request: GET https://www.doctoralia.co/perfil/alejandra-galofre-cifuentes "HTTP/1.1 200 OK"
2026-08-12 21:16:40  HTTP Request: GET https://www.doctoralia.co/perfil/paola-andrea-restrepo-vesga "HTTP/1.1 200 OK"
2026-08-12 21:16:41  HTTP Request: GET https://www.doctoralia.co/perfil/cecilia-hernandez-leal "HTTP/1.1 200 OK"
2026-08-12 21:16:41  HTTP Request: GET https://www.doctoralia.co/perfil/catalina-castano "HTTP/1.1 200 OK"
2026-08-12 21:16:41  HTTP Request: GET https://www.doctoralia.co/perfil/juan-manuel-tobar-parra-2 "HTTP/1.1 200 OK"
2026-08-12 21:16:41  HTTP Request: GET https://www.doctoralia.co/perfil/jullieth-stephanny-moncada-garzon "HTTP/1.1 200 OK"
2026-08-12 21:16:41    137 perfiles  (99 con teléfono, 0 fallos)
2026-08-12 21:16:42  HTTP Request: GET https://www.doctoralia.co/perfil/naty-martinez-lozano "HTTP/1.1 200 OK"
2026-08-12 21:16:42  HTTP Request: GET https://www.doctoralia.co/perfil/liz-cabarcas-solano "HTTP/1.1 200 OK"
2026-08-12 21:16:42  HTTP Request: GET https://www.doctoralia.co/perfil/claudia-sierra "HTTP/1.1 200 OK"
2026-08-12 21:16:42  HTTP Request: GET https://www.doctoralia.co/perfil/ana-vecchione "HTTP/1.1 200 OK"
2026-08-12 21:16:43  HTTP Request: GET https://www.doctoralia.co/perfil/sandra-patricia-perea-hernandez "HTTP/1.1 200 OK"
2026-08-12 21:16:43  HTTP Request: GET https://www.doctoralia.co/perfil/margarita-bello-alvarez "HTTP/1.1 200 OK"
2026-08-12 21:16:43  HTTP Request: GET https://www.doctoralia.co/perfil/rey-cuellar-mandon-2 "HTTP/1.1 200 OK"
2026-08-12 21:16:44  HTTP Request: GET https://www.doctoralia.co/perfil/roselly-andrea-barraza-diaz "HTTP/1.1 200 OK"
2026-08-12 21:16:44  HTTP Request: GET https://www.doctoralia.co/perfil/diana-bravo "HTTP/1.1 200 OK"
2026-08-12 21:16:44  HTTP Request: GET https://www.doctoralia.co/perfil/dewi-acosta-mendoza "HTTP/1.1 200 OK"
2026-08-12 21:16:44  HTTP Request: GET https://www.doctoralia.co/perfil/alejandra-paola-rios-galindo "HTTP/1.1 200 OK"
2026-08-12 21:16:45  HTTP Request: GET https://www.doctoralia.co/perfil/juliana-lopez-vasquez "HTTP/1.1 200 OK"
2026-08-12 21:16:45  HTTP Request: GET https://www.doctoralia.co/perfil/jose-luis-romero-montes "HTTP/1.1 200 OK"
2026-08-12 21:16:45  HTTP Request: GET https://www.doctoralia.co/perfil/eliana-cian "HTTP/1.1 200 OK"
2026-08-12 21:16:45  HTTP Request: GET https://www.doctoralia.co/perfil/fernando-gomez-corredor "HTTP/1.1 200 OK"
2026-08-12 21:16:45  HTTP Request: GET https://www.doctoralia.co/perfil/carlos-andres-zorro-rodriguez "HTTP/1.1 200 OK"
2026-08-12 21:16:46  HTTP Request: GET https://www.doctoralia.co/perfil/yuley-hernandez-leiva "HTTP/1.1 200 OK"
2026-08-12 21:16:47  HTTP Request: GET https://www.doctoralia.co/perfil/martha-carolina-mendez-pinto "HTTP/1.1 200 OK"
2026-08-12 21:16:47  HTTP Request: GET https://www.doctoralia.co/perfil/carolina-restrepo-ocampo "HTTP/1.1 200 OK"
2026-08-12 21:16:47  HTTP Request: GET https://www.doctoralia.co/perfil/claudia-zambrano-moncayo "HTTP/1.1 200 OK"
2026-08-12 21:16:47  HTTP Request: GET https://www.doctoralia.co/perfil/henry-octavio-rodriguez-daza "HTTP/1.1 200 OK"
2026-08-12 21:16:47  HTTP Request: GET https://www.doctoralia.co/perfil/yeisman-pineda-lechuga "HTTP/1.1 200 OK"
2026-08-12 21:16:47  HTTP Request: GET https://www.doctoralia.co/perfil/lina-maria-echeverri-alvarez "HTTP/1.1 200 OK"
2026-08-12 21:16:48  HTTP Request: GET https://www.doctoralia.co/perfil/erika-lorena-torres-betancourth "HTTP/1.1 200 OK"
2026-08-12 21:16:48    162 perfiles  (124 con teléfono, 0 fallos)
2026-08-12 21:16:48  HTTP Request: GET https://www.doctoralia.co/perfil/salome-hinojosa-millan "HTTP/1.1 200 OK"
2026-08-12 21:16:48  HTTP Request: GET https://www.doctoralia.co/perfil/oscar-roncallo-navas "HTTP/1.1 200 OK"
2026-08-12 21:16:49  HTTP Request: GET https://www.doctoralia.co/perfil/jimmy-castaneda-castaneda "HTTP/1.1 200 OK"
2026-08-12 21:16:49  HTTP Request: GET https://www.doctoralia.co/perfil/diana-catalina-duran-acero "HTTP/1.1 200 OK"
2026-08-12 21:16:49  HTTP Request: GET https://www.doctoralia.co/perfil/jairo-mendoza-q "HTTP/1.1 200 OK"
2026-08-12 21:16:49  HTTP Request: GET https://www.doctoralia.co/perfil/carlos-fernando-bonilla-rodriguez "HTTP/1.1 200 OK"
2026-08-12 21:16:50  HTTP Request: GET https://www.doctoralia.co/perfil/alixmar-amaya "HTTP/1.1 200 OK"
2026-08-12 21:16:50  HTTP Request: GET https://www.doctoralia.co/perfil/diana-andrade "HTTP/1.1 200 OK"
2026-08-12 21:16:50  HTTP Request: GET https://www.doctoralia.co/perfil/claudia-liliana-ortiz-almanzar "HTTP/1.1 200 OK"
2026-08-12 21:16:50  HTTP Request: GET https://www.doctoralia.co/perfil/monica-estrada-manzur-2 "HTTP/1.1 200 OK"
2026-08-12 21:16:51  HTTP Request: GET https://www.doctoralia.co/perfil/carlos-andres-beltran-hernandez "HTTP/1.1 200 OK"
2026-08-12 21:16:51  HTTP Request: GET https://www.doctoralia.co/perfil/alberto-antonio-angulo-rodriguez "HTTP/1.1 200 OK"
2026-08-12 21:16:51  HTTP Request: GET https://www.doctoralia.co/perfil/claudia-ramirez-martinez "HTTP/1.1 200 OK"
2026-08-12 21:16:52  HTTP Request: GET https://www.doctoralia.co/perfil/henry-alberto-martinez-mendez "HTTP/1.1 200 OK"
2026-08-12 21:16:52  HTTP Request: GET https://www.doctoralia.co/perfil/carolina-reyes-skinner "HTTP/1.1 200 OK"
2026-08-12 21:16:52  HTTP Request: GET https://www.doctoralia.co/perfil/malka-irina-wadnipar "HTTP/1.1 200 OK"
2026-08-12 21:16:52  HTTP Request: GET https://www.doctoralia.co/perfil/ma-carolina-castaneda "HTTP/1.1 200 OK"
2026-08-12 21:16:52  HTTP Request: GET https://www.doctoralia.co/perfil/maria-fernanda-barreto-gomez "HTTP/1.1 200 OK"
2026-08-12 21:16:53  HTTP Request: GET https://www.doctoralia.co/perfil/daniel-mauricio-suarez-barreto "HTTP/1.1 200 OK"
2026-08-12 21:16:53  HTTP Request: GET https://www.doctoralia.co/perfil/mario-caicedo-3 "HTTP/1.1 200 OK"
2026-08-12 21:16:53  HTTP Request: GET https://www.doctoralia.co/perfil/aleyda-mercado-perez "HTTP/1.1 200 OK"
2026-08-12 21:16:53  HTTP Request: GET https://www.doctoralia.co/perfil/aura-velasco-garcia "HTTP/1.1 200 OK"
2026-08-12 21:16:54  HTTP Request: GET https://www.doctoralia.co/perfil/jose-cantillo-pabon "HTTP/1.1 200 OK"
2026-08-12 21:16:54  HTTP Request: GET https://www.doctoralia.co/perfil/jorge-alberto-garcia-pertuz-2 "HTTP/1.1 200 OK"
2026-08-12 21:16:54    187 perfiles  (149 con teléfono, 0 fallos)
2026-08-12 21:16:55  HTTP Request: GET https://www.doctoralia.co/perfil/fernando-antonio-martinez-martinez "HTTP/1.1 200 OK"
2026-08-12 21:16:55  HTTP Request: GET https://www.doctoralia.co/perfil/diana-carolina-lezcano-cardenas-2 "HTTP/1.1 200 OK"
2026-08-12 21:16:55  HTTP Request: GET https://www.doctoralia.co/perfil/margarita-crespo "HTTP/1.1 200 OK"
2026-08-12 21:16:55  HTTP Request: GET https://www.doctoralia.co/perfil/santiago-vieira "HTTP/1.1 200 OK"
2026-08-12 21:16:56  HTTP Request: GET https://www.doctoralia.co/perfil/melissa-rengifo "HTTP/1.1 200 OK"
2026-08-12 21:16:56  HTTP Request: GET https://www.doctoralia.co/perfil/monica-patricia-celis-canadas "HTTP/1.1 200 OK"
2026-08-12 21:16:56  HTTP Request: GET https://www.doctoralia.co/perfil/maria-juliana-pena-garcia "HTTP/1.1 200 OK"
2026-08-12 21:16:57  HTTP Request: GET https://www.doctoralia.co/perfil/estefania-ramirez-naranjo "HTTP/1.1 200 OK"
2026-08-12 21:16:57  HTTP Request: GET https://www.doctoralia.co/perfil/sonia-jeanette-londono-giraldo "HTTP/1.1 200 OK"
2026-08-12 21:16:57  HTTP Request: GET https://www.doctoralia.co/perfil/ana-cristina-gomez-rios "HTTP/1.1 200 OK"
2026-08-12 21:16:57  HTTP Request: GET https://www.doctoralia.co/perfil/doaneya-giron-pelaez "HTTP/1.1 200 OK"
2026-08-12 21:16:58  HTTP Request: GET https://www.doctoralia.co/perfil/angelica-gallego-mejia "HTTP/1.1 200 OK"
2026-08-12 21:16:58  HTTP Request: GET https://www.doctoralia.co/perfil/claudia-beatriz-vargas-estrada "HTTP/1.1 200 OK"
2026-08-12 21:16:58  HTTP Request: GET https://www.doctoralia.co/perfil/paula-bedoya "HTTP/1.1 200 OK"
2026-08-12 21:16:58  HTTP Request: GET https://www.doctoralia.co/perfil/jessica-duitama-tamara "HTTP/1.1 200 OK"
2026-08-12 21:16:59  HTTP Request: GET https://www.doctoralia.co/perfil/winston-mendoza-quintana "HTTP/1.1 200 OK"
2026-08-12 21:16:59  HTTP Request: GET https://www.doctoralia.co/perfil/jaime-andres-daste-hernandez "HTTP/1.1 200 OK"
2026-08-12 21:16:59  HTTP Request: GET https://www.doctoralia.co/perfil/jaime-edward-villamil-perez "HTTP/1.1 200 OK"
2026-08-12 21:17:00  HTTP Request: GET https://www.doctoralia.co/perfil/viviana-russi-russi "HTTP/1.1 200 OK"
2026-08-12 21:17:00  HTTP Request: GET https://www.doctoralia.co/perfil/duayt-david-gutierrez-cantillo "HTTP/1.1 200 OK"
2026-08-12 21:17:00  HTTP Request: GET https://www.doctoralia.co/perfil/jessica-restrepo-acosta "HTTP/1.1 200 OK"
2026-08-12 21:17:00  HTTP Request: GET https://www.doctoralia.co/perfil/camilo-ernesto-carmona-tom "HTTP/1.1 200 OK"
2026-08-12 21:17:00  HTTP Request: GET https://www.doctoralia.co/perfil/alejandro-bonivento-jimenez "HTTP/1.1 200 OK"
2026-08-12 21:17:01  HTTP Request: GET https://www.doctoralia.co/perfil/camilo-libos-sayegh-2 "HTTP/1.1 200 OK"
2026-08-12 21:17:01  HTTP Request: GET https://www.doctoralia.co/perfil/mercy-yolima-martinez-velasquez "HTTP/1.1 200 OK"
2026-08-12 21:17:01  HTTP Request: GET https://www.doctoralia.co/perfil/catherine-toro-lugo "HTTP/1.1 200 OK"
2026-08-12 21:17:01  HTTP Request: GET https://www.doctoralia.co/perfil/carlos-andres-salazar-cano "HTTP/1.1 200 OK"
2026-08-12 21:17:01    212 perfiles  (173 con teléfono, 0 fallos)
2026-08-12 21:17:02  HTTP Request: GET https://www.doctoralia.co/perfil/milena-gomez "HTTP/1.1 200 OK"
2026-08-12 21:17:02  HTTP Request: GET https://www.doctoralia.co/perfil/meliza-gomez-kafury "HTTP/1.1 200 OK"
2026-08-12 21:17:02  HTTP Request: GET https://www.doctoralia.co/perfil/karol-eliana-rangel-bravo "HTTP/1.1 200 OK"
2026-08-12 21:17:02  HTTP Request: GET https://www.doctoralia.co/perfil/jessica-gomez "HTTP/1.1 200 OK"
2026-08-12 21:17:02  HTTP Request: GET https://www.doctoralia.co/perfil/paola-lazo "HTTP/1.1 200 OK"
2026-08-12 21:17:03  HTTP Request: GET https://www.doctoralia.co/perfil/juan-manuel-machado-rodriguez "HTTP/1.1 200 OK"
2026-08-12 21:17:03  HTTP Request: GET https://www.doctoralia.co/perfil/erika-natalia-martinez-silva "HTTP/1.1 200 OK"
2026-08-12 21:17:03  HTTP Request: GET https://www.doctoralia.co/perfil/yeimy-katherine-vargas-bautista "HTTP/1.1 200 OK"
2026-08-12 21:17:03  HTTP Request: GET https://www.doctoralia.co/perfil/cristal-ximena-gallego-betancourt "HTTP/1.1 200 OK"
2026-08-12 21:17:04  HTTP Request: GET https://www.doctoralia.co/perfil/jesus-alberto-valencia-valderruten "HTTP/1.1 200 OK"
2026-08-12 21:17:04  HTTP Request: GET https://www.doctoralia.co/perfil/sandra-milena-cardenas-diaz "HTTP/1.1 200 OK"
2026-08-12 21:17:04  HTTP Request: GET https://www.doctoralia.co/perfil/mavhis-johana-sabalza-negrete "HTTP/1.1 200 OK"
2026-08-12 21:17:05  HTTP Request: GET https://www.doctoralia.co/perfil/edison-norberto-abaunza-leon "HTTP/1.1 200 OK"
2026-08-12 21:17:05  HTTP Request: GET https://www.doctoralia.co/perfil/ana-maria-arias-galeano-3 "HTTP/1.1 200 OK"
2026-08-12 21:17:05  HTTP Request: GET https://www.doctoralia.co/perfil/claudia-marcela-hoyos-aguirre "HTTP/1.1 200 OK"
2026-08-12 21:17:05  HTTP Request: GET https://www.doctoralia.co/perfil/ivan-salgado-berrocal "HTTP/1.1 200 OK"
2026-08-12 21:17:06  HTTP Request: GET https://www.doctoralia.co/perfil/laura-gomez-tascon "HTTP/1.1 200 OK"
2026-08-12 21:17:06  HTTP Request: GET https://www.doctoralia.co/perfil/andrea-pena-rojas "HTTP/1.1 200 OK"
2026-08-12 21:17:06  HTTP Request: GET https://www.doctoralia.co/perfil/henry-rodrigo-gallardo-lizarazo "HTTP/1.1 200 OK"
2026-08-12 21:17:07  HTTP Request: GET https://www.doctoralia.co/perfil/carolina-soto-vinasco "HTTP/1.1 200 OK"
2026-08-12 21:17:07  HTTP Request: GET https://www.doctoralia.co/perfil/leonardo-gomez-polania "HTTP/1.1 200 OK"
2026-08-12 21:17:07  HTTP Request: GET https://www.doctoralia.co/perfil/miguel-parra-saavedra "HTTP/1.1 200 OK"
2026-08-12 21:17:07  HTTP Request: GET https://www.doctoralia.co/perfil/igorly-maurell-ospina "HTTP/1.1 200 OK"
2026-08-12 21:17:08  HTTP Request: GET https://www.doctoralia.co/perfil/solany-coromoto-perche-fuenmayor "HTTP/1.1 200 OK"
2026-08-12 21:17:08    237 perfiles  (198 con teléfono, 0 fallos)
2026-08-12 21:17:08  HTTP Request: GET https://www.doctoralia.co/perfil/maria-paulina-henao-zuluaga "HTTP/1.1 200 OK"
2026-08-12 21:17:08  HTTP Request: GET https://www.doctoralia.co/perfil/gustavo-ciendua-calderon "HTTP/1.1 200 OK"
2026-08-12 21:17:09  HTTP Request: GET https://www.doctoralia.co/perfil/blanca-helena-navarrete-hernandez "HTTP/1.1 200 OK"
2026-08-12 21:17:09  HTTP Request: GET https://www.doctoralia.co/perfil/sandra-ximena-cespedes-gaitan "HTTP/1.1 200 OK"
2026-08-12 21:17:09  HTTP Request: GET https://www.doctoralia.co/perfil/laura-jaramillo-3 "HTTP/1.1 200 OK"
2026-08-12 21:17:09  HTTP Request: GET https://www.doctoralia.co/perfil/carmen-rosa-osorio-vega "HTTP/1.1 200 OK"
2026-08-12 21:17:10  HTTP Request: GET https://www.doctoralia.co/perfil/liz-adriana-castillo-porras "HTTP/1.1 200 OK"
2026-08-12 21:17:10  HTTP Request: GET https://www.doctoralia.co/perfil/daniela-cano "HTTP/1.1 200 OK"
2026-08-12 21:17:10  HTTP Request: GET https://www.doctoralia.co/perfil/carlos-andres-barrera-neira "HTTP/1.1 200 OK"
2026-08-12 21:17:10  HTTP Request: GET https://www.doctoralia.co/perfil/heleodora-pandales-perez "HTTP/1.1 200 OK"
2026-08-12 21:17:11  HTTP Request: GET https://www.doctoralia.co/perfil/claudia-marcela-gamboa-martinez "HTTP/1.1 200 OK"
2026-08-12 21:17:11  HTTP Request: GET https://www.doctoralia.co/perfil/cristina-cruz-3 "HTTP/1.1 200 OK"
2026-08-12 21:17:12  HTTP Request: GET https://www.doctoralia.co/perfil/lina-marcela-laverde-preciado "HTTP/1.1 200 OK"
2026-08-12 21:17:12  HTTP Request: GET https://www.doctoralia.co/perfil/joysi-mariana-polo-gonzalez "HTTP/1.1 200 OK"
2026-08-12 21:17:12  HTTP Request: GET https://www.doctoralia.co/perfil/carlos-augusto-gomez-arcia "HTTP/1.1 200 OK"
2026-08-12 21:17:12  HTTP Request: GET https://www.doctoralia.co/perfil/lizeth-garzon-vargas "HTTP/1.1 200 OK"
2026-08-12 21:17:13  HTTP Request: GET https://www.doctoralia.co/perfil/oscar-munoz-angel "HTTP/1.1 200 OK"
2026-08-12 21:17:13  HTTP Request: GET https://www.doctoralia.co/perfil/ena-victoria-ramirez-penuela "HTTP/1.1 200 OK"
2026-08-12 21:17:13  HTTP Request: GET https://www.doctoralia.co/perfil/natalia-archila "HTTP/1.1 200 OK"
2026-08-12 21:17:13  HTTP Request: GET https://www.doctoralia.co/perfil/william-pineros "HTTP/1.1 200 OK"
2026-08-12 21:17:13  HTTP Request: GET https://www.doctoralia.co/perfil/gabriel-jaime-rendon-pereira "HTTP/1.1 200 OK"
2026-08-12 21:17:14  HTTP Request: GET https://www.doctoralia.co/perfil/cristina-higuera "HTTP/1.1 200 OK"
2026-08-12 21:17:14  HTTP Request: GET https://www.doctoralia.co/perfil/claudia-marcela-villacis-becerra "HTTP/1.1 200 OK"
2026-08-12 21:17:14  HTTP Request: GET https://www.doctoralia.co/perfil/jorge-eduardo-hewitt-palmet "HTTP/1.1 200 OK"
2026-08-12 21:17:14  HTTP Request: GET https://www.doctoralia.co/perfil/marcela-blandon-santamaria "HTTP/1.1 200 OK"
2026-08-12 21:17:15  HTTP Request: GET https://www.doctoralia.co/perfil/juan-carlos-prada-rojas "HTTP/1.1 200 OK"
2026-08-12 21:17:15    262 perfiles  (221 con teléfono, 0 fallos)
2026-08-12 21:17:15  HTTP Request: GET https://www.doctoralia.co/perfil/eliana-cantillo-2 "HTTP/1.1 200 OK"
2026-08-12 21:17:15  HTTP Request: GET https://www.doctoralia.co/perfil/manuela-ceron-cardona "HTTP/1.1 200 OK"
2026-08-12 21:17:16  HTTP Request: GET https://www.doctoralia.co/perfil/eduardo-perea-vivas "HTTP/1.1 200 OK"
2026-08-12 21:17:16  HTTP Request: GET https://www.doctoralia.co/perfil/willman-ignacio-alfonso-chaparro "HTTP/1.1 200 OK"
2026-08-12 21:17:16  HTTP Request: GET https://www.doctoralia.co/perfil/lourdes-joelys-solorzano-bermudez-2 "HTTP/1.1 200 OK"
2026-08-12 21:17:16  HTTP Request: GET https://www.doctoralia.co/perfil/jorge-alexander-rodriguez-gallego "HTTP/1.1 200 OK"
2026-08-12 21:17:17  HTTP Request: GET https://www.doctoralia.co/perfil/pablo-cesar-duarte-rojas "HTTP/1.1 200 OK"
2026-08-12 21:17:17  HTTP Request: GET https://www.doctoralia.co/perfil/alejandro-montoya-mejia "HTTP/1.1 200 OK"
2026-08-12 21:17:17  HTTP Request: GET https://www.doctoralia.co/perfil/campo-anibal-cruz "HTTP/1.1 200 OK"
2026-08-12 21:17:17  HTTP Request: GET https://www.doctoralia.co/perfil/maria-alejandra-velez-maya "HTTP/1.1 200 OK"
2026-08-12 21:17:18  HTTP Request: GET https://www.doctoralia.co/perfil/luis-ospina "HTTP/1.1 200 OK"
2026-08-12 21:17:18  HTTP Request: GET https://www.doctoralia.co/perfil/diego-nicolas-rojas-rodriguez-2 "HTTP/1.1 200 OK"
2026-08-12 21:17:18  HTTP Request: GET https://www.doctoralia.co/perfil/juan-gabriel-martinez-lugo "HTTP/1.1 200 OK"
2026-08-12 21:17:19  HTTP Request: GET https://www.doctoralia.co/perfil/claudia-carolina-romero-guzman "HTTP/1.1 200 OK"
2026-08-12 21:17:19  HTTP Request: GET https://www.doctoralia.co/perfil/lyadavina-hideki-caraballo-garcia "HTTP/1.1 200 OK"
2026-08-12 21:17:19  HTTP Request: GET https://www.doctoralia.co/perfil/fabian-andres-pulido-montana "HTTP/1.1 200 OK"
2026-08-12 21:17:19  HTTP Request: GET https://www.doctoralia.co/perfil/luz-angela-uribe-uribe-2 "HTTP/1.1 200 OK"
2026-08-12 21:17:20  HTTP Request: GET https://www.doctoralia.co/perfil/karleidy-carolina-torres-perez "HTTP/1.1 200 OK"
2026-08-12 21:17:20  HTTP Request: GET https://www.doctoralia.co/perfil/alcibiades-gastelbondo-pastrana "HTTP/1.1 200 OK"
2026-08-12 21:17:20  HTTP Request: GET https://www.doctoralia.co/perfil/tamara-rivalta-eduarte "HTTP/1.1 200 OK"
2026-08-12 21:17:20  HTTP Request: GET https://www.doctoralia.co/perfil/sonia-andrea-oliva-martinez "HTTP/1.1 200 OK"
2026-08-12 21:17:20  HTTP Request: GET https://www.doctoralia.co/perfil/laura-lorena-gonzalez "HTTP/1.1 200 OK"
2026-08-12 21:17:21  HTTP Request: GET https://www.doctoralia.co/perfil/claudia-yaneth-perafan-fernandez "HTTP/1.1 200 OK"
2026-08-12 21:17:21    287 perfiles  (228 con teléfono, 0 fallos)
2026-08-12 21:17:22  HTTP Request: GET https://www.doctoralia.co/perfil/kelly-agudelo-canon "HTTP/1.1 200 OK"
2026-08-12 21:17:22  HTTP Request: GET https://www.doctoralia.co/perfil/mauricio-gomez-londono "HTTP/1.1 200 OK"
2026-08-12 21:17:22  HTTP Request: GET https://www.doctoralia.co/perfil/hernando-matiz-mejia "HTTP/1.1 200 OK"
2026-08-12 21:17:22  HTTP Request: GET https://www.doctoralia.co/perfil/liceth-guerrero "HTTP/1.1 200 OK"
2026-08-12 21:17:22  HTTP Request: GET https://www.doctoralia.co/perfil/monica-patricia-cantor-gomez-3 "HTTP/1.1 200 OK"
2026-08-12 21:17:23  HTTP Request: GET https://www.doctoralia.co/perfil/edward-arturo-barrera-carrillo "HTTP/1.1 200 OK"
2026-08-12 21:17:23  HTTP Request: GET https://www.doctoralia.co/perfil/adriana-marcela-paez-perez "HTTP/1.1 200 OK"
2026-08-12 21:17:23  HTTP Request: GET https://www.doctoralia.co/perfil/jesus-augusto-pena-moreno "HTTP/1.1 200 OK"
2026-08-12 21:17:23  HTTP Request: GET https://www.doctoralia.co/clinicas/quirofanos-llanogrande-by-orve "HTTP/1.1 200 OK"
2026-08-12 21:17:24  HTTP Request: GET https://www.doctoralia.co/clinicas/selika-94 "HTTP/1.1 200 OK"
2026-08-12 21:17:24  HTTP Request: GET https://www.doctoralia.co/perfil/dayana-sanabria "HTTP/1.1 200 OK"
2026-08-12 21:17:24  HTTP Request: GET https://www.doctoralia.co/perfil/maria-alejandra-guzman-murcia "HTTP/1.1 200 OK"
2026-08-12 21:17:25  HTTP Request: GET https://www.doctoralia.co/clinicas/my-medical-clinic "HTTP/1.1 200 OK"
2026-08-12 21:17:25  HTTP Request: GET https://www.doctoralia.co/perfil/adriana-gonzalez-quitian "HTTP/1.1 200 OK"
2026-08-12 21:17:25  HTTP Request: GET https://www.doctoralia.co/perfil/claudia-zulema-cruz-rincon "HTTP/1.1 200 OK"
2026-08-12 21:17:26  HTTP Request: GET https://www.doctoralia.co/clinicas/escano-4 "HTTP/1.1 200 OK"
2026-08-12 21:17:26  HTTP Request: GET https://www.doctoralia.co/clinicas/clinica-isis-ips "HTTP/1.1 200 OK"
2026-08-12 21:17:26  HTTP Request: GET https://www.doctoralia.co/perfil/lila-cuesta-roa-3 "HTTP/1.1 200 OK"
2026-08-12 21:17:26  HTTP Request: GET https://www.doctoralia.co/perfil/jaime-a-restrepo-restrepo "HTTP/1.1 200 OK"
2026-08-12 21:17:26  HTTP Request: GET https://www.doctoralia.co/perfil/angela-maria-albarello-vanegas "HTTP/1.1 200 OK"
2026-08-12 21:17:27  HTTP Request: GET https://www.doctoralia.co/perfil/silvia-plata "HTTP/1.1 200 OK"
2026-08-12 21:17:27  HTTP Request: GET https://www.doctoralia.co/clinicas/previs-ips "HTTP/1.1 200 OK"
2026-08-12 21:17:27  HTTP Request: GET https://www.doctoralia.co/perfil/paola-andrea-betancourt-alvarez "HTTP/1.1 200 OK"
2026-08-12 21:17:27  HTTP Request: GET https://www.doctoralia.co/clinicas/colvida-ips-sas "HTTP/1.1 200 OK"
2026-08-12 21:17:27  HTTP Request: GET https://www.doctoralia.co/perfil/ruben-bolivar "HTTP/1.1 200 OK"
2026-08-12 21:17:28    312 perfiles  (236 con teléfono, 0 fallos)
2026-08-12 21:17:28  HTTP Request: GET https://www.doctoralia.co/perfil/karin-franco-gruntoradova "HTTP/1.1 200 OK"
2026-08-12 21:17:28  HTTP Request: GET https://www.doctoralia.co/perfil/ana-lucia-herrera-betancourt "HTTP/1.1 200 OK"
2026-08-12 21:17:28  HTTP Request: GET https://www.doctoralia.co/perfil/natalia-pena-sierra "HTTP/1.1 200 OK"
2026-08-12 21:17:28  HTTP Request: GET https://www.doctoralia.co/perfil/wilder-castiblanco-mandon "HTTP/1.1 200 OK"
2026-08-12 21:17:29  HTTP Request: GET https://www.doctoralia.co/perfil/javier-andres-ramirez-martinez "HTTP/1.1 200 OK"
2026-08-12 21:17:29  HTTP Request: GET https://www.doctoralia.co/perfil/maria-cristina-palomino-burgos "HTTP/1.1 200 OK"
2026-08-12 21:17:29  HTTP Request: GET https://www.doctoralia.co/perfil/jezid-miranda "HTTP/1.1 200 OK"
2026-08-12 21:17:29  HTTP Request: GET https://www.doctoralia.co/perfil/german-ramos-cruz "HTTP/1.1 200 OK"
2026-08-12 21:17:30  HTTP Request: GET https://www.doctoralia.co/perfil/emilio-munoz-dorado "HTTP/1.1 200 OK"
2026-08-12 21:17:30  HTTP Request: GET https://www.doctoralia.co/perfil/gustavo-adolfo-moreno-abello "HTTP/1.1 200 OK"
2026-08-12 21:17:31  HTTP Request: GET https://www.doctoralia.co/perfil/vanessa-lopez-ramirez "HTTP/1.1 200 OK"
2026-08-12 21:17:31  HTTP Request: GET https://www.doctoralia.co/perfil/harold-humberto-moreno-ortiz "HTTP/1.1 200 OK"
2026-08-12 21:17:31  HTTP Request: GET https://www.doctoralia.co/perfil/maria-angelica-escobar-j "HTTP/1.1 200 OK"
2026-08-12 21:17:31  HTTP Request: GET https://www.doctoralia.co/perfil/oscar-lavalle-lopez-2 "HTTP/1.1 200 OK"
2026-08-12 21:17:32  HTTP Request: GET https://www.doctoralia.co/perfil/diana-moncayo "HTTP/1.1 200 OK"
2026-08-12 21:17:32  HTTP Request: GET https://www.doctoralia.co/perfil/jessica-paola-baron-avendano-2 "HTTP/1.1 200 OK"
2026-08-12 21:17:32  HTTP Request: GET https://www.doctoralia.co/perfil/alexander-eliecer-albornoz-barrios "HTTP/1.1 200 OK"
2026-08-12 21:17:32  HTTP Request: GET https://www.doctoralia.co/perfil/dario-valencia-salazar "HTTP/1.1 200 OK"
2026-08-12 21:17:33  HTTP Request: GET https://www.doctoralia.co/perfil/german-gonzalez-salazar-2 "HTTP/1.1 200 OK"
2026-08-12 21:17:33  HTTP Request: GET https://www.doctoralia.co/perfil/maria-flor-carmona-yepez-2 "HTTP/1.1 200 OK"
2026-08-12 21:17:33  HTTP Request: GET https://www.doctoralia.co/perfil/beatriz-eugenia-ossa-montoya "HTTP/1.1 200 OK"
2026-08-12 21:17:33  HTTP Request: GET https://www.doctoralia.co/perfil/danny-camacho-vergara "HTTP/1.1 200 OK"
2026-08-12 21:17:34  HTTP Request: GET https://www.doctoralia.co/perfil/nataly-gonzalez "HTTP/1.1 200 OK"
2026-08-12 21:17:34  HTTP Request: GET https://www.doctoralia.co/perfil/dr-juan-sebastian-jimenez-rodriguez "HTTP/1.1 200 OK"
2026-08-12 21:17:34  HTTP Request: GET https://www.doctoralia.co/perfil/viviana-ribon-navarro "HTTP/1.1 200 OK"
2026-08-12 21:17:34  HTTP Request: GET https://www.doctoralia.co/perfil/julia-arcila "HTTP/1.1 200 OK"
2026-08-12 21:17:35  HTTP Request: GET https://www.doctoralia.co/perfil/jarol-torres-leottaut "HTTP/1.1 200 OK"
2026-08-12 21:17:35    337 perfiles  (236 con teléfono, 0 fallos)
2026-08-12 21:17:35  HTTP Request: GET https://www.doctoralia.co/perfil/diana-carolina-alarcon-boyaca "HTTP/1.1 200 OK"
2026-08-12 21:17:35  HTTP Request: GET https://www.doctoralia.co/perfil/paula-andrea-arias-lozano "HTTP/1.1 200 OK"
2026-08-12 21:17:36  HTTP Request: GET https://www.doctoralia.co/perfil/eunice-julied-pechene-campo "HTTP/1.1 200 OK"
2026-08-12 21:17:36  HTTP Request: GET https://www.doctoralia.co/perfil/marco-fidel-perez-camacho "HTTP/1.1 200 OK"
2026-08-12 21:17:36  HTTP Request: GET https://www.doctoralia.co/perfil/sandra-patricia-vargas "HTTP/1.1 200 OK"
2026-08-12 21:17:36  HTTP Request: GET https://www.doctoralia.co/perfil/carolina-gonzalez-serna "HTTP/1.1 200 OK"
2026-08-12 21:17:36  HTTP Request: GET https://www.doctoralia.co/perfil/liseth-tatiana-fonseca-lopez "HTTP/1.1 200 OK"
2026-08-12 21:17:37  HTTP Request: GET https://www.doctoralia.co/perfil/cristian-camilo-perez-lecompte "HTTP/1.1 200 OK"
2026-08-12 21:17:37  HTTP Request: GET https://www.doctoralia.co/perfil/angelica-maria-herrera-campillo "HTTP/1.1 200 OK"
2026-08-12 21:17:37  HTTP Request: GET https://www.doctoralia.co/perfil/natalia-salazar-alzate "HTTP/1.1 200 OK"
2026-08-12 21:17:37  HTTP Request: GET https://www.doctoralia.co/perfil/catherin-salazar-silva "HTTP/1.1 200 OK"
2026-08-12 21:17:38  HTTP Request: GET https://www.doctoralia.co/perfil/gabriel-antonio-benitez-cheij-3 "HTTP/1.1 200 OK"
2026-08-12 21:17:38  HTTP Request: GET https://www.doctoralia.co/perfil/melissa-rodriguez-siachoque "HTTP/1.1 200 OK"
2026-08-12 21:17:38  HTTP Request: GET https://www.doctoralia.co/perfil/carlos-alberto-restrepo-ramirez-2 "HTTP/1.1 200 OK"
2026-08-12 21:17:38  HTTP Request: GET https://www.doctoralia.co/perfil/natalia-andrea-sepulveda-herrera "HTTP/1.1 200 OK"
2026-08-12 21:17:39  HTTP Request: GET https://www.doctoralia.co/perfil/lucy-abdala "HTTP/1.1 200 OK"
2026-08-12 21:17:39  HTTP Request: GET https://www.doctoralia.co/perfil/alejandra-vivas-ramirez "HTTP/1.1 200 OK"
2026-08-12 21:17:39  HTTP Request: GET https://www.doctoralia.co/perfil/karina-bastidas-ibarra "HTTP/1.1 200 OK"
2026-08-12 21:17:39  HTTP Request: GET https://www.doctoralia.co/perfil/gustavo-alonso-caycedo-duran-2 "HTTP/1.1 200 OK"
2026-08-12 21:17:40  HTTP Request: GET https://www.doctoralia.co/perfil/cristhiam-david-sanchez-corredor "HTTP/1.1 200 OK"
2026-08-12 21:17:40  HTTP Request: GET https://www.doctoralia.co/perfil/david-lopez-pabon "HTTP/1.1 200 OK"
2026-08-12 21:17:40  HTTP Request: GET https://www.doctoralia.co/perfil/fidel-plata-gutierrez "HTTP/1.1 200 OK"
2026-08-12 21:17:40  HTTP Request: GET https://www.doctoralia.co/perfil/juan-gabriel-alvarez-sanchez "HTTP/1.1 200 OK"
2026-08-12 21:17:40  HTTP Request: GET https://www.doctoralia.co/perfil/andrea-triana-monroy-2 "HTTP/1.1 200 OK"
2026-08-12 21:17:41    362 perfiles  (255 con teléfono, 0 fallos)
2026-08-12 21:17:41  HTTP Request: GET https://www.doctoralia.co/perfil/vanessa-mordecay-pereira "HTTP/1.1 200 OK"
2026-08-12 21:17:41  HTTP Request: GET https://www.doctoralia.co/perfil/jaime-ruiz-collazos "HTTP/1.1 200 OK"
2026-08-12 21:17:41  HTTP Request: GET https://www.doctoralia.co/perfil/maria-liliana-franco-chuaire "HTTP/1.1 200 OK"
2026-08-12 21:17:41  HTTP Request: GET https://www.doctoralia.co/perfil/maria-clara-soto-vargas-2 "HTTP/1.1 200 OK"
2026-08-12 21:17:42  HTTP Request: GET https://www.doctoralia.co/perfil/antonio-jose-riascos-gomez "HTTP/1.1 200 OK"
2026-08-12 21:17:42  HTTP Request: GET https://www.doctoralia.co/perfil/pablo-alexis-cordoba-quesada-2 "HTTP/1.1 200 OK"
2026-08-12 21:17:42  HTTP Request: GET https://www.doctoralia.co/perfil/heidy-iglesias "HTTP/1.1 200 OK"
2026-08-12 21:17:43  HTTP Request: GET https://www.doctoralia.co/perfil/diana-marcela-hoyos-guerrero "HTTP/1.1 200 OK"
2026-08-12 21:17:43  HTTP Request: GET https://www.doctoralia.co/perfil/maria-isabel-erazo-barahona "HTTP/1.1 200 OK"
2026-08-12 21:17:43  HTTP Request: GET https://www.doctoralia.co/perfil/monica-patricia-hernandez-moyano "HTTP/1.1 200 OK"
2026-08-12 21:17:43  HTTP Request: GET https://www.doctoralia.co/perfil/gilberto-silva-jimenez "HTTP/1.1 200 OK"
2026-08-12 21:17:43  HTTP Request: GET https://www.doctoralia.co/perfil/claudia-patricia-zambrano-benitez "HTTP/1.1 200 OK"
2026-08-12 21:17:44  HTTP Request: GET https://www.doctoralia.co/perfil/orlando-afranio-villamizar-galvis "HTTP/1.1 200 OK"
2026-08-12 21:17:44  HTTP Request: GET https://www.doctoralia.co/perfil/luis-carlos-hincapie-aristizabal-2 "HTTP/1.1 200 OK"
2026-08-12 21:17:44  HTTP Request: GET https://www.doctoralia.co/perfil/daniela-villota-burbano-3 "HTTP/1.1 200 OK"
2026-08-12 21:17:44  HTTP Request: GET https://www.doctoralia.co/perfil/liliana-munevar-vega "HTTP/1.1 200 OK"
2026-08-12 21:17:45  HTTP Request: GET https://www.doctoralia.co/perfil/nathaly-mora "HTTP/1.1 200 OK"
2026-08-12 21:17:45  HTTP Request: GET https://www.doctoralia.co/perfil/juan-carlos-montilla-garzon "HTTP/1.1 200 OK"
2026-08-12 21:17:45  HTTP Request: GET https://www.doctoralia.co/perfil/jacinto-sanchez-angarita "HTTP/1.1 200 OK"
2026-08-12 21:17:45  HTTP Request: GET https://www.doctoralia.co/perfil/diana-cecilia-poveda-rojas "HTTP/1.1 200 OK"
2026-08-12 21:17:45  HTTP Request: GET https://www.doctoralia.co/perfil/hernando-severiche "HTTP/1.1 200 OK"
2026-08-12 21:17:46  HTTP Request: GET https://www.doctoralia.co/clinicas/unidad-de-salud-integral-ips-vive "HTTP/1.1 200 OK"
2026-08-12 21:17:46  HTTP Request: GET https://www.doctoralia.co/perfil/william-ocampo-chaparro "HTTP/1.1 200 OK"
2026-08-12 21:17:46  HTTP Request: GET https://www.doctoralia.co/perfil/marcelo-marquez-santos "HTTP/1.1 200 OK"
2026-08-12 21:17:46  HTTP Request: GET https://www.doctoralia.co/perfil/carlos-vallejo "HTTP/1.1 200 OK"
2026-08-12 21:17:46    387 perfiles  (255 con teléfono, 0 fallos)
2026-08-12 21:17:47  HTTP Request: GET https://www.doctoralia.co/perfil/sofia-parejas-londono "HTTP/1.1 200 OK"
2026-08-12 21:17:47  HTTP Request: GET https://www.doctoralia.co/perfil/ana-maria-daza-perez "HTTP/1.1 200 OK"
2026-08-12 21:17:47  HTTP Request: GET https://www.doctoralia.co/perfil/sandra-marcela-buitrago "HTTP/1.1 200 OK"
2026-08-12 21:17:48  HTTP Request: GET https://www.doctoralia.co/perfil/jesus-alberto-bello-hurtado "HTTP/1.1 200 OK"
2026-08-12 21:17:48  HTTP Request: GET https://www.doctoralia.co/perfil/sandra-jacome "HTTP/1.1 200 OK"
2026-08-12 21:17:48  HTTP Request: GET https://www.doctoralia.co/perfil/olga-lucia-torres-cortes "HTTP/1.1 200 OK"
2026-08-12 21:17:48  HTTP Request: GET https://www.doctoralia.co/perfil/valentina-latorre-londono "HTTP/1.1 200 OK"
2026-08-12 21:17:48  HTTP Request: GET https://www.doctoralia.co/perfil/andrea-marquez-castaneda-2 "HTTP/1.1 200 OK"
2026-08-12 21:17:49  HTTP Request: GET https://www.doctoralia.co/perfil/eudaldo-de-jesus-ahumada-polo "HTTP/1.1 200 OK"
2026-08-12 21:17:49  HTTP Request: GET https://www.doctoralia.co/perfil/diego-hernan-penagos-hernandez "HTTP/1.1 200 OK"
2026-08-12 21:17:49  HTTP Request: GET https://www.doctoralia.co/perfil/andres-felipe-polanco-zuleta "HTTP/1.1 200 OK"
2026-08-12 21:17:49  HTTP Request: GET https://www.doctoralia.co/perfil/ivonne-jeannette-diaz-yamal-2 "HTTP/1.1 200 OK"
2026-08-12 21:17:50  HTTP Request: GET https://www.doctoralia.co/perfil/ivan-rogelio-uribe-correa "HTTP/1.1 200 OK"
2026-08-12 21:17:50  HTTP Request: GET https://www.doctoralia.co/perfil/edgar-eduardo-valbuena-madero "HTTP/1.1 200 OK"
2026-08-12 21:17:50  HTTP Request: GET https://www.doctoralia.co/perfil/paula-andrea-azuero-polo-2 "HTTP/1.1 200 OK"
2026-08-12 21:17:50  HTTP Request: GET https://www.doctoralia.co/perfil/leonardo-fabio-gonzales-ruiz "HTTP/1.1 200 OK"
2026-08-12 21:17:50  HTTP Request: GET https://www.doctoralia.co/perfil/laura-catalina-rodriguez-calvache "HTTP/1.1 200 OK"
2026-08-12 21:17:51  HTTP Request: GET https://www.doctoralia.co/perfil/patricia-sandoval-vivas "HTTP/1.1 200 OK"
2026-08-12 21:17:51  HTTP Request: GET https://www.doctoralia.co/perfil/juan-federico-zapata-perez "HTTP/1.1 200 OK"
2026-08-12 21:17:51  HTTP Request: GET https://www.doctoralia.co/perfil/miguel-angel-murcia-mono "HTTP/1.1 200 OK"
2026-08-12 21:17:51  HTTP Request: GET https://www.doctoralia.co/perfil/victor-hugo-navarro-lamprea "HTTP/1.1 200 OK"
2026-08-12 21:17:51  HTTP Request: GET https://www.doctoralia.co/perfil/carlos-augusto-jaimes-gonzalez "HTTP/1.1 200 OK"
2026-08-12 21:17:52  HTTP Request: GET https://www.doctoralia.co/perfil/german-dario-arango-palau "HTTP/1.1 200 OK"
2026-08-12 21:17:52  HTTP Request: GET https://www.doctoralia.co/perfil/maria-liliana-galvez-vengoechea "HTTP/1.1 200 OK"
2026-08-12 21:17:53  HTTP Request: GET https://www.doctoralia.co/perfil/juan-manuel-jaimes-bravo "HTTP/1.1 200 OK"
2026-08-12 21:17:53  HTTP Request: GET https://www.doctoralia.co/perfil/rafael-padron-burgos "HTTP/1.1 200 OK"
2026-08-12 21:17:53  HTTP Request: GET https://www.doctoralia.co/perfil/paola-arguello-velez "HTTP/1.1 200 OK"
2026-08-12 21:17:53    412 perfiles  (255 con teléfono, 0 fallos)
2026-08-12 21:17:53  HTTP Request: GET https://www.doctoralia.co/perfil/enrique-cheng-forero "HTTP/1.1 200 OK"
2026-08-12 21:17:54  HTTP Request: GET https://www.doctoralia.co/perfil/jenny-alexandra-martinez-rua "HTTP/1.1 200 OK"
2026-08-12 21:17:54  HTTP Request: GET https://www.doctoralia.co/perfil/maria-fernanda-alvarez-candamil "HTTP/1.1 200 OK"
2026-08-12 21:17:54  HTTP Request: GET https://www.doctoralia.co/perfil/jorge-raul-rugeles-ribero "HTTP/1.1 200 OK"
2026-08-12 21:17:54  HTTP Request: GET https://www.doctoralia.co/perfil/melissa-sierra-perea "HTTP/1.1 200 OK"
2026-08-12 21:17:54  HTTP Request: GET https://www.doctoralia.co/perfil/luisa-fernanda-vasquez "HTTP/1.1 200 OK"
2026-08-12 21:17:54  HTTP Request: GET https://www.doctoralia.co/perfil/karen-perez "HTTP/1.1 200 OK"
2026-08-12 21:17:55  HTTP Request: GET https://www.doctoralia.co/perfil/paola-riveros-gil "HTTP/1.1 200 OK"
2026-08-12 21:17:55  HTTP Request: GET https://www.doctoralia.co/perfil/ana-lucia-hurtado-jaramillo "HTTP/1.1 200 OK"
2026-08-12 21:17:55  HTTP Request: GET https://www.doctoralia.co/perfil/francisco-rafael-daza-perez "HTTP/1.1 200 OK"
2026-08-12 21:17:55  HTTP Request: GET https://www.doctoralia.co/perfil/edgardo-alfonso-rudas-gonzalez "HTTP/1.1 200 OK"
2026-08-12 21:17:55  HTTP Request: GET https://www.doctoralia.co/perfil/mario-arturo-galindo-plazas-2 "HTTP/1.1 200 OK"
2026-08-12 21:17:56  HTTP Request: GET https://www.doctoralia.co/perfil/anyhely-bustos-celemin "HTTP/1.1 200 OK"
2026-08-12 21:17:56  HTTP Request: GET https://www.doctoralia.co/perfil/hugo-martinez-martinez "HTTP/1.1 200 OK"
2026-08-12 21:17:57  HTTP Request: GET https://www.doctoralia.co/perfil/doris-sabogal "HTTP/1.1 200 OK"
2026-08-12 21:17:57  HTTP Request: GET https://www.doctoralia.co/perfil/claudia-quintero "HTTP/1.1 200 OK"
2026-08-12 21:17:57  HTTP Request: GET https://www.doctoralia.co/perfil/gloria-ines-lopera-bonilla "HTTP/1.1 200 OK"
2026-08-12 21:17:57  HTTP Request: GET https://www.doctoralia.co/perfil/luz-maria-carvajal-restrepo "HTTP/1.1 200 OK"
2026-08-12 21:17:58  HTTP Request: GET https://www.doctoralia.co/perfil/lida-marcela-pena-amezquita "HTTP/1.1 200 OK"
2026-08-12 21:17:58  HTTP Request: GET https://www.doctoralia.co/perfil/juan-guillermo-londono-cardona "HTTP/1.1 200 OK"
2026-08-12 21:17:58  HTTP Request: GET https://www.doctoralia.co/perfil/maribell-cardenas-zerpa "HTTP/1.1 200 OK"
2026-08-12 21:17:58  HTTP Request: GET https://www.doctoralia.co/perfil/jorge-luis-rocha-gamarra "HTTP/1.1 200 OK"
2026-08-12 21:17:58  HTTP Request: GET https://www.doctoralia.co/perfil/alonso-padilla-mier "HTTP/1.1 200 OK"
2026-08-12 21:17:59  HTTP Request: GET https://www.doctoralia.co/perfil/angelica-valencia "HTTP/1.1 200 OK"
2026-08-12 21:17:59    437 perfiles  (255 con teléfono, 0 fallos)
2026-08-12 21:17:59  HTTP Request: GET https://www.doctoralia.co/perfil/alvaro-cano "HTTP/1.1 200 OK"
2026-08-12 21:17:59  HTTP Request: GET https://www.doctoralia.co/perfil/nathalia-gonzalez "HTTP/1.1 200 OK"
2026-08-12 21:17:59  HTTP Request: GET https://www.doctoralia.co/perfil/andres-molina-trespalacios "HTTP/1.1 200 OK"
2026-08-12 21:18:00  HTTP Request: GET https://www.doctoralia.co/perfil/claudia-lorena-solis-garcia "HTTP/1.1 200 OK"
2026-08-12 21:18:00  HTTP Request: GET https://www.doctoralia.co/perfil/ruben-elias-rodriguez-c "HTTP/1.1 200 OK"
2026-08-12 21:18:00  HTTP Request: GET https://www.doctoralia.co/perfil/julian-gomez-penafiel "HTTP/1.1 200 OK"
2026-08-12 21:18:01  HTTP Request: GET https://www.doctoralia.co/perfil/libia-perdomo-davila "HTTP/1.1 200 OK"
2026-08-12 21:18:01  HTTP Request: GET https://www.doctoralia.co/perfil/elizabeth-cardenas "HTTP/1.1 200 OK"
2026-08-12 21:18:01  HTTP Request: GET https://www.doctoralia.co/perfil/carlos-montoya "HTTP/1.1 200 OK"
2026-08-12 21:18:01  HTTP Request: GET https://www.doctoralia.co/perfil/natalia-cardozo-buitrago "HTTP/1.1 200 OK"
2026-08-12 21:18:01  HTTP Request: GET https://www.doctoralia.co/perfil/juan-felipe-jaramillo-daza "HTTP/1.1 200 OK"
2026-08-12 21:18:02  HTTP Request: GET https://www.doctoralia.co/perfil/carlos-alberto-ortiz-martinez "HTTP/1.1 200 OK"
2026-08-12 21:18:02  HTTP Request: GET https://www.doctoralia.co/perfil/daniel-sanabria-serrano "HTTP/1.1 200 OK"
2026-08-12 21:18:02  HTTP Request: GET https://www.doctoralia.co/perfil/henry-andres-botia-rodriguez "HTTP/1.1 200 OK"
2026-08-12 21:18:02  HTTP Request: GET https://www.doctoralia.co/perfil/claudia-velasquez "HTTP/1.1 200 OK"
2026-08-12 21:18:02  HTTP Request: GET https://www.doctoralia.co/perfil/jose-luis-henriquez-olmos "HTTP/1.1 200 OK"
2026-08-12 21:18:03  HTTP Request: GET https://www.doctoralia.co/perfil/manuel-alcides-puerta-mendoza "HTTP/1.1 200 OK"
2026-08-12 21:18:03  HTTP Request: GET https://www.doctoralia.co/perfil/hebert-quintero "HTTP/1.1 200 OK"
2026-08-12 21:18:03  HTTP Request: GET https://www.doctoralia.co/perfil/juan-sebastian-pascuas-bastidas "HTTP/1.1 200 OK"
2026-08-12 21:18:03  HTTP Request: GET https://www.doctoralia.co/perfil/carlos-andres-niebles-perez "HTTP/1.1 200 OK"
2026-08-12 21:18:04  HTTP Request: GET https://www.doctoralia.co/perfil/mario-humberto-archila-gonzalez "HTTP/1.1 200 OK"
2026-08-12 21:18:04  HTTP Request: GET https://www.doctoralia.co/perfil/german-ruiz-cortez "HTTP/1.1 200 OK"
2026-08-12 21:18:04  HTTP Request: GET https://www.doctoralia.co/perfil/cesar-augusto-rendon "HTTP/1.1 200 OK"
2026-08-12 21:18:05  HTTP Request: GET https://www.doctoralia.co/perfil/maria-carolina-arenas-rodriguez "HTTP/1.1 200 OK"
2026-08-12 21:18:05    462 perfiles  (255 con teléfono, 0 fallos)
2026-08-12 21:18:05  HTTP Request: GET https://www.doctoralia.co/perfil/juan-felipe-diaz-acosta "HTTP/1.1 200 OK"
2026-08-12 21:18:05  HTTP Request: GET https://www.doctoralia.co/perfil/marco-antonio-sarria-la-verde "HTTP/1.1 200 OK"
2026-08-12 21:18:05  HTTP Request: GET https://www.doctoralia.co/perfil/akram-yazde "HTTP/1.1 200 OK"
2026-08-12 21:18:06  HTTP Request: GET https://www.doctoralia.co/perfil/katerin-cristina-torres-berra "HTTP/1.1 200 OK"
2026-08-12 21:18:06  HTTP Request: GET https://www.doctoralia.co/perfil/sharon-katherine-acuna-rubiano "HTTP/1.1 200 OK"
2026-08-12 21:18:06  HTTP Request: GET https://www.doctoralia.co/perfil/karla-maria-vargas-ensuncho "HTTP/1.1 200 OK"
2026-08-12 21:18:06  HTTP Request: GET https://www.doctoralia.co/perfil/carlos-raul-melo-ramirez "HTTP/1.1 200 OK"
2026-08-12 21:18:06  HTTP Request: GET https://www.doctoralia.co/perfil/lorena-santamaria-cordoba "HTTP/1.1 200 OK"
2026-08-12 21:18:07  HTTP Request: GET https://www.doctoralia.co/perfil/javier-castro-solis "HTTP/1.1 200 OK"
2026-08-12 21:18:07  HTTP Request: GET https://www.doctoralia.co/perfil/antonio-jose-navarro-devia "HTTP/1.1 200 OK"
2026-08-12 21:18:08  HTTP Request: GET https://www.doctoralia.co/perfil/ivan-dario-figueroa-diaz "HTTP/1.1 200 OK"
2026-08-12 21:18:08  HTTP Request: GET https://www.doctoralia.co/perfil/camilo-munoz-martinez "HTTP/1.1 200 OK"
2026-08-12 21:18:08  HTTP Request: GET https://www.doctoralia.co/perfil/maria-leonor-fonnegra-jimenez "HTTP/1.1 200 OK"
2026-08-12 21:18:08  HTTP Request: GET https://www.doctoralia.co/perfil/maria-isabel-ortega-perez "HTTP/1.1 200 OK"
2026-08-12 21:18:09  HTTP Request: GET https://www.doctoralia.co/perfil/karen-orellano-bustillo "HTTP/1.1 200 OK"
2026-08-12 21:18:09  HTTP Request: GET https://www.doctoralia.co/perfil/yonis-alberto-rodriguez-velazco "HTTP/1.1 200 OK"
2026-08-12 21:18:09  HTTP Request: GET https://www.doctoralia.co/perfil/indira-rosero-martinez-2 "HTTP/1.1 200 OK"
2026-08-12 21:18:09  HTTP Request: GET https://www.doctoralia.co/perfil/marcela-gonzalez "HTTP/1.1 200 OK"
2026-08-12 21:18:10  HTTP Request: GET https://www.doctoralia.co/perfil/wendy-pallares-correa "HTTP/1.1 200 OK"
2026-08-12 21:18:10  HTTP Request: GET https://www.doctoralia.co/perfil/nadin-lacharme-farah "HTTP/1.1 200 OK"
2026-08-12 21:18:10  HTTP Request: GET https://www.doctoralia.co/perfil/juan-sebastian-lopez-martinez "HTTP/1.1 200 OK"
2026-08-12 21:18:10  HTTP Request: GET https://www.doctoralia.co/perfil/pedro-montoya-botero "HTTP/1.1 200 OK"
2026-08-12 21:18:10  HTTP Request: GET https://www.doctoralia.co/perfil/alex-bernales-martinez "HTTP/1.1 200 OK"
2026-08-12 21:18:11  HTTP Request: GET https://www.doctoralia.co/perfil/sonia-alejandra-tariba-forero "HTTP/1.1 200 OK"
2026-08-12 21:18:11  HTTP Request: GET https://www.doctoralia.co/perfil/rosedra-castaneda "HTTP/1.1 200 OK"
2026-08-12 21:18:11  HTTP Request: GET https://www.doctoralia.co/perfil/federico-gomez-quintero "HTTP/1.1 200 OK"
2026-08-12 21:18:11    487 perfiles  (255 con teléfono, 0 fallos)
2026-08-12 21:18:12  HTTP Request: GET https://www.doctoralia.co/perfil/edwin-r-guzman-diaz "HTTP/1.1 200 OK"
2026-08-12 21:18:12  HTTP Request: GET https://www.doctoralia.co/perfil/miguel-a-uparela "HTTP/1.1 200 OK"
2026-08-12 21:18:12  HTTP Request: GET https://www.doctoralia.co/perfil/edelberto-muniz-rueda-2 "HTTP/1.1 200 OK"
2026-08-12 21:18:12  HTTP Request: GET https://www.doctoralia.co/perfil/sergio-andres-arevalo-uribe "HTTP/1.1 200 OK"
2026-08-12 21:18:12  HTTP Request: GET https://www.doctoralia.co/perfil/dalisbeth-atencio "HTTP/1.1 200 OK"
2026-08-12 21:18:13  HTTP Request: GET https://www.doctoralia.co/perfil/milagros-gabriela-caceres-otero "HTTP/1.1 200 OK"
2026-08-12 21:18:13  HTTP Request: GET https://www.doctoralia.co/perfil/guillermo-roldan-meyer "HTTP/1.1 200 OK"
2026-08-12 21:18:13  HTTP Request: GET https://www.doctoralia.co/perfil/juan-antonio-lasso-chede-2 "HTTP/1.1 200 OK"
2026-08-12 21:18:13  HTTP Request: GET https://www.doctoralia.co/perfil/nelson-hundrid-estupinan-reina "HTTP/1.1 200 OK"
2026-08-12 21:18:14  HTTP Request: GET https://www.doctoralia.co/perfil/oscar-alejandro-bonilla-sepulveda "HTTP/1.1 200 OK"
2026-08-12 21:18:14  HTTP Request: GET https://www.doctoralia.co/perfil/liliana-maria-bandera-barros "HTTP/1.1 200 OK"
2026-08-12 21:18:14  HTTP Request: GET https://www.doctoralia.co/perfil/ana-sofia-aguilar-posada "HTTP/1.1 200 OK"
2026-08-12 21:18:15  HTTP Request: GET https://www.doctoralia.co/perfil/alberto-hincapie-salazar "HTTP/1.1 200 OK"
2026-08-12 21:18:15  HTTP Request: GET https://www.doctoralia.co/perfil/juan-carlos-ramirez-mejia "HTTP/1.1 200 OK"
2026-08-12 21:18:15  HTTP Request: GET https://www.doctoralia.co/perfil/jorge-giovanni-lopez-salamanca "HTTP/1.1 200 OK"
2026-08-12 21:18:16  HTTP Request: GET https://www.doctoralia.co/perfil/david-viveros-carreno "HTTP/1.1 200 OK"
2026-08-12 21:18:16  HTTP Request: GET https://www.doctoralia.co/perfil/juan-fernando-bojanini-betancur "HTTP/1.1 200 OK"
2026-08-12 21:18:16  HTTP Request: GET https://www.doctoralia.co/perfil/david-leonardo-daza-acosta "HTTP/1.1 200 OK"
2026-08-12 21:18:16  HTTP Request: GET https://www.doctoralia.co/perfil/juan-manuel-clavijo-rodriguez "HTTP/1.1 200 OK"
2026-08-12 21:18:16  HTTP Request: GET https://www.doctoralia.co/perfil/german-raigosa "HTTP/1.1 200 OK"
2026-08-12 21:18:17  HTTP Request: GET https://www.doctoralia.co/perfil/carlos-paternina-vivero "HTTP/1.1 200 OK"
2026-08-12 21:18:17  HTTP Request: GET https://www.doctoralia.co/perfil/joaquin-segundo-de-la-pena-2 "HTTP/1.1 200 OK"
2026-08-12 21:18:17  HTTP Request: GET https://www.doctoralia.co/perfil/maria-mercedes-gomez-lopez "HTTP/1.1 200 OK"
2026-08-12 21:18:17  HTTP Request: GET https://www.doctoralia.co/perfil/alexander-mendoza-2 "HTTP/1.1 200 OK"
2026-08-12 21:18:18    512 perfiles  (255 con teléfono, 0 fallos)
2026-08-12 21:18:18  HTTP Request: GET https://www.doctoralia.co/perfil/edgar-ivan-ortiz-lizcano "HTTP/1.1 200 OK"
2026-08-12 21:18:18  HTTP Request: GET https://www.doctoralia.co/perfil/alexander-salazar-reviakina "HTTP/1.1 200 OK"
2026-08-12 21:18:18  HTTP Request: GET https://www.doctoralia.co/perfil/natalia-trujillo-carmona "HTTP/1.1 200 OK"
2026-08-12 21:18:18  HTTP Request: GET https://www.doctoralia.co/perfil/camilo-enrique-rodriguez-cifuentes "HTTP/1.1 200 OK"
2026-08-12 21:18:19  HTTP Request: GET https://www.doctoralia.co/perfil/luis-bonilla "HTTP/1.1 200 OK"
2026-08-12 21:18:19  HTTP Request: GET https://www.doctoralia.co/perfil/carlos-alberto-cabas-cordoba "HTTP/1.1 200 OK"
2026-08-12 21:18:19  HTTP Request: GET https://www.doctoralia.co/perfil/fabio-ernesto-quijano-garcia "HTTP/1.1 200 OK"
2026-08-12 21:18:20  HTTP Request: GET https://www.doctoralia.co/perfil/yahiris-rodriguez-mejia "HTTP/1.1 200 OK"
2026-08-12 21:18:20  HTTP Request: GET https://www.doctoralia.co/perfil/edmundo-daniel-albis-florez "HTTP/1.1 200 OK"
2026-08-12 21:18:20  HTTP Request: GET https://www.doctoralia.co/perfil/jorge-mario-mejia-restrepo "HTTP/1.1 200 OK"
2026-08-12 21:18:20  HTTP Request: GET https://www.doctoralia.co/perfil/carlos-mauricio-sarmiento-sarmiento "HTTP/1.1 200 OK"
2026-08-12 21:18:21  HTTP Request: GET https://www.doctoralia.co/perfil/maria-jose-duenas-palma "HTTP/1.1 200 OK"
2026-08-12 21:18:21  HTTP Request: GET https://www.doctoralia.co/perfil/andrea-lorena-polania "HTTP/1.1 200 OK"
2026-08-12 21:18:21  HTTP Request: GET https://www.doctoralia.co/perfil/deymi-k-nunez-avila "HTTP/1.1 200 OK"
2026-08-12 21:18:22  HTTP Request: GET https://www.doctoralia.co/perfil/henry-hernan-vellasco-bravo "HTTP/1.1 200 OK"
2026-08-12 21:18:22  HTTP Request: GET https://www.doctoralia.co/perfil/maria-adelaida-paredes-quijano "HTTP/1.1 200 OK"
2026-08-12 21:18:22  HTTP Request: GET https://www.doctoralia.co/perfil/yarith-maiguel-sierra "HTTP/1.1 200 OK"
2026-08-12 21:18:22  HTTP Request: GET https://www.doctoralia.co/perfil/jorge-andres-escobar-sanz "HTTP/1.1 200 OK"
2026-08-12 21:18:22  HTTP Request: GET https://www.doctoralia.co/perfil/fabio-adalberto-ordonez-bravo "HTTP/1.1 200 OK"
2026-08-12 21:18:23  HTTP Request: GET https://www.doctoralia.co/perfil/ana-dolores-perez-donado "HTTP/1.1 200 OK"
2026-08-12 21:18:23  HTTP Request: GET https://www.doctoralia.co/perfil/luz-vanessa-aguirre-vera "HTTP/1.1 200 OK"
2026-08-12 21:18:23  HTTP Request: GET https://www.doctoralia.co/perfil/edwin-alcides-gomez-ibarra "HTTP/1.1 200 OK"
2026-08-12 21:18:24  HTTP Request: GET https://www.doctoralia.co/perfil/susana-martinez-galiano "HTTP/1.1 200 OK"
2026-08-12 21:18:24  HTTP Request: GET https://www.doctoralia.co/perfil/maria-alejandra-cifuentes-bernal "HTTP/1.1 200 OK"
2026-08-12 21:18:24  HTTP Request: GET https://www.doctoralia.co/perfil/dayro-gutierrez-cuello "HTTP/1.1 200 OK"
2026-08-12 21:18:24    537 perfiles  (255 con teléfono, 0 fallos)
2026-08-12 21:18:25  HTTP Request: GET https://www.doctoralia.co/perfil/osiris-castillo-perez "HTTP/1.1 200 OK"
2026-08-12 21:18:25  HTTP Request: GET https://www.doctoralia.co/perfil/benjamin-di-filippo-echeverri-2 "HTTP/1.1 200 OK"
2026-08-12 21:18:25  HTTP Request: GET https://www.doctoralia.co/perfil/nicol-stefanny-corredor-figueredo "HTTP/1.1 200 OK"
2026-08-12 21:18:25  HTTP Request: GET https://www.doctoralia.co/perfil/dorian-juliett-bejarano-perlaza "HTTP/1.1 200 OK"
2026-08-12 21:18:26  HTTP Request: GET https://www.doctoralia.co/perfil/jorge-eduardo-forero-galvis "HTTP/1.1 200 OK"
2026-08-12 21:18:26  HTTP Request: GET https://www.doctoralia.co/perfil/gustavo-adolfo-insignares-gutierrez "HTTP/1.1 200 OK"
2026-08-12 21:18:26  HTTP Request: GET https://www.doctoralia.co/perfil/giuliana-puccini-santamaria "HTTP/1.1 200 OK"
2026-08-12 21:18:26  HTTP Request: GET https://www.doctoralia.co/perfil/carlos-daniel-perez-ali "HTTP/1.1 200 OK"
2026-08-12 21:18:26  HTTP Request: GET https://www.doctoralia.co/perfil/oscar-armando-suarez-cepeda "HTTP/1.1 200 OK"
2026-08-12 21:18:27  HTTP Request: GET https://www.doctoralia.co/perfil/ely-mejia-serrano "HTTP/1.1 200 OK"
2026-08-12 21:18:27  HTTP Request: GET https://www.doctoralia.co/perfil/andy-pinto-espinosa "HTTP/1.1 200 OK"
2026-08-12 21:18:28  HTTP Request: GET https://www.doctoralia.co/perfil/carlos-eduardo-cabrejo-carvajal "HTTP/1.1 200 OK"
2026-08-12 21:18:28  HTTP Request: GET https://www.doctoralia.co/clinicas/cemae-clinica-de-fertilidad "HTTP/1.1 200 OK"
2026-08-12 21:18:28  HTTP Request: GET https://www.doctoralia.co/clinicas/rx-oral-3d-tulua-radiologia-y-tomografia-3d "HTTP/1.1 200 OK"
2026-08-12 21:18:28  HTTP Request: GET https://www.doctoralia.co/perfil/isabel-cristina-isaza-sierra "HTTP/1.1 200 OK"
2026-08-12 21:18:29  HTTP Request: GET https://www.doctoralia.co/perfil/alcides-c-bracho-ch "HTTP/1.1 200 OK"
2026-08-12 21:18:29  HTTP Request: GET https://www.doctoralia.co/perfil/veronica-aguilar-ortiz "HTTP/1.1 200 OK"
2026-08-12 21:18:29  HTTP Request: GET https://www.doctoralia.co/perfil/daniel-eduardo-londono-narvaez "HTTP/1.1 200 OK"
2026-08-12 21:18:29  HTTP Request: GET https://www.doctoralia.co/perfil/german-david-ospina-idarraga "HTTP/1.1 200 OK"
2026-08-12 21:18:29  HTTP Request: GET https://www.doctoralia.co/perfil/lewis-alberto-perez-forero "HTTP/1.1 200 OK"
2026-08-12 21:18:30  HTTP Request: GET https://www.doctoralia.co/perfil/andres-mauricio-camacho-montano "HTTP/1.1 200 OK"
2026-08-12 21:18:30  HTTP Request: GET https://www.doctoralia.co/perfil/pablo-alberto-cano-aristizabal "HTTP/1.1 200 OK"
2026-08-12 21:18:31  HTTP Request: GET https://www.doctoralia.co/perfil/laura-marquez-torres "HTTP/1.1 200 OK"
2026-08-12 21:18:31  HTTP Request: GET https://www.doctoralia.co/perfil/maria-constanza-moreno-zuluaga "HTTP/1.1 200 OK"
2026-08-12 21:18:31  HTTP Request: GET https://www.doctoralia.co/perfil/german-camilo-torres-chaparro "HTTP/1.1 200 OK"
2026-08-12 21:18:31  HTTP Request: GET https://www.doctoralia.co/perfil/juan-carlos-patino-millan "HTTP/1.1 200 OK"
2026-08-12 21:18:31  HTTP Request: GET https://www.doctoralia.co/perfil/alvaro-toledo-vargas "HTTP/1.1 200 OK"
2026-08-12 21:18:31    562 perfiles  (255 con teléfono, 0 fallos)
2026-08-12 21:18:32  HTTP Request: GET https://www.doctoralia.co/perfil/martha-angelica-del-rocio-campos-pena "HTTP/1.1 200 OK"
2026-08-12 21:18:32  HTTP Request: GET https://www.doctoralia.co/perfil/alexandra-guevara "HTTP/1.1 200 OK"
2026-08-12 21:18:32  HTTP Request: GET https://www.doctoralia.co/perfil/pablo-andres-victoria "HTTP/1.1 200 OK"
2026-08-12 21:18:33  HTTP Request: GET https://www.doctoralia.co/perfil/natali-sanchez "HTTP/1.1 200 OK"
2026-08-12 21:18:33  HTTP Request: GET https://www.doctoralia.co/perfil/luis-fernando-rodriguez-reyes "HTTP/1.1 200 OK"
2026-08-12 21:18:33  HTTP Request: GET https://www.doctoralia.co/perfil/flor-angela-chaparro-gomez "HTTP/1.1 200 OK"
2026-08-12 21:18:33  HTTP Request: GET https://www.doctoralia.co/clinicas/femme "HTTP/1.1 200 OK"
2026-08-12 21:18:33  HTTP Request: GET https://www.doctoralia.co/perfil/solange-monsalve-paez "HTTP/1.1 200 OK"
2026-08-12 21:18:34  HTTP Request: GET https://www.doctoralia.co/perfil/lia-margarita-matera-torres-2 "HTTP/1.1 200 OK"
2026-08-12 21:18:34  HTTP Request: GET https://www.doctoralia.co/perfil/mortimer-arreaza "HTTP/1.1 200 OK"
2026-08-12 21:18:34  HTTP Request: GET https://www.doctoralia.co/perfil/franklin-jose-espitia-de-la-hoz "HTTP/1.1 200 OK"
2026-08-12 21:18:34  HTTP Request: GET https://www.doctoralia.co/perfil/marco-antonio-gomez-velandia "HTTP/1.1 200 OK"
2026-08-12 21:18:35  HTTP Request: GET https://www.doctoralia.co/perfil/luisa-fernanda-rodriguez-quejada "HTTP/1.1 200 OK"
2026-08-12 21:18:35  HTTP Request: GET https://www.doctoralia.co/perfil/luis-antonio-juagibioy "HTTP/1.1 200 OK"
2026-08-12 21:18:35  HTTP Request: GET https://www.doctoralia.co/perfil/maria-fernanda-sanabria-rodriguez "HTTP/1.1 200 OK"
2026-08-12 21:18:36  HTTP Request: GET https://www.doctoralia.co/perfil/nathalie-jurado-ocampo "HTTP/1.1 200 OK"
2026-08-12 21:18:36  HTTP Request: GET https://www.doctoralia.co/perfil/maria-camila-cantor-canon "HTTP/1.1 200 OK"
2026-08-12 21:18:36  HTTP Request: GET https://www.doctoralia.co/perfil/jaime-fernando-ruiz-povea "HTTP/1.1 200 OK"
2026-08-12 21:18:36  HTTP Request: GET https://www.doctoralia.co/clinicas/centro-de-especialistas-saisf-sas-zomac "HTTP/1.1 200 OK"
2026-08-12 21:18:37  HTTP Request: GET https://www.doctoralia.co/perfil/augusto-isaza-estrada-2 "HTTP/1.1 200 OK"
2026-08-12 21:18:37  HTTP Request: GET https://www.doctoralia.co/perfil/laura-mendoza-angulo "HTTP/1.1 200 OK"
2026-08-12 21:18:37  HTTP Request: GET https://www.doctoralia.co/perfil/avila-ana-ruth-cortes "HTTP/1.1 200 OK"
2026-08-12 21:18:37  HTTP Request: GET https://www.doctoralia.co/perfil/jaime-andres-olivos-arango "HTTP/1.1 200 OK"
2026-08-12 21:18:38    587 perfiles  (255 con teléfono, 0 fallos)
2026-08-12 21:18:38  HTTP Request: GET https://www.doctoralia.co/perfil/byron-cardoso-medina "HTTP/1.1 200 OK"
2026-08-12 21:18:38  HTTP Request: GET https://www.doctoralia.co/perfil/enrique-herrera-castaneda "HTTP/1.1 200 OK"
2026-08-12 21:18:38  HTTP Request: GET https://www.doctoralia.co/clinicas/centro-medico-javerianos "HTTP/1.1 200 OK"
2026-08-12 21:18:38  HTTP Request: GET https://www.doctoralia.co/perfil/martha-patricia-quintero-garcia "HTTP/1.1 200 OK"
2026-08-12 21:18:38  HTTP Request: GET https://www.doctoralia.co/perfil/liliana-palacio "HTTP/1.1 200 OK"
2026-08-12 21:18:39  HTTP Request: GET https://www.doctoralia.co/perfil/felipe-carlos-petro-prieto "HTTP/1.1 200 OK"
2026-08-12 21:18:39  HTTP Request: GET https://www.doctoralia.co/perfil/sandra-velez "HTTP/1.1 200 OK"
2026-08-12 21:18:39  HTTP Request: GET https://www.doctoralia.co/perfil/edgar-eduardo-agudelo-fuentes-2 "HTTP/1.1 200 OK"
2026-08-12 21:18:40  HTTP Request: GET https://www.doctoralia.co/perfil/lissana-castro-beltran "HTTP/1.1 200 OK"
2026-08-12 21:18:40  HTTP Request: GET https://www.doctoralia.co/perfil/angela-caicedo-goyeneche "HTTP/1.1 200 OK"
2026-08-12 21:18:40  HTTP Request: GET https://www.doctoralia.co/perfil/lina-maria-zuluaga-garcia "HTTP/1.1 200 OK"
2026-08-12 21:18:41  HTTP Request: GET https://www.doctoralia.co/perfil/oscar-david-benedetti-fortich "HTTP/1.1 200 OK"
2026-08-12 21:18:41  HTTP Request: GET https://www.doctoralia.co/perfil/carolina-trujillo "HTTP/1.1 200 OK"
2026-08-12 21:18:41  HTTP Request: GET https://www.doctoralia.co/perfil/francisco-javier-alvarez-camayo "HTTP/1.1 200 OK"
2026-08-12 21:18:42  HTTP Request: GET https://www.doctoralia.co/perfil/wilson-alberto-torres-calle "HTTP/1.1 200 OK"
2026-08-12 21:18:42  HTTP Request: GET https://www.doctoralia.co/perfil/patricia-ardila-torres "HTTP/1.1 200 OK"
2026-08-12 21:18:42  HTTP Request: GET https://www.doctoralia.co/perfil/elkin-guillermo-laverde-pava "HTTP/1.1 200 OK"
2026-08-12 21:18:42  HTTP Request: GET https://www.doctoralia.co/perfil/jose-enrique-sanin-blair "HTTP/1.1 200 OK"
2026-08-12 21:18:42  HTTP Request: GET https://www.doctoralia.co/perfil/juan-diego-rojas-barrera "HTTP/1.1 200 OK"
2026-08-12 21:18:43  HTTP Request: GET https://www.doctoralia.co/perfil/amira-latorre-henao "HTTP/1.1 200 OK"
2026-08-12 21:18:43  HTTP Request: GET https://www.doctoralia.co/perfil/ernesto-carlos-hernandez-payares "HTTP/1.1 200 OK"
2026-08-12 21:18:43  HTTP Request: GET https://www.doctoralia.co/perfil/laura-del-pilar-vargas-barrera "HTTP/1.1 200 OK"
2026-08-12 21:18:43  HTTP Request: GET https://www.doctoralia.co/perfil/alvaro-antonio-araque-fernandez "HTTP/1.1 200 OK"
2026-08-12 21:18:44  HTTP Request: GET https://www.doctoralia.co/perfil/gloria-amparo-viafara-torres "HTTP/1.1 200 OK"
2026-08-12 21:18:44  HTTP Request: GET https://www.doctoralia.co/perfil/apolinar-sierra-moreno "HTTP/1.1 200 OK"
2026-08-12 21:18:44  HTTP Request: GET https://www.doctoralia.co/perfil/daniel-paez-jaramillo "HTTP/1.1 200 OK"
2026-08-12 21:18:44    612 perfiles  (255 con teléfono, 0 fallos)
2026-08-12 21:18:44  HTTP Request: GET https://www.doctoralia.co/perfil/lina-maria-lopez-garzon "HTTP/1.1 200 OK"
2026-08-12 21:18:45  HTTP Request: GET https://www.doctoralia.co/perfil/eliana-cordero-doria "HTTP/1.1 200 OK"
2026-08-12 21:18:45  HTTP Request: GET https://www.doctoralia.co/perfil/sandra-patricia-zapata-clavijo "HTTP/1.1 200 OK"
2026-08-12 21:18:46  HTTP Request: GET https://www.doctoralia.co/perfil/hernan-raul-burbano-ojeda "HTTP/1.1 200 OK"
2026-08-12 21:18:46  HTTP Request: GET https://www.doctoralia.co/perfil/alveiro-ramos-cruz "HTTP/1.1 200 OK"
2026-08-12 21:18:46  HTTP Request: GET https://www.doctoralia.co/perfil/carlos-riano-m "HTTP/1.1 200 OK"
2026-08-12 21:18:46  HTTP Request: GET https://www.doctoralia.co/perfil/ivan-marenco-cure-2 "HTTP/1.1 200 OK"
2026-08-12 21:18:47  HTTP Request: GET https://www.doctoralia.co/perfil/luisa-fernanda-munoz-fernandez "HTTP/1.1 200 OK"
2026-08-12 21:18:47  HTTP Request: GET https://www.doctoralia.co/perfil/yesica-velasquez-marin-2 "HTTP/1.1 200 OK"
2026-08-12 21:18:47  HTTP Request: GET https://www.doctoralia.co/perfil/edison-giovanny-mendez-quiroga "HTTP/1.1 200 OK"
2026-08-12 21:18:47  HTTP Request: GET https://www.doctoralia.co/perfil/andres-felipe-ordonez-bonilla "HTTP/1.1 200 OK"
2026-08-12 21:18:48  HTTP Request: GET https://www.doctoralia.co/perfil/doaneya-lelxiana-giron-pelaez-2 "HTTP/1.1 200 OK"
2026-08-12 21:18:48  HTTP Request: GET https://www.doctoralia.co/perfil/diana-carolina-hernandez "HTTP/1.1 200 OK"
2026-08-12 21:18:48  HTTP Request: GET https://www.doctoralia.co/perfil/angelica-hoyos-buelvas "HTTP/1.1 200 OK"
2026-08-12 21:18:48  HTTP Request: GET https://www.doctoralia.co/perfil/sara-tatiana-guevara-franco "HTTP/1.1 200 OK"
2026-08-12 21:18:49  HTTP Request: GET https://www.doctoralia.co/perfil/nubia-ruiz-reyes "HTTP/1.1 200 OK"
2026-08-12 21:18:49  HTTP Request: GET https://www.doctoralia.co/perfil/alejandro-saavedra-tascon "HTTP/1.1 200 OK"
2026-08-12 21:18:49  HTTP Request: GET https://www.doctoralia.co/perfil/luis-hincapie "HTTP/1.1 200 OK"
2026-08-12 21:18:49  HTTP Request: GET https://www.doctoralia.co/perfil/jhon-angarita-chaparro "HTTP/1.1 200 OK"
2026-08-12 21:18:49  HTTP Request: GET https://www.doctoralia.co/perfil/javier-andres-castro-zuniga-2 "HTTP/1.1 200 OK"
2026-08-12 21:18:50  HTTP Request: GET https://www.doctoralia.co/perfil/lucila-cristina-sanchez-gallon "HTTP/1.1 200 OK"
2026-08-12 21:18:50  HTTP Request: GET https://www.doctoralia.co/perfil/angelica-maria-quintero-montano "HTTP/1.1 200 OK"
2026-08-12 21:18:50  HTTP Request: GET https://www.doctoralia.co/clinicas/perfect-body-medical-center-ltda "HTTP/1.1 200 OK"
2026-08-12 21:18:50  HTTP Request: GET https://www.doctoralia.co/clinicas/especialistas-en-salud "HTTP/1.1 200 OK"
2026-08-12 21:18:51    637 perfiles  (255 con teléfono, 0 fallos)
2026-08-12 21:18:51  HTTP Request: GET https://www.doctoralia.co/clinicas/grupovivir-ips "HTTP/1.1 200 OK"
2026-08-12 21:18:51  HTTP Request: GET https://www.doctoralia.co/perfil/fidele-elias-barhoun-2 "HTTP/1.1 200 OK"
2026-08-12 21:18:51  HTTP Request: GET https://www.doctoralia.co/perfil/nathalia-andrea-almeida-arguello "HTTP/1.1 200 OK"
2026-08-12 21:18:51  HTTP Request: GET https://www.doctoralia.co/perfil/alejandro-colonia-toro "HTTP/1.1 200 OK"
2026-08-12 21:18:51  HTTP Request: GET https://www.doctoralia.co/perfil/omar-alfonso-lopez-gonzalez "HTTP/1.1 200 OK"
2026-08-12 21:18:52  HTTP Request: GET https://www.doctoralia.co/clinicas/fisioterapia-piso-pelvico "HTTP/1.1 200 OK"
2026-08-12 21:18:52  HTTP Request: GET https://www.doctoralia.co/perfil/monica-liliana-ariza-rodriguez "HTTP/1.1 200 OK"
2026-08-12 21:18:52  HTTP Request: GET https://www.doctoralia.co/perfil/daniela-gonzalez-gomez "HTTP/1.1 200 OK"
2026-08-12 21:18:52  HTTP Request: GET https://www.doctoralia.co/perfil/jose-alejandro-gonzalez-sierra "HTTP/1.1 200 OK"
2026-08-12 21:18:53  HTTP Request: GET https://www.doctoralia.co/perfil/camilo-alberto-quintero-loaiza "HTTP/1.1 200 OK"
2026-08-12 21:18:53  HTTP Request: GET https://www.doctoralia.co/perfil/isabel-cristina-acebedo-restrepo "HTTP/1.1 200 OK"
2026-08-12 21:18:53  HTTP Request: GET https://www.doctoralia.co/perfil/daniela-canosa "HTTP/1.1 200 OK"
2026-08-12 21:18:54  HTTP Request: GET https://www.doctoralia.co/perfil/jose-alberto-martinez-sanchez "HTTP/1.1 200 OK"
2026-08-12 21:18:54  HTTP Request: GET https://www.doctoralia.co/perfil/ivan-ortiz "HTTP/1.1 200 OK"
2026-08-12 21:18:54  HTTP Request: GET https://www.doctoralia.co/perfil/angelica-maria-guerrero-franco "HTTP/1.1 200 OK"
2026-08-12 21:18:54  HTTP Request: GET https://www.doctoralia.co/perfil/gilberto-arcila-ospina-2 "HTTP/1.1 200 OK"
2026-08-12 21:18:54  HTTP Request: GET https://www.doctoralia.co/perfil/karen-vivas-hernandez "HTTP/1.1 200 OK"
2026-08-12 21:18:54  HTTP Request: GET https://www.doctoralia.co/clinicas/centro-medico-carlos-ardila-lulle "HTTP/1.1 200 OK"
2026-08-12 21:18:55  HTTP Request: GET https://www.doctoralia.co/clinicas/palermo-imagen-centro-medico "HTTP/1.1 200 OK"
2026-08-12 21:18:55  HTTP Request: GET https://www.doctoralia.co/perfil/gustavo-calle "HTTP/1.1 200 OK"
2026-08-12 21:18:55  HTTP Request: GET https://www.doctoralia.co/perfil/luis-eduardo-reyes-lara "HTTP/1.1 200 OK"
2026-08-12 21:18:55  HTTP Request: GET https://www.doctoralia.co/perfil/alexsandra-ortiz-rovira "HTTP/1.1 200 OK"
2026-08-12 21:18:55  HTTP Request: GET https://www.doctoralia.co/perfil/freddy-briceno-mendez "HTTP/1.1 200 OK"
2026-08-12 21:18:56  HTTP Request: GET https://www.doctoralia.co/perfil/dulce-maria-villalobos-lobo "HTTP/1.1 200 OK"
2026-08-12 21:18:56    662 perfiles  (255 con teléfono, 0 fallos)
2026-08-12 21:18:56  HTTP Request: GET https://www.doctoralia.co/perfil/marlly-paola-paredes-soto "HTTP/1.1 200 OK"
2026-08-12 21:18:56  HTTP Request: GET https://www.doctoralia.co/perfil/rafael-marcano "HTTP/1.1 200 OK"
2026-08-12 21:18:56  HTTP Request: GET https://www.doctoralia.co/perfil/ernesto-romero-lofiego "HTTP/1.1 200 OK"
2026-08-12 21:18:56  HTTP Request: GET https://www.doctoralia.co/perfil/hugo-antonio-fadul-acevedo "HTTP/1.1 200 OK"
2026-08-12 21:18:57  HTTP Request: GET https://www.doctoralia.co/perfil/monica-andrea-palacios-llorente "HTTP/1.1 200 OK"
2026-08-12 21:18:57  HTTP Request: GET https://www.doctoralia.co/perfil/lisbeth-vanessa-rolon-barroso "HTTP/1.1 200 OK"
2026-08-12 21:18:57  HTTP Request: GET https://www.doctoralia.co/perfil/yannellys-marquez "HTTP/1.1 200 OK"
2026-08-12 21:18:57  HTTP Request: GET https://www.doctoralia.co/perfil/mario-alfredo-ospina-munoz "HTTP/1.1 200 OK"
2026-08-12 21:18:57  HTTP Request: GET https://www.doctoralia.co/perfil/beatriz-elena-palacio-marin-2 "HTTP/1.1 200 OK"
2026-08-12 21:18:58  HTTP Request: GET https://www.doctoralia.co/perfil/maria-luisa-tobon-garcia "HTTP/1.1 200 OK"
2026-08-12 21:18:58  HTTP Request: GET https://www.doctoralia.co/perfil/diana-carolina-trujillo-martinez "HTTP/1.1 200 OK"
2026-08-12 21:18:58  HTTP Request: GET https://www.doctoralia.co/perfil/ines-lucia-pinzon-murcia-2 "HTTP/1.1 200 OK"
2026-08-12 21:18:58  HTTP Request: GET https://www.doctoralia.co/perfil/sheila-godoy-martinez "HTTP/1.1 200 OK"
2026-08-12 21:18:59  HTTP Request: GET https://www.doctoralia.co/perfil/luisa-fernanda-gomez-lopez-2 "HTTP/1.1 200 OK"
2026-08-12 21:18:59  HTTP Request: GET https://www.doctoralia.co/perfil/edna-patricia-otalora-moreno "HTTP/1.1 200 OK"
2026-08-12 21:18:59  HTTP Request: GET https://www.doctoralia.co/perfil/estefany-julieth-olmos-brito "HTTP/1.1 200 OK"
2026-08-12 21:18:59  HTTP Request: GET https://www.doctoralia.co/perfil/claudia-patricia-gonzalez-bermudez "HTTP/1.1 200 OK"
2026-08-12 21:18:59  HTTP Request: GET https://www.doctoralia.co/perfil/arturo-aparicio-laserna "HTTP/1.1 200 OK"
2026-08-12 21:19:00  HTTP Request: GET https://www.doctoralia.co/perfil/ricardo-torrents-gonzalez "HTTP/1.1 200 OK"
2026-08-12 21:19:00  HTTP Request: GET https://www.doctoralia.co/perfil/beatriz-sierra-londono "HTTP/1.1 200 OK"
2026-08-12 21:19:00  HTTP Request: GET https://www.doctoralia.co/perfil/juan-carlos-quintero-mejia "HTTP/1.1 200 OK"
2026-08-12 21:19:00  HTTP Request: GET https://www.doctoralia.co/perfil/ana-lucia-ruiz-cabrera "HTTP/1.1 200 OK"
2026-08-12 21:19:00  HTTP Request: GET https://www.doctoralia.co/perfil/jose-joaquin-gomez-castano-2 "HTTP/1.1 200 OK"
2026-08-12 21:19:01  HTTP Request: GET https://www.doctoralia.co/perfil/mauricio-borrero-franco "HTTP/1.1 200 OK"
2026-08-12 21:19:01  HTTP Request: GET https://www.doctoralia.co/perfil/jesus-ivan-sierra-laguado "HTTP/1.1 200 OK"
2026-08-12 21:19:01  HTTP Request: GET https://www.doctoralia.co/perfil/maria-isabel-velez-londono "HTTP/1.1 200 OK"
2026-08-12 21:19:01    687 perfiles  (255 con teléfono, 0 fallos)
2026-08-12 21:19:02  HTTP Request: GET https://www.doctoralia.co/perfil/christian-carreno-vera "HTTP/1.1 200 OK"
2026-08-12 21:19:02  HTTP Request: GET https://www.doctoralia.co/perfil/alba-lucia-mondragon-cedeno "HTTP/1.1 200 OK"
2026-08-12 21:19:02  HTTP Request: GET https://www.doctoralia.co/clinicas/centro-medico-life "HTTP/1.1 200 OK"
2026-08-12 21:19:02  HTTP Request: GET https://www.doctoralia.co/perfil/diana-michely-alvarez-muriel "HTTP/1.1 200 OK"
2026-08-12 21:19:02  HTTP Request: GET https://www.doctoralia.co/clinicas/clinica-busi-medicina-integral "HTTP/1.1 200 OK"
2026-08-12 21:19:03  HTTP Request: GET https://www.doctoralia.co/perfil/juan-sebastian-alvarez-gomez "HTTP/1.1 200 OK"
2026-08-12 21:19:03  HTTP Request: GET https://www.doctoralia.co/perfil/daniel-antonio-montenegro-escovar "HTTP/1.1 200 OK"
2026-08-12 21:19:03  HTTP Request: GET https://www.doctoralia.co/perfil/martha-lucia-florez-nuncira "HTTP/1.1 200 OK"
2026-08-12 21:19:03  HTTP Request: GET https://www.doctoralia.co/perfil/lida-yaneth-luna-rodriguez-2 "HTTP/1.1 200 OK"
2026-08-12 21:19:03  HTTP Request: GET https://www.doctoralia.co/perfil/alfredo-ruiz-rivadeneira "HTTP/1.1 200 OK"
2026-08-12 21:19:04  HTTP Request: GET https://www.doctoralia.co/perfil/jose-rodrigo-cifuentes-borrero "HTTP/1.1 200 OK"
2026-08-12 21:19:04  HTTP Request: GET https://www.doctoralia.co/perfil/maria-fernanda-rodriguez-moncada "HTTP/1.1 200 OK"
2026-08-12 21:19:04  HTTP Request: GET https://www.doctoralia.co/perfil/manuel-alejandro-torres "HTTP/1.1 200 OK"
2026-08-12 21:19:04  HTTP Request: GET https://www.doctoralia.co/perfil/carlos-eduardo-mathison-natera "HTTP/1.1 200 OK"
2026-08-12 21:19:04  HTTP Request: GET https://www.doctoralia.co/perfil/alejandra-salazar-gonzalez "HTTP/1.1 200 OK"
2026-08-12 21:19:05  HTTP Request: GET https://www.doctoralia.co/perfil/sandra-patricia-gutierrez-puentes "HTTP/1.1 200 OK"
2026-08-12 21:19:05  HTTP Request: GET https://www.doctoralia.co/perfil/angela-jeannette-escobar-pinzon "HTTP/1.1 200 OK"
2026-08-12 21:19:05  HTTP Request: GET https://www.doctoralia.co/perfil/herbert-mauricio-wagner "HTTP/1.1 200 OK"
2026-08-12 21:19:06  HTTP Request: GET https://www.doctoralia.co/perfil/hernando-ruiz-camero-2 "HTTP/1.1 200 OK"
2026-08-12 21:19:06  HTTP Request: GET https://www.doctoralia.co/perfil/gustavo-adolfo-parra-solano "HTTP/1.1 200 OK"
2026-08-12 21:19:06  HTTP Request: GET https://www.doctoralia.co/perfil/vanessa-arenas-rodriguez "HTTP/1.1 200 OK"
2026-08-12 21:19:06  HTTP Request: GET https://www.doctoralia.co/perfil/alejandro-diaz-gonzalez "HTTP/1.1 200 OK"
2026-08-12 21:19:06  HTTP Request: GET https://www.doctoralia.co/perfil/henry-everardo-rodriguez-hernandez "HTTP/1.1 200 OK"
2026-08-12 21:19:06  HTTP Request: GET https://www.doctoralia.co/perfil/maria-esperanza-delgado-martinez "HTTP/1.1 200 OK"
2026-08-12 21:19:07  HTTP Request: GET https://www.doctoralia.co/perfil/carlos-arturo-gomez-mejia "HTTP/1.1 200 OK"
2026-08-12 21:19:07    712 perfiles  (255 con teléfono, 0 fallos)
2026-08-12 21:19:07  HTTP Request: GET https://www.doctoralia.co/perfil/cristhian-rafael-daza-atehortua "HTTP/1.1 200 OK"
2026-08-12 21:19:07  HTTP Request: GET https://www.doctoralia.co/perfil/alvaro-duran-rosales-2 "HTTP/1.1 200 OK"
2026-08-12 21:19:07  HTTP Request: GET https://www.doctoralia.co/perfil/jorge-javier-rocha-rojas "HTTP/1.1 200 OK"
2026-08-12 21:19:08  HTTP Request: GET https://www.doctoralia.co/perfil/raul-alejandro-garcia-posada "HTTP/1.1 200 OK"
2026-08-12 21:19:08  HTTP Request: GET https://www.doctoralia.co/perfil/german-osorio-chica "HTTP/1.1 200 OK"
2026-08-12 21:19:08  HTTP Request: GET https://www.doctoralia.co/perfil/martha-lucia-arango-congote "HTTP/1.1 200 OK"
2026-08-12 21:19:09  HTTP Request: GET https://www.doctoralia.co/perfil/gloria-eugenia-atuesta-mondragon "HTTP/1.1 200 OK"
2026-08-12 21:19:09  HTTP Request: GET https://www.doctoralia.co/perfil/gustavo-adolfo-canaval-erazo "HTTP/1.1 200 OK"
2026-08-12 21:19:09  HTTP Request: GET https://www.doctoralia.co/perfil/diana-tellez-blanco "HTTP/1.1 200 OK"
2026-08-12 21:19:09  HTTP Request: GET https://www.doctoralia.co/perfil/milton-cesar-gomez-gomez "HTTP/1.1 200 OK"
2026-08-12 21:19:09  HTTP Request: GET https://www.doctoralia.co/clinicas/unidad-clinica-medica-el-lago-clinilago-2 "HTTP/1.1 200 OK"
2026-08-12 21:19:10  HTTP Request: GET https://www.doctoralia.co/perfil/marco-antonio-duque-giraldo "HTTP/1.1 200 OK"
2026-08-12 21:19:10  HTTP Request: GET https://www.doctoralia.co/perfil/wilma-ines-castilla-puentes "HTTP/1.1 200 OK"
2026-08-12 21:19:10  HTTP Request: GET https://www.doctoralia.co/clinicas/centro-medico-almirante-colon "HTTP/1.1 200 OK"
2026-08-12 21:19:10  HTTP Request: GET https://www.doctoralia.co/perfil/carlos-alberto-carrasquilla-valbuena "HTTP/1.1 200 OK"
2026-08-12 21:19:10  HTTP Request: GET https://www.doctoralia.co/perfil/sandra-milena-escobar-osorio "HTTP/1.1 200 OK"
2026-08-12 21:19:11  HTTP Request: GET https://www.doctoralia.co/perfil/giovanni-higuera-gambasica "HTTP/1.1 200 OK"
2026-08-12 21:19:11  HTTP Request: GET https://www.doctoralia.co/perfil/jorge-luis-canavera-zapata "HTTP/1.1 200 OK"
2026-08-12 21:19:11  HTTP Request: GET https://www.doctoralia.co/perfil/dayana-roccio-vasquez-acosta "HTTP/1.1 200 OK"
2026-08-12 21:19:12  HTTP Request: GET https://www.doctoralia.co/perfil/paula-andrea-florez-azuero "HTTP/1.1 200 OK"
2026-08-12 21:19:12  HTTP Request: GET https://www.doctoralia.co/perfil/diana-milena-rodriguez-merchan "HTTP/1.1 200 OK"
2026-08-12 21:19:12  HTTP Request: GET https://www.doctoralia.co/perfil/jorge-sejnaui-sayher "HTTP/1.1 200 OK"
2026-08-12 21:19:12  HTTP Request: GET https://www.doctoralia.co/perfil/mercy-davila-rodriguez "HTTP/1.1 200 OK"
2026-08-12 21:19:13  HTTP Request: GET https://www.doctoralia.co/perfil/edison-jaramillo "HTTP/1.1 200 OK"
2026-08-12 21:19:13  HTTP Request: GET https://www.doctoralia.co/perfil/veronica-garcia-bedoya-2 "HTTP/1.1 200 OK"
2026-08-12 21:19:13  HTTP Request: GET https://www.doctoralia.co/perfil/catalina-cardenas-gomez "HTTP/1.1 200 OK"
2026-08-12 21:19:13  HTTP Request: GET https://www.doctoralia.co/perfil/leonardo-jose-gonzalez-garcia "HTTP/1.1 200 OK"
2026-08-12 21:19:13    737 perfiles  (255 con teléfono, 0 fallos)
2026-08-12 21:19:14  HTTP Request: GET https://www.doctoralia.co/perfil/piedad-cecilia-betancur-posada "HTTP/1.1 200 OK"
2026-08-12 21:19:14  HTTP Request: GET https://www.doctoralia.co/perfil/maria-del-rosario-ortiz-argel "HTTP/1.1 200 OK"
2026-08-12 21:19:14  HTTP Request: GET https://www.doctoralia.co/perfil/leonardo-munoz-torres "HTTP/1.1 200 OK"
2026-08-12 21:19:14  HTTP Request: GET https://www.doctoralia.co/perfil/viviana-guzman "HTTP/1.1 200 OK"
2026-08-12 21:19:14  HTTP Request: GET https://www.doctoralia.co/perfil/alexandra-ramos-di-muzio "HTTP/1.1 200 OK"
2026-08-12 21:19:15  HTTP Request: GET https://www.doctoralia.co/perfil/wilmar-saldarriaga-gil "HTTP/1.1 200 OK"
2026-08-12 21:19:15  HTTP Request: GET https://www.doctoralia.co/perfil/harold-fernando-maldonado-cardenas "HTTP/1.1 200 OK"
2026-08-12 21:19:15  HTTP Request: GET https://www.doctoralia.co/perfil/claudia-milena-lopez-lopez "HTTP/1.1 200 OK"
2026-08-12 21:19:15  HTTP Request: GET https://www.doctoralia.co/perfil/miguel-angel-montanez-aldana "HTTP/1.1 200 OK"
2026-08-12 21:19:16  HTTP Request: GET https://www.doctoralia.co/perfil/carlos-julian-hernandez "HTTP/1.1 200 OK"
2026-08-12 21:19:16  HTTP Request: GET https://www.doctoralia.co/perfil/maria-fernanda-figueredo-satizabal "HTTP/1.1 200 OK"
2026-08-12 21:19:16  HTTP Request: GET https://www.doctoralia.co/perfil/sergio-cuervo-vergara "HTTP/1.1 200 OK"
2026-08-12 21:19:16  HTTP Request: GET https://www.doctoralia.co/perfil/walter-enrique-pinzon "HTTP/1.1 200 OK"
2026-08-12 21:19:16  HTTP Request: GET https://www.doctoralia.co/perfil/andrea-alzate-berrio "HTTP/1.1 200 OK"
2026-08-12 21:19:17  HTTP Request: GET https://www.doctoralia.co/perfil/juan-carlos-fabregas-m "HTTP/1.1 200 OK"
2026-08-12 21:19:17  HTTP Request: GET https://www.doctoralia.co/perfil/ruby-otero-rosales "HTTP/1.1 200 OK"
2026-08-12 21:19:17  HTTP Request: GET https://www.doctoralia.co/perfil/arlex-echeverri-herrera-2 "HTTP/1.1 200 OK"
2026-08-12 21:19:17  HTTP Request: GET https://www.doctoralia.co/perfil/jorge-abelardo-escobar-bejarano "HTTP/1.1 200 OK"
2026-08-12 21:19:17  HTTP Request: GET https://www.doctoralia.co/perfil/natalia-isabel-maestre-romero "HTTP/1.1 200 OK"
2026-08-12 21:19:18  HTTP Request: GET https://www.doctoralia.co/perfil/juan-carlos-arias-arias "HTTP/1.1 200 OK"
2026-08-12 21:19:18  HTTP Request: GET https://www.doctoralia.co/perfil/clara-sofia-ramos-barreto "HTTP/1.1 200 OK"
2026-08-12 21:19:18  HTTP Request: GET https://www.doctoralia.co/perfil/natalia-alejandra-lopez-torres "HTTP/1.1 200 OK"
2026-08-12 21:19:18  HTTP Request: GET https://www.doctoralia.co/perfil/jaime-mendoza-varon "HTTP/1.1 200 OK"
2026-08-12 21:19:18  HTTP Request: GET https://www.doctoralia.co/perfil/jessica-isabel-pineda-barraza "HTTP/1.1 200 OK"
2026-08-12 21:19:18  HTTP Request: GET https://www.doctoralia.co/perfil/mauricio-arango-gonzalez "HTTP/1.1 200 OK"
2026-08-12 21:19:19    762 perfiles  (255 con teléfono, 0 fallos)
2026-08-12 21:19:19  HTTP Request: GET https://www.doctoralia.co/perfil/coralia-carrillo-alessandro "HTTP/1.1 200 OK"
2026-08-12 21:19:19  HTTP Request: GET https://www.doctoralia.co/perfil/luis-martin-uribe-damy "HTTP/1.1 200 OK"
2026-08-12 21:19:19  HTTP Request: GET https://www.doctoralia.co/perfil/fabian-dorado-roncancio "HTTP/1.1 200 OK"
2026-08-12 21:19:20  HTTP Request: GET https://www.doctoralia.co/perfil/sonia-salamanca-mora "HTTP/1.1 200 OK"
2026-08-12 21:19:20  HTTP Request: GET https://www.doctoralia.co/perfil/elkin-daniel-vergel-pacheco "HTTP/1.1 200 OK"
2026-08-12 21:19:20  HTTP Request: GET https://www.doctoralia.co/perfil/juan-carlos-rincon-garcia "HTTP/1.1 200 OK"
2026-08-12 21:19:20  HTTP Request: GET https://www.doctoralia.co/perfil/victor-hugo-quevedo-florez "HTTP/1.1 200 OK"
2026-08-12 21:19:21  HTTP Request: GET https://www.doctoralia.co/perfil/maritza-martinez-2 "HTTP/1.1 200 OK"
2026-08-12 21:19:21  HTTP Request: GET https://www.doctoralia.co/perfil/carlos-andres-ossa-gomez "HTTP/1.1 200 OK"
2026-08-12 21:19:21  HTTP Request: GET https://www.doctoralia.co/perfil/victor-hugo-obregon-contreras "HTTP/1.1 200 OK"
2026-08-12 21:19:21  HTTP Request: GET https://www.doctoralia.co/perfil/alberto-acuna-arico "HTTP/1.1 200 OK"
2026-08-12 21:19:22  HTTP Request: GET https://www.doctoralia.co/perfil/julian-yanez-hartman "HTTP/1.1 200 OK"
2026-08-12 21:19:22  HTTP Request: GET https://www.doctoralia.co/perfil/juan-david-castaneda-roldan "HTTP/1.1 200 OK"
2026-08-12 21:19:22  HTTP Request: GET https://www.doctoralia.co/perfil/marysol-garcia "HTTP/1.1 200 OK"
2026-08-12 21:19:22  HTTP Request: GET https://www.doctoralia.co/clinicas/consulmedic-s-a-s "HTTP/1.1 200 OK"
2026-08-12 21:19:22  HTTP Request: GET https://www.doctoralia.co/perfil/genesis-bracho "HTTP/1.1 200 OK"
2026-08-12 21:19:23  HTTP Request: GET https://www.doctoralia.co/perfil/luzdenis-ariza-de-la-hoz "HTTP/1.1 200 OK"
2026-08-12 21:19:23  HTTP Request: GET https://www.doctoralia.co/perfil/angelica-hernandez "HTTP/1.1 200 OK"
2026-08-12 21:19:23  HTTP Request: GET https://www.doctoralia.co/perfil/juan-felipe-herrera-quintana "HTTP/1.1 200 OK"
2026-08-12 21:19:23  HTTP Request: GET https://www.doctoralia.co/perfil/alejandra-tellez-2 "HTTP/1.1 200 OK"
2026-08-12 21:19:24  HTTP Request: GET https://www.doctoralia.co/perfil/nury-santiago-fonseca "HTTP/1.1 200 OK"
2026-08-12 21:19:24  HTTP Request: GET https://www.doctoralia.co/perfil/maria-alejandra-yepez-galindo "HTTP/1.1 200 OK"
2026-08-12 21:19:24  HTTP Request: GET https://www.doctoralia.co/perfil/walter-enrique-jimenez-vanegas "HTTP/1.1 200 OK"
2026-08-12 21:19:24  HTTP Request: GET https://www.doctoralia.co/perfil/ana-tatiana-palacios-torres "HTTP/1.1 200 OK"
2026-08-12 21:19:25    787 perfiles  (255 con teléfono, 0 fallos)
2026-08-12 21:19:25  HTTP Request: GET https://www.doctoralia.co/perfil/gilzan-javier-narvaez "HTTP/1.1 200 OK"
2026-08-12 21:19:25  HTTP Request: GET https://www.doctoralia.co/perfil/isaac-vargas-barrios "HTTP/1.1 200 OK"
2026-08-12 21:19:25  HTTP Request: GET https://www.doctoralia.co/perfil/camilo-alberto-garzon-sarmiento "HTTP/1.1 200 OK"
2026-08-12 21:19:25  HTTP Request: GET https://www.doctoralia.co/clinicas/clinica-san-fernando-s-a "HTTP/1.1 200 OK"
2026-08-12 21:19:26  HTTP Request: GET https://www.doctoralia.co/perfil/diana-patricia-saavedra-marin "HTTP/1.1 200 OK"
2026-08-12 21:19:26  HTTP Request: GET https://www.doctoralia.co/perfil/gloria-patricia-valencia-hurtado "HTTP/1.1 200 OK"
2026-08-12 21:19:26  HTTP Request: GET https://www.doctoralia.co/perfil/ricardo-antonio-torrents-gonzalez "HTTP/1.1 200 OK"
2026-08-12 21:19:27  HTTP Request: GET https://www.doctoralia.co/perfil/hernan-anibal-aramendiz-ghisays "HTTP/1.1 200 OK"
2026-08-12 21:19:27  HTTP Request: GET https://www.doctoralia.co/perfil/juan-guillermo-barrera-2 "HTTP/1.1 200 OK"
2026-08-12 21:19:27  HTTP Request: GET https://www.doctoralia.co/perfil/keyla-jaime "HTTP/1.1 200 OK"
2026-08-12 21:19:27  HTTP Request: GET https://www.doctoralia.co/perfil/vicente-de-jesus-coronado-negrete "HTTP/1.1 200 OK"
2026-08-12 21:19:27  HTTP Request: GET https://www.doctoralia.co/perfil/medardo-elias-cuello-gomez "HTTP/1.1 200 OK"
2026-08-12 21:19:28  HTTP Request: GET https://www.doctoralia.co/perfil/sandra-morera "HTTP/1.1 200 OK"
2026-08-12 21:19:28  HTTP Request: GET https://www.doctoralia.co/perfil/hernan-sarmiento "HTTP/1.1 200 OK"
2026-08-12 21:19:28  HTTP Request: GET https://www.doctoralia.co/perfil/johana-cuervo-cuervo-sampayo "HTTP/1.1 200 OK"
2026-08-12 21:19:28  HTTP Request: GET https://www.doctoralia.co/perfil/andres-cardona-2 "HTTP/1.1 200 OK"
2026-08-12 21:19:29  HTTP Request: GET https://www.doctoralia.co/perfil/catalina-cortes-supelano "HTTP/1.1 200 OK"
2026-08-12 21:19:29  HTTP Request: GET https://www.doctoralia.co/perfil/felix-andres-toro-moreno "HTTP/1.1 200 OK"
2026-08-12 21:19:29  HTTP Request: GET https://www.doctoralia.co/perfil/felipe-solano-montero-armicson "HTTP/1.1 200 OK"
2026-08-12 21:19:29  HTTP Request: GET https://www.doctoralia.co/perfil/mario-alfonso-rebolledo-ardila "HTTP/1.1 200 OK"
2026-08-12 21:19:29  HTTP Request: GET https://www.doctoralia.co/perfil/ana-maria-chaparro-camacho "HTTP/1.1 200 OK"
2026-08-12 21:19:29  HTTP Request: GET https://www.doctoralia.co/perfil/mauricio-gonzalez-castaneda "HTTP/1.1 200 OK"
2026-08-12 21:19:30  HTTP Request: GET https://www.doctoralia.co/perfil/camilo-hernandez-de-alba-de-francisco-2 "HTTP/1.1 200 OK"
2026-08-12 21:19:30  HTTP Request: GET https://www.doctoralia.co/perfil/ivonne-del-carmen-gnecco-solano "HTTP/1.1 200 OK"
2026-08-12 21:19:30    812 perfiles  (255 con teléfono, 0 fallos)
2026-08-12 21:19:30  HTTP Request: GET https://www.doctoralia.co/perfil/heillen-karina-garay-vasquez "HTTP/1.1 200 OK"
2026-08-12 21:19:30  HTTP Request: GET https://www.doctoralia.co/perfil/maria-claudia-burgos-banquez "HTTP/1.1 200 OK"
2026-08-12 21:19:30  HTTP Request: GET https://www.doctoralia.co/clinicas/fundacion-cardiovascular-de-colombia-fcv "HTTP/1.1 200 OK"
2026-08-12 21:19:31  HTTP Request: GET https://www.doctoralia.co/perfil/ricardo-rodriquez-brochero "HTTP/1.1 200 OK"
2026-08-12 21:19:31  HTTP Request: GET https://www.doctoralia.co/perfil/samuel-bautista "HTTP/1.1 200 OK"
2026-08-12 21:19:31  HTTP Request: GET https://www.doctoralia.co/perfil/jesus-danie-toro-bolanos "HTTP/1.1 200 OK"
2026-08-12 21:19:31  HTTP Request: GET https://www.doctoralia.co/perfil/adalberto-ruiz-acosta "HTTP/1.1 200 OK"
2026-08-12 21:19:31  HTTP Request: GET https://www.doctoralia.co/perfil/fabian-olivella-araujo-2 "HTTP/1.1 200 OK"
2026-08-12 21:19:32  HTTP Request: GET https://www.doctoralia.co/perfil/carolina-rendon-restrepo "HTTP/1.1 200 OK"
2026-08-12 21:19:32  HTTP Request: GET https://www.doctoralia.co/perfil/walter-annicchiarico-lopez "HTTP/1.1 200 OK"
2026-08-12 21:19:32  HTTP Request: GET https://www.doctoralia.co/perfil/mario-rodriguez "HTTP/1.1 200 OK"
2026-08-12 21:19:32  HTTP Request: GET https://www.doctoralia.co/perfil/elayne-vasquez-medrano "HTTP/1.1 200 OK"
2026-08-12 21:19:32  HTTP Request: GET https://www.doctoralia.co/perfil/alfonso-correa "HTTP/1.1 200 OK"
2026-08-12 21:19:33  HTTP Request: GET https://www.doctoralia.co/perfil/jesus-lamus-rodriguez "HTTP/1.1 200 OK"
2026-08-12 21:19:33  HTTP Request: GET https://www.doctoralia.co/perfil/laura-catalina-martinez "HTTP/1.1 200 OK"
2026-08-12 21:19:33  HTTP Request: GET https://www.doctoralia.co/perfil/carlina-andrea-cuellar-correa "HTTP/1.1 200 OK"
2026-08-12 21:19:33  HTTP Request: GET https://www.doctoralia.co/perfil/guillermo-restrepo-giraldo-2 "HTTP/1.1 200 OK"
2026-08-12 21:19:34  HTTP Request: GET https://www.doctoralia.co/perfil/harling-lopez-bolivar "HTTP/1.1 200 OK"
2026-08-12 21:19:34  HTTP Request: GET https://www.doctoralia.co/perfil/tatiana-pena-ramirez "HTTP/1.1 200 OK"
2026-08-12 21:19:34  HTTP Request: GET https://www.doctoralia.co/perfil/esther-toro "HTTP/1.1 200 OK"
2026-08-12 21:19:34  HTTP Request: GET https://www.doctoralia.co/perfil/ushie-odey "HTTP/1.1 200 OK"
2026-08-12 21:19:34  HTTP Request: GET https://www.doctoralia.co/perfil/ana-maria-del-carmen-barrios-barrios "HTTP/1.1 200 OK"
2026-08-12 21:19:34  HTTP Request: GET https://www.doctoralia.co/perfil/cindy-marcela-aristizabal "HTTP/1.1 200 OK"
2026-08-12 21:19:35  HTTP Request: GET https://www.doctoralia.co/perfil/santiago-reyes-reyes "HTTP/1.1 200 OK"
2026-08-12 21:19:35  HTTP Request: GET https://www.doctoralia.co/perfil/maria-alejandra-castellanos-montana "HTTP/1.1 200 OK"
2026-08-12 21:19:35  HTTP Request: GET https://www.doctoralia.co/perfil/ana-carolina-rojas-figueroa "HTTP/1.1 200 OK"
2026-08-12 21:19:35    837 perfiles  (255 con teléfono, 0 fallos)
2026-08-12 21:19:36  HTTP Request: GET https://www.doctoralia.co/perfil/laura-vanessa-barrios-luna "HTTP/1.1 200 OK"
2026-08-12 21:19:36  HTTP Request: GET https://www.doctoralia.co/perfil/nicolasa-perez "HTTP/1.1 200 OK"
2026-08-12 21:19:36  HTTP Request: GET https://www.doctoralia.co/perfil/iliana-josefina-salazar-de "HTTP/1.1 200 OK"
2026-08-12 21:19:36  HTTP Request: GET https://www.doctoralia.co/perfil/juliana-marin-rios "HTTP/1.1 200 OK"
2026-08-12 21:19:36  HTTP Request: GET https://www.doctoralia.co/perfil/david-fernando-acelas-granados "HTTP/1.1 200 OK"
2026-08-12 21:19:37  HTTP Request: GET https://www.doctoralia.co/perfil/durley-maya-salazar "HTTP/1.1 200 OK"
2026-08-12 21:19:37  HTTP Request: GET https://www.doctoralia.co/perfil/andrea-rozo "HTTP/1.1 200 OK"
2026-08-12 21:19:37  HTTP Request: GET https://www.doctoralia.co/perfil/julio-carvajal-cuenca "HTTP/1.1 200 OK"
2026-08-12 21:19:37  HTTP Request: GET https://www.doctoralia.co/perfil/paola-andrea-vera-osorio "HTTP/1.1 200 OK"
2026-08-12 21:19:37  HTTP Request: GET https://www.doctoralia.co/perfil/benjamin-augusto-arbelaez-rojas-2 "HTTP/1.1 200 OK"
2026-08-12 21:19:38  HTTP Request: GET https://www.doctoralia.co/perfil/angela-maria-gomez "HTTP/1.1 200 OK"
2026-08-12 21:19:38  HTTP Request: GET https://www.doctoralia.co/perfil/franco-rafael-ruiz-echeverria-2 "HTTP/1.1 200 OK"
2026-08-12 21:19:38  HTTP Request: GET https://www.doctoralia.co/perfil/luis-alberto-carreno-cepeda-2 "HTTP/1.1 200 OK"
2026-08-12 21:19:38  HTTP Request: GET https://www.doctoralia.co/perfil/ana-dolores-perez-donado-3 "HTTP/1.1 200 OK"
2026-08-12 21:19:38  HTTP Request: GET https://www.doctoralia.co/perfil/melissa-bonfante-tamara "HTTP/1.1 200 OK"
2026-08-12 21:19:39  HTTP Request: GET https://www.doctoralia.co/perfil/imac-de-maria-guerrero-rodriguez-3 "HTTP/1.1 200 OK"
2026-08-12 21:19:39  HTTP Request: GET https://www.doctoralia.co/perfil/carolina-jacome-aristizabal "HTTP/1.1 200 OK"
2026-08-12 21:19:39  HTTP Request: GET https://www.doctoralia.co/perfil/catalina-arias-zapata-2 "HTTP/1.1 200 OK"
2026-08-12 21:19:39  HTTP Request: GET https://www.doctoralia.co/perfil/yandry-milena-cafiel-diaz "HTTP/1.1 200 OK"
2026-08-12 21:19:40  HTTP Request: GET https://www.doctoralia.co/perfil/rene-jose-tette-farias-2 "HTTP/1.1 200 OK"
2026-08-12 21:19:40  HTTP Request: GET https://www.doctoralia.co/perfil/luz-elena-mesa-restrepo "HTTP/1.1 200 OK"
2026-08-12 21:19:40  HTTP Request: GET https://www.doctoralia.co/perfil/farid-jose-sesin-tanus "HTTP/1.1 200 OK"
2026-08-12 21:19:41  HTTP Request: GET https://www.doctoralia.co/perfil/diana-isabel-vega-forero "HTTP/1.1 200 OK"
2026-08-12 21:19:41  HTTP Request: GET https://www.doctoralia.co/perfil/edwin-alberto-hoyos-usta "HTTP/1.1 200 OK"
2026-08-12 21:19:41  HTTP Request: GET https://www.doctoralia.co/perfil/carlos-bustamante-zuluaga "HTTP/1.1 200 OK"
2026-08-12 21:19:41    862 perfiles  (255 con teléfono, 0 fallos)
2026-08-12 21:19:41  HTTP Request: GET https://www.doctoralia.co/perfil/german-baron-castaneda "HTTP/1.1 200 OK"
2026-08-12 21:19:42  HTTP Request: GET https://www.doctoralia.co/perfil/juan-carlos-mendoza-avila "HTTP/1.1 200 OK"
2026-08-12 21:19:42  HTTP Request: GET https://www.doctoralia.co/perfil/patricia-gomez "HTTP/1.1 200 OK"
2026-08-12 21:19:42  HTTP Request: GET https://www.doctoralia.co/perfil/guillermo-ignacio-acosta-osio "HTTP/1.1 200 OK"
2026-08-12 21:19:42  HTTP Request: GET https://www.doctoralia.co/perfil/hernan-ospino-morelos "HTTP/1.1 200 OK"
2026-08-12 21:19:42  HTTP Request: GET https://www.doctoralia.co/perfil/gustavo-adolfo-restrepo-cano "HTTP/1.1 200 OK"
2026-08-12 21:19:42  HTTP Request: GET https://www.doctoralia.co/perfil/lilian-rubiano-pavia "HTTP/1.1 200 OK"
2026-08-12 21:19:43  HTTP Request: GET https://www.doctoralia.co/perfil/elena-cristina-barbosa-mendez "HTTP/1.1 200 OK"
2026-08-12 21:19:43  HTTP Request: GET https://www.doctoralia.co/perfil/sandra-zamora-sandoval "HTTP/1.1 200 OK"
2026-08-12 21:19:43  HTTP Request: GET https://www.doctoralia.co/clinicas/ecografias-3d-4d-armenia "HTTP/1.1 200 OK"
2026-08-12 21:19:43  HTTP Request: GET https://www.doctoralia.co/clinicas/orientame "HTTP/1.1 200 OK"
2026-08-12 21:19:44  HTTP Request: GET https://www.doctoralia.co/clinicas/intime-institute "HTTP/1.1 200 OK"
2026-08-12 21:19:44  HTTP Request: GET https://www.doctoralia.co/clinicas/clinica-especializada-previred "HTTP/1.1 200 OK"
2026-08-12 21:19:44  HTTP Request: GET https://www.doctoralia.co/clinicas/fundacion-unimedicos "HTTP/1.1 200 OK"
2026-08-12 21:19:44  HTTP Request: GET https://www.doctoralia.co/perfil/julio-cantillo-cabarcas "HTTP/1.1 200 OK"
2026-08-12 21:19:45  HTTP Request: GET https://www.doctoralia.co/perfil/ricardo-alessandro-cuccaro-angarita "HTTP/1.1 200 OK"
2026-08-12 21:19:45  HTTP Request: GET https://www.doctoralia.co/perfil/eduardo-acosta-cajiao "HTTP/1.1 200 OK"
2026-08-12 21:19:45  HTTP Request: GET https://www.doctoralia.co/perfil/monica-maria-sierra-restrepo "HTTP/1.1 200 OK"
2026-08-12 21:19:45  HTTP Request: GET https://www.doctoralia.co/perfil/luis-orlando-puentes-puentes "HTTP/1.1 200 OK"
2026-08-12 21:19:46  HTTP Request: GET https://www.doctoralia.co/perfil/roberto-ortegon-paez "HTTP/1.1 200 OK"
2026-08-12 21:19:46  HTTP Request: GET https://www.doctoralia.co/perfil/alvaro-caicedo-hernandez "HTTP/1.1 200 OK"
2026-08-12 21:19:46  HTTP Request: GET https://www.doctoralia.co/perfil/beatriz-eugenia-arias-velez "HTTP/1.1 200 OK"
2026-08-12 21:19:46  HTTP Request: GET https://www.doctoralia.co/perfil/augusto-gomez-castro-libardo "HTTP/1.1 200 OK"
2026-08-12 21:19:46  HTTP Request: GET https://www.doctoralia.co/perfil/orlando-bustillo-jr "HTTP/1.1 200 OK"
2026-08-12 21:19:47    887 perfiles  (255 con teléfono, 0 fallos)
2026-08-12 21:19:47  HTTP Request: GET https://www.doctoralia.co/perfil/johnjairo-castro-jaramillo "HTTP/1.1 200 OK"
2026-08-12 21:19:47  HTTP Request: GET https://www.doctoralia.co/perfil/javier-fonseca "HTTP/1.1 200 OK"
2026-08-12 21:19:47  HTTP Request: GET https://www.doctoralia.co/perfil/rodrigo-cifuentes "HTTP/1.1 200 OK"
2026-08-12 21:19:47  HTTP Request: GET https://www.doctoralia.co/perfil/lina-maria-torres-vasquez "HTTP/1.1 200 OK"
2026-08-12 21:19:48  HTTP Request: GET https://www.doctoralia.co/perfil/jose-bernardo-sanchez-reina "HTTP/1.1 200 OK"
2026-08-12 21:19:48  HTTP Request: GET https://www.doctoralia.co/perfil/ivan-enrique-gomez-velasquez "HTTP/1.1 200 OK"
2026-08-12 21:19:48  HTTP Request: GET https://www.doctoralia.co/perfil/elias-anibal-de-jesus-rave-samra "HTTP/1.1 200 OK"
2026-08-12 21:19:48  HTTP Request: GET https://www.doctoralia.co/perfil/gustavo-alberto-luna-gomez "HTTP/1.1 200 OK"
2026-08-12 21:19:48  HTTP Request: GET https://www.doctoralia.co/perfil/luis-enrique-torres-mazuera-2 "HTTP/1.1 200 OK"
2026-08-12 21:19:49  HTTP Request: GET https://www.doctoralia.co/perfil/jesus-david-garrido-gutierrez "HTTP/1.1 200 OK"
2026-08-12 21:19:49  HTTP Request: GET https://www.doctoralia.co/perfil/linda-mlayes-burchardt "HTTP/1.1 200 OK"
2026-08-12 21:19:50  HTTP Request: GET https://www.doctoralia.co/perfil/lina-marcela-navarro-moreno "HTTP/1.1 200 OK"
2026-08-12 21:19:50  HTTP Request: GET https://www.doctoralia.co/perfil/diana-del-pilar-valderrama-vega-2 "HTTP/1.1 200 OK"
2026-08-12 21:19:50  HTTP Request: GET https://www.doctoralia.co/perfil/jhonny-alfredo-zuniga-valderrama-2 "HTTP/1.1 200 OK"
2026-08-12 21:19:50  HTTP Request: GET https://www.doctoralia.co/perfil/edmundo-ricardo-quinones "HTTP/1.1 200 OK"
2026-08-12 21:19:51  HTTP Request: GET https://www.doctoralia.co/perfil/mario-jesus-ordonez-vasquez "HTTP/1.1 200 OK"
2026-08-12 21:19:51  HTTP Request: GET https://www.doctoralia.co/perfil/diana-marcela-villalobos-rodriguez "HTTP/1.1 200 OK"
2026-08-12 21:19:51  HTTP Request: GET https://www.doctoralia.co/perfil/jenny-juliana-urrego-estupinan "HTTP/1.1 200 OK"
2026-08-12 21:19:51  HTTP Request: GET https://www.doctoralia.co/perfil/laura-becerra-ruiz "HTTP/1.1 200 OK"
2026-08-12 21:19:51  HTTP Request: GET https://www.doctoralia.co/perfil/carlos-fabio-sanchez-escobar "HTTP/1.1 200 OK"
2026-08-12 21:19:52  HTTP Request: GET https://www.doctoralia.co/perfil/miguel-angel-perdomo-ramirez "HTTP/1.1 200 OK"
2026-08-12 21:19:52  HTTP Request: GET https://www.doctoralia.co/perfil/marlon-del-toro "HTTP/1.1 200 OK"
2026-08-12 21:19:52  HTTP Request: GET https://www.doctoralia.co/perfil/martha-ximena-galeano-ramirez "HTTP/1.1 200 OK"
2026-08-12 21:19:52  HTTP Request: GET https://www.doctoralia.co/perfil/blas-garcia-manjarres-2 "HTTP/1.1 200 OK"
2026-08-12 21:19:52  HTTP Request: GET https://www.doctoralia.co/perfil/carolina-pinzon-plata "HTTP/1.1 200 OK"
2026-08-12 21:19:53    912 perfiles  (255 con teléfono, 0 fallos)
2026-08-12 21:19:53  HTTP Request: GET https://www.doctoralia.co/perfil/maria-socorro "HTTP/1.1 200 OK"
2026-08-12 21:19:53  HTTP Request: GET https://www.doctoralia.co/perfil/yaritza-mejia "HTTP/1.1 200 OK"
2026-08-12 21:19:53  HTTP Request: GET https://www.doctoralia.co/perfil/gustavo-salazar-alvarado "HTTP/1.1 200 OK"
2026-08-12 21:19:53  HTTP Request: GET https://www.doctoralia.co/perfil/luis-hernando-forero-velasquez "HTTP/1.1 200 OK"
2026-08-12 21:19:53  HTTP Request: GET https://www.doctoralia.co/perfil/ana-isabel-bravo-carvajal-2 "HTTP/1.1 200 OK"
2026-08-12 21:19:54  HTTP Request: GET https://www.doctoralia.co/perfil/marcela-lozano-falla "HTTP/1.1 200 OK"
2026-08-12 21:19:54  HTTP Request: GET https://www.doctoralia.co/perfil/jose-angel-pineros-daza "HTTP/1.1 200 OK"
2026-08-12 21:19:55  HTTP Request: GET https://www.doctoralia.co/perfil/claudia-cecilia-de-cruz-castro "HTTP/1.1 200 OK"
2026-08-12 21:19:55  HTTP Request: GET https://www.doctoralia.co/perfil/julia-elena-martinez-gayon "HTTP/1.1 200 OK"
2026-08-12 21:19:55  HTTP Request: GET https://www.doctoralia.co/perfil/jose-manuel-sierra-moreno-2 "HTTP/1.1 200 OK"
2026-08-12 21:19:56  HTTP Request: GET https://www.doctoralia.co/perfil/victor-antonio-lamprea-cedano "HTTP/1.1 200 OK"
2026-08-12 21:19:56  HTTP Request: GET https://www.doctoralia.co/perfil/john-fredy-rojas-rincon "HTTP/1.1 200 OK"
2026-08-12 21:19:56  HTTP Request: GET https://www.doctoralia.co/perfil/manuel-vinueza-carvajal-galo "HTTP/1.1 200 OK"
2026-08-12 21:19:56  HTTP Request: GET https://www.doctoralia.co/perfil/sheida-yarima-bayona-avello "HTTP/1.1 200 OK"
2026-08-12 21:19:56  HTTP Request: GET https://www.doctoralia.co/perfil/oscar-alfredo-medina-tirado "HTTP/1.1 200 OK"
2026-08-12 21:19:56  HTTP Request: GET https://www.doctoralia.co/perfil/fabio-augusto-zarama-marquez "HTTP/1.1 200 OK"
2026-08-12 21:19:57  HTTP Request: GET https://www.doctoralia.co/perfil/mireya-mahecha-mahecha "HTTP/1.1 200 OK"
2026-08-12 21:19:57  HTTP Request: GET https://www.doctoralia.co/perfil/alejandro-sabogal "HTTP/1.1 200 OK"
2026-08-12 21:19:57  HTTP Request: GET https://www.doctoralia.co/clinicas/biofitness-medical-center "HTTP/1.1 200 OK"
2026-08-12 21:19:57  HTTP Request: GET https://www.doctoralia.co/perfil/jarma-rizzo-alvaro-javier "HTTP/1.1 200 OK"
2026-08-12 21:19:58  HTTP Request: GET https://www.doctoralia.co/perfil/gustavo-enrique-rey-serrano "HTTP/1.1 200 OK"
2026-08-12 21:19:58  HTTP Request: GET https://www.doctoralia.co/perfil/claudia-patricia-aragon "HTTP/1.1 200 OK"
2026-08-12 21:19:58  HTTP Request: GET https://www.doctoralia.co/perfil/david-alberto-lopez-pabon "HTTP/1.1 200 OK"
2026-08-12 21:19:58  HTTP Request: GET https://www.doctoralia.co/perfil/gustavo-gomez-rubiano "HTTP/1.1 200 OK"
2026-08-12 21:19:58  HTTP Request: GET https://www.doctoralia.co/perfil/libia-helena-marquez-vanegas "HTTP/1.1 200 OK"
2026-08-12 21:19:59    937 perfiles  (255 con teléfono, 0 fallos)
2026-08-12 21:19:59  HTTP Request: GET https://www.doctoralia.co/perfil/raquel-fernandez-amador "HTTP/1.1 200 OK"
2026-08-12 21:19:59  HTTP Request: GET https://www.doctoralia.co/perfil/ximena-mosquera-tapia "HTTP/1.1 200 OK"
2026-08-12 21:19:59  HTTP Request: GET https://www.doctoralia.co/perfil/carlos-humberto-quintero "HTTP/1.1 200 OK"
2026-08-12 21:19:59  HTTP Request: GET https://www.doctoralia.co/perfil/mauricio-herrera "HTTP/1.1 200 OK"
2026-08-12 21:19:59  HTTP Request: GET https://www.doctoralia.co/perfil/astrid-carolina-lopez-gomez-2 "HTTP/1.1 200 OK"
2026-08-12 21:20:00  HTTP Request: GET https://www.doctoralia.co/perfil/luis-emilio-escalante-luzardo "HTTP/1.1 200 OK"
2026-08-12 21:20:00  HTTP Request: GET https://www.doctoralia.co/perfil/angel-maria-patricia-hormaza "HTTP/1.1 200 OK"
2026-08-12 21:20:00  HTTP Request: GET https://www.doctoralia.co/perfil/angel-maria-polania-puentes "HTTP/1.1 200 OK"
2026-08-12 21:20:00  HTTP Request: GET https://www.doctoralia.co/perfil/eduardo-santiago-torres-ramos "HTTP/1.1 200 OK"
2026-08-12 21:20:00  HTTP Request: GET https://www.doctoralia.co/perfil/medardo-mariano-moreno-diaz "HTTP/1.1 200 OK"
2026-08-12 21:20:01  HTTP Request: GET https://www.doctoralia.co/perfil/susy-manotas-char "HTTP/1.1 200 OK"
2026-08-12 21:20:01  HTTP Request: GET https://www.doctoralia.co/perfil/maria-alexandra-madariaga-la-roche "HTTP/1.1 200 OK"
2026-08-12 21:20:01  HTTP Request: GET https://www.doctoralia.co/perfil/jairo-enrique-aparicio-reales "HTTP/1.1 200 OK"
2026-08-12 21:20:01  HTTP Request: GET https://www.doctoralia.co/perfil/bibiana-beatriz-tcherassi-mercado "HTTP/1.1 200 OK"
2026-08-12 21:20:01  HTTP Request: GET https://www.doctoralia.co/perfil/juanita-reyes-rojas "HTTP/1.1 200 OK"
2026-08-12 21:20:02  HTTP Request: GET https://www.doctoralia.co/perfil/janeth-cristina-pulido-gacharna "HTTP/1.1 200 OK"
2026-08-12 21:20:02  HTTP Request: GET https://www.doctoralia.co/perfil/piedad-cecilia-gomez-marin "HTTP/1.1 200 OK"
2026-08-12 21:20:03  HTTP Request: GET https://www.doctoralia.co/perfil/monica-del-rosario-guerrero-roman "HTTP/1.1 200 OK"
2026-08-12 21:20:03  HTTP Request: GET https://www.doctoralia.co/perfil/oscar-alfredo-mejia-alvarez "HTTP/1.1 200 OK"
2026-08-12 21:20:03  HTTP Request: GET https://www.doctoralia.co/perfil/jaime-alberto-davila-mendoza "HTTP/1.1 200 OK"
2026-08-12 21:20:03  HTTP Request: GET https://www.doctoralia.co/perfil/jose-fernando-de-los-rios-posada "HTTP/1.1 200 OK"
2026-08-12 21:20:04  HTTP Request: GET https://www.doctoralia.co/perfil/alberto-martelo-camacho "HTTP/1.1 200 OK"
2026-08-12 21:20:04  HTTP Request: GET https://www.doctoralia.co/perfil/tatiana-ceron-charry "HTTP/1.1 200 OK"
2026-08-12 21:20:04  HTTP Request: GET https://www.doctoralia.co/perfil/eduardo-rodrigo-henao-florez "HTTP/1.1 200 OK"
2026-08-12 21:20:04  HTTP Request: GET https://www.doctoralia.co/perfil/andres-antonio-lopez-marrugo "HTTP/1.1 200 OK"
2026-08-12 21:20:05  HTTP Request: GET https://www.doctoralia.co/perfil/gilberto-martinez-morales "HTTP/1.1 200 OK"
2026-08-12 21:20:05    962 perfiles  (255 con teléfono, 0 fallos)
2026-08-12 21:20:05  HTTP Request: GET https://www.doctoralia.co/perfil/diana-caceres-ferro "HTTP/1.1 200 OK"
2026-08-12 21:20:05  HTTP Request: GET https://www.doctoralia.co/perfil/jose-saulo-torres-reyes "HTTP/1.1 200 OK"
2026-08-12 21:20:06  HTTP Request: GET https://www.doctoralia.co/perfil/jesus-alberto-trillos-navas "HTTP/1.1 200 OK"
2026-08-12 21:20:06  HTTP Request: GET https://www.doctoralia.co/perfil/angelica-maria-duque-leal "HTTP/1.1 200 OK"
2026-08-12 21:20:06  HTTP Request: GET https://www.doctoralia.co/perfil/ana-auria-guzman-santana "HTTP/1.1 200 OK"
2026-08-12 21:20:06  HTTP Request: GET https://www.doctoralia.co/perfil/bernard-gartner-vantman "HTTP/1.1 200 OK"
2026-08-12 21:20:07  HTTP Request: GET https://www.doctoralia.co/perfil/roger-capmartin-salinas "HTTP/1.1 200 OK"
2026-08-12 21:20:07  HTTP Request: GET https://www.doctoralia.co/perfil/jorge-de-avila-diaz "HTTP/1.1 200 OK"
2026-08-12 21:20:07  HTTP Request: GET https://www.doctoralia.co/perfil/marcela-tirado-hernandez "HTTP/1.1 200 OK"
2026-08-12 21:20:07  HTTP Request: GET https://www.doctoralia.co/perfil/tatiana-marcela-lopez-castro "HTTP/1.1 200 OK"
2026-08-12 21:20:07  HTTP Request: GET https://www.doctoralia.co/perfil/liliana-paba-gazcon "HTTP/1.1 200 OK"
2026-08-12 21:20:08  HTTP Request: GET https://www.doctoralia.co/perfil/angel-david-miranda-cruz "HTTP/1.1 200 OK"
2026-08-12 21:20:08  HTTP Request: GET https://www.doctoralia.co/perfil/freddy-elberto-ortega-ribero "HTTP/1.1 200 OK"
2026-08-12 21:20:08  HTTP Request: GET https://www.doctoralia.co/perfil/jaime-roa-valenzuela "HTTP/1.1 200 OK"
2026-08-12 21:20:09  HTTP Request: GET https://www.doctoralia.co/perfil/einar-dario-peralta-robles "HTTP/1.1 200 OK"
2026-08-12 21:20:09  HTTP Request: GET https://www.doctoralia.co/perfil/yadira-porras-rodriguez "HTTP/1.1 200 OK"
2026-08-12 21:20:09  HTTP Request: GET https://www.doctoralia.co/perfil/emiliano-mauricio-herrera-mendez "HTTP/1.1 200 OK"
2026-08-12 21:20:09  HTTP Request: GET https://www.doctoralia.co/perfil/luz-nathalia-amaya-redondo "HTTP/1.1 200 OK"
2026-08-12 21:20:09  HTTP Request: GET https://www.doctoralia.co/perfil/danilo-alfonso-ortega-quintero "HTTP/1.1 200 OK"
2026-08-12 21:20:10  HTTP Request: GET https://www.doctoralia.co/perfil/angela-canaveral "HTTP/1.1 200 OK"
2026-08-12 21:20:10  HTTP Request: GET https://www.doctoralia.co/perfil/edgar-mariano-acu "HTTP/1.1 200 OK"
2026-08-12 21:20:10  HTTP Request: GET https://www.doctoralia.co/perfil/juan-pablo-rodriguez-lizarralde "HTTP/1.1 200 OK"
2026-08-12 21:20:10  HTTP Request: GET https://www.doctoralia.co/perfil/camilo-ignacio-prado-barragan-3 "HTTP/1.1 200 OK"
2026-08-12 21:20:11  HTTP Request: GET https://www.doctoralia.co/perfil/merly-rosa-munoz-espinosa-2 "HTTP/1.1 200 OK"
2026-08-12 21:20:11    987 perfiles  (255 con teléfono, 0 fallos)
2026-08-12 21:20:11  HTTP Request: GET https://www.doctoralia.co/perfil/julio-garcia-marichal "HTTP/1.1 200 OK"
2026-08-12 21:20:11  HTTP Request: GET https://www.doctoralia.co/perfil/eduardo-alberto-daza-ariza "HTTP/1.1 200 OK"
2026-08-12 21:20:11  HTTP Request: GET https://www.doctoralia.co/perfil/luis-fernando-tobon-trujillo "HTTP/1.1 200 OK"
2026-08-12 21:20:12  HTTP Request: GET https://www.doctoralia.co/perfil/carlos-mario-jaramillo-arbelaez-2 "HTTP/1.1 200 OK"
2026-08-12 21:20:12  HTTP Request: GET https://www.doctoralia.co/perfil/ximena-briceno-morales "HTTP/1.1 200 OK"
2026-08-12 21:20:12  HTTP Request: GET https://www.doctoralia.co/perfil/carlos-mario-velez-bernal "HTTP/1.1 200 OK"
2026-08-12 21:20:12  HTTP Request: GET https://www.doctoralia.co/perfil/xiomara-maria-romero-pelaez "HTTP/1.1 200 OK"
2026-08-12 21:20:12  HTTP Request: GET https://www.doctoralia.co/perfil/joaquin-guillermo-gomez-davila "HTTP/1.1 200 OK"
2026-08-12 21:20:13  HTTP Request: GET https://www.doctoralia.co/perfil/leidy-alexandra-guzman-polania "HTTP/1.1 200 OK"
2026-08-12 21:20:13  HTTP Request: GET https://www.doctoralia.co/perfil/laura-teresa-martinez-lesmes "HTTP/1.1 200 OK"
2026-08-12 21:20:13  HTTP Request: GET https://www.doctoralia.co/perfil/gina-andrea-posada-vasquez "HTTP/1.1 200 OK"
2026-08-12 21:20:13  HTTP Request: GET https://www.doctoralia.co/perfil/juan-de-jesus-pachon-rincon "HTTP/1.1 200 OK"
2026-08-12 21:20:13  HTTP Request: GET https://www.doctoralia.co/perfil/eduardo-jose-ricardo-acuna-marino "HTTP/1.1 200 OK"
2026-08-12 21:20:14  HTTP Request: GET https://www.doctoralia.co/perfil/laura-martinez-de-kattah "HTTP/1.1 200 OK"
2026-08-12 21:20:14  HTTP Request: GET https://www.doctoralia.co/perfil/alejandro-moreno-ramirez "HTTP/1.1 200 OK"
2026-08-12 21:20:14  HTTP Request: GET https://www.doctoralia.co/perfil/zoila-carolina-osorio-orozco "HTTP/1.1 200 OK"
2026-08-12 21:20:14  HTTP Request: GET https://www.doctoralia.co/perfil/thays-rosangela-lopez-carrillo "HTTP/1.1 200 OK"
2026-08-12 21:20:15  HTTP Request: GET https://www.doctoralia.co/perfil/patricia-rueda-bilbao "HTTP/1.1 200 OK"
2026-08-12 21:20:15  HTTP Request: GET https://www.doctoralia.co/perfil/gustavo-a-luna-g "HTTP/1.1 200 OK"
2026-08-12 21:20:15  HTTP Request: GET https://www.doctoralia.co/perfil/paula-alejandra-rodriguez-gonzalez "HTTP/1.1 200 OK"
2026-08-12 21:20:15  HTTP Request: GET https://www.doctoralia.co/perfil/monica-teresa-ruiz-hoyos "HTTP/1.1 200 OK"
2026-08-12 21:20:15  HTTP Request: GET https://www.doctoralia.co/perfil/mauricio-torres-valdivieso "HTTP/1.1 200 OK"
2026-08-12 21:20:16  HTTP Request: GET https://www.doctoralia.co/perfil/maria-margarita-mazza-rapagna "HTTP/1.1 200 OK"
2026-08-12 21:20:16  HTTP Request: GET https://www.doctoralia.co/perfil/maribel-martinez-diaz "HTTP/1.1 200 OK"
2026-08-12 21:20:16  HTTP Request: GET https://www.doctoralia.co/perfil/leonardo-gonzalez-lozada "HTTP/1.1 200 OK"
2026-08-12 21:20:16  HTTP Request: GET https://www.doctoralia.co/perfil/ruben-dario-londono-garzon "HTTP/1.1 200 OK"
2026-08-12 21:20:16  HTTP Request: GET https://www.doctoralia.co/perfil/juan-javier-vargas-polania "HTTP/1.1 200 OK"
2026-08-12 21:20:17    1012 perfiles  (255 con teléfono, 0 fallos)
2026-08-12 21:20:17  HTTP Request: GET https://www.doctoralia.co/perfil/luz-maritza-barrero-rico "HTTP/1.1 200 OK"
2026-08-12 21:20:17  HTTP Request: GET https://www.doctoralia.co/perfil/jaime-rafael-larach-del-castillo "HTTP/1.1 200 OK"
2026-08-12 21:20:17  HTTP Request: GET https://www.doctoralia.co/perfil/juan-vicente-marino-hernandez "HTTP/1.1 200 OK"
2026-08-12 21:20:17  HTTP Request: GET https://www.doctoralia.co/perfil/herson-luis-leon-gonzalez "HTTP/1.1 200 OK"
2026-08-12 21:20:17  HTTP Request: GET https://www.doctoralia.co/perfil/edgar-yesid-parra-posada "HTTP/1.1 200 OK"
2026-08-12 21:20:18  HTTP Request: GET https://www.doctoralia.co/perfil/daniel-hernando-beltran-veron "HTTP/1.1 200 OK"
2026-08-12 21:20:18  HTTP Request: GET https://www.doctoralia.co/perfil/ricardo-valencia-perez "HTTP/1.1 200 OK"
2026-08-12 21:20:18  HTTP Request: GET https://www.doctoralia.co/perfil/carmen-sofia-padilla-buzon "HTTP/1.1 200 OK"
2026-08-12 21:20:18  HTTP Request: GET https://www.doctoralia.co/perfil/eliana-patricia-cardona-sanchez "HTTP/1.1 200 OK"
2026-08-12 21:20:19  HTTP Request: GET https://www.doctoralia.co/perfil/nicolas-franco-baena "HTTP/1.1 200 OK"
2026-08-12 21:20:19  HTTP Request: GET https://www.doctoralia.co/perfil/pedro-alandette-herrera "HTTP/1.1 200 OK"
2026-08-12 21:20:19  HTTP Request: GET https://www.doctoralia.co/perfil/carlos-alberto-vallejo-bertel "HTTP/1.1 200 OK"
2026-08-12 21:20:19  HTTP Request: GET https://www.doctoralia.co/perfil/carmen-lorena-castrellon-lopez "HTTP/1.1 200 OK"
2026-08-12 21:20:19  HTTP Request: GET https://www.doctoralia.co/perfil/erika-molina-duque "HTTP/1.1 200 OK"
2026-08-12 21:20:20  HTTP Request: GET https://www.doctoralia.co/perfil/carol-gomez-herrera "HTTP/1.1 200 OK"
2026-08-12 21:20:20  HTTP Request: GET https://www.doctoralia.co/perfil/gomez-velez-maria-mercedes "HTTP/1.1 200 OK"
2026-08-12 21:20:21  HTTP Request: GET https://www.doctoralia.co/perfil/jhon-jairo-hernandez-gonzalez "HTTP/1.1 200 OK"
2026-08-12 21:20:21  HTTP Request: GET https://www.doctoralia.co/perfil/martha-rita-de-la-hoz-de-castro-2 "HTTP/1.1 200 OK"
2026-08-12 21:20:21  HTTP Request: GET https://www.doctoralia.co/perfil/lida-uribe-berrio "HTTP/1.1 200 OK"
2026-08-12 21:20:21  HTTP Request: GET https://www.doctoralia.co/perfil/paola-andrea-lopez-agudelo "HTTP/1.1 200 OK"
2026-08-12 21:20:22  HTTP Request: GET https://www.doctoralia.co/perfil/hernando-jose-franco-novella "HTTP/1.1 200 OK"
2026-08-12 21:20:22  HTTP Request: GET https://www.doctoralia.co/perfil/henry-rodriguez-hernandez "HTTP/1.1 200 OK"
2026-08-12 21:20:22  HTTP Request: GET https://www.doctoralia.co/perfil/martha-yelena-echeverry-becerra-2 "HTTP/1.1 200 OK"
2026-08-12 21:20:22  HTTP Request: GET https://www.doctoralia.co/perfil/guido-parra-anaya "HTTP/1.1 200 OK"
2026-08-12 21:20:22  HTTP Request: GET https://www.doctoralia.co/perfil/hernan-diaz-charris "HTTP/1.1 200 OK"
2026-08-12 21:20:22    1037 perfiles  (255 con teléfono, 0 fallos)
2026-08-12 21:20:23  HTTP Request: GET https://www.doctoralia.co/perfil/guillermo-edgar-agudelo-yepes "HTTP/1.1 200 OK"
2026-08-12 21:20:23  HTTP Request: GET https://www.doctoralia.co/perfil/francisco-jose-sales-puccini "HTTP/1.1 200 OK"
2026-08-12 21:20:23  HTTP Request: GET https://www.doctoralia.co/perfil/diana-maria-montoya-velasquez "HTTP/1.1 200 OK"
2026-08-12 21:20:23  HTTP Request: GET https://www.doctoralia.co/perfil/rocio-guarin-serrano "HTTP/1.1 200 OK"
2026-08-12 21:20:23  HTTP Request: GET https://www.doctoralia.co/perfil/catalina-andrea-arroyave-osorio "HTTP/1.1 200 OK"
2026-08-12 21:20:24  HTTP Request: GET https://www.doctoralia.co/perfil/carlos-andres-fandino-rodriguez "HTTP/1.1 200 OK"
2026-08-12 21:20:24  HTTP Request: GET https://www.doctoralia.co/perfil/andrea-yohanna-marin-barrera "HTTP/1.1 200 OK"
2026-08-12 21:20:24  HTTP Request: GET https://www.doctoralia.co/perfil/alexandra-rodriguez-martinez "HTTP/1.1 200 OK"
2026-08-12 21:20:24  HTTP Request: GET https://www.doctoralia.co/perfil/ana-maria-fidalgo-zapata "HTTP/1.1 200 OK"
2026-08-12 21:20:25  HTTP Request: GET https://www.doctoralia.co/perfil/cesar-bernardo-ospina-arcila-2 "HTTP/1.1 200 OK"
2026-08-12 21:20:25  HTTP Request: GET https://www.doctoralia.co/perfil/carlos-javier-pilonieta-pinilla "HTTP/1.1 200 OK"
2026-08-12 21:20:25  HTTP Request: GET https://www.doctoralia.co/perfil/aurora-cristina-gutierrez-torres "HTTP/1.1 200 OK"
2026-08-12 21:20:25  HTTP Request: GET https://www.doctoralia.co/perfil/orlando-william-bulnes-belette "HTTP/1.1 200 OK"
2026-08-12 21:20:25  HTTP Request: GET https://www.doctoralia.co/perfil/andrea-mejia-rios "HTTP/1.1 200 OK"
2026-08-12 21:20:26  HTTP Request: GET https://www.doctoralia.co/perfil/hermides-jose-fernandez-fernandez "HTTP/1.1 200 OK"
2026-08-12 21:20:26  HTTP Request: GET https://www.doctoralia.co/perfil/jackeline-garrido-mejia "HTTP/1.1 200 OK"
2026-08-12 21:20:26  HTTP Request: GET https://www.doctoralia.co/perfil/sergio-giovanni-martinez-gil "HTTP/1.1 200 OK"
2026-08-12 21:20:26  HTTP Request: GET https://www.doctoralia.co/perfil/gabriel-ramirez-lamus "HTTP/1.1 200 OK"
2026-08-12 21:20:27  HTTP Request: GET https://www.doctoralia.co/perfil/carlos-enrique-machado-toro "HTTP/1.1 200 OK"
2026-08-12 21:20:27  HTTP Request: GET https://www.doctoralia.co/perfil/german-jose-correal-cifuentes "HTTP/1.1 200 OK"
2026-08-12 21:20:27  HTTP Request: GET https://www.doctoralia.co/perfil/carlos-jose-jassir-ruiz "HTTP/1.1 200 OK"
2026-08-12 21:20:27  HTTP Request: GET https://www.doctoralia.co/perfil/andrea-betancur-barrera "HTTP/1.1 200 OK"
2026-08-12 21:20:28  HTTP Request: GET https://www.doctoralia.co/perfil/carlos-augusto-perez-nino "HTTP/1.1 200 OK"
2026-08-12 21:20:28  HTTP Request: GET https://www.doctoralia.co/perfil/maria-elena-arango-echeverri "HTTP/1.1 200 OK"
2026-08-12 21:20:28    1062 perfiles  (255 con teléfono, 0 fallos)
2026-08-12 21:20:28  HTTP Request: GET https://www.doctoralia.co/perfil/alfonso-correa-uribe "HTTP/1.1 200 OK"
2026-08-12 21:20:28  HTTP Request: GET https://www.doctoralia.co/perfil/francisco-vergara-navarro "HTTP/1.1 200 OK"
2026-08-12 21:20:29  HTTP Request: GET https://www.doctoralia.co/perfil/hernando-de-jesus-vergara-gonzalez-2 "HTTP/1.1 200 OK"
2026-08-12 21:20:29  HTTP Request: GET https://www.doctoralia.co/perfil/haidi-marcela-buitrago-leal "HTTP/1.1 200 OK"
2026-08-12 21:20:29  HTTP Request: GET https://www.doctoralia.co/perfil/beatriz-preciado-franco "HTTP/1.1 200 OK"
2026-08-12 21:20:29  HTTP Request: GET https://www.doctoralia.co/perfil/yul-alberto-usuga-berrio "HTTP/1.1 200 OK"
2026-08-12 21:20:29  HTTP Request: GET https://www.doctoralia.co/perfil/andrea-massey-naranjo-2 "HTTP/1.1 200 OK"
2026-08-12 21:20:30  HTTP Request: GET https://www.doctoralia.co/perfil/adriana-teresa-osorio-rincon "HTTP/1.1 200 OK"
2026-08-12 21:20:30  HTTP Request: GET https://www.doctoralia.co/perfil/camilo-fonseca-guzman "HTTP/1.1 200 OK"
2026-08-12 21:20:30  HTTP Request: GET https://www.doctoralia.co/perfil/ana-maria-fidalgo "HTTP/1.1 200 OK"
2026-08-12 21:20:30  HTTP Request: GET https://www.doctoralia.co/perfil/ana-maria-zuleta-monsalve "HTTP/1.1 200 OK"
2026-08-12 21:20:30  HTTP Request: GET https://www.doctoralia.co/perfil/ana-cristina-erazo-paredes "HTTP/1.1 200 OK"
2026-08-12 21:20:31  HTTP Request: GET https://www.doctoralia.co/perfil/marcela-lomanto "HTTP/1.1 200 OK"
2026-08-12 21:20:31  HTTP Request: GET https://www.doctoralia.co/perfil/nicolas-nassar-nasbun-alvaro "HTTP/1.1 200 OK"
2026-08-12 21:20:31  HTTP Request: GET https://www.doctoralia.co/perfil/adriana-marcela-caamano-gomez "HTTP/1.1 200 OK"
2026-08-12 21:20:31  HTTP Request: GET https://www.doctoralia.co/perfil/gabriel-eduardo-tolosa-diaz "HTTP/1.1 200 OK"
2026-08-12 21:20:32  HTTP Request: GET https://www.doctoralia.co/perfil/hernando-navarro-newball "HTTP/1.1 200 OK"
2026-08-12 21:20:32  HTTP Request: GET https://www.doctoralia.co/perfil/ruby-cecilia-otero-rosales "HTTP/1.1 200 OK"
2026-08-12 21:20:32  HTTP Request: GET https://www.doctoralia.co/perfil/jorge-mauricio-montana-larreamendy "HTTP/1.1 200 OK"
2026-08-12 21:20:32  HTTP Request: GET https://www.doctoralia.co/perfil/guillermo-de-jesus-gonzalez-gonzalez "HTTP/1.1 200 OK"
2026-08-12 21:20:32  HTTP Request: GET https://www.doctoralia.co/perfil/liliana-pachon-vivas "HTTP/1.1 200 OK"
2026-08-12 21:20:33  HTTP Request: GET https://www.doctoralia.co/perfil/gloria-esther-acero-giraldo "HTTP/1.1 200 OK"
2026-08-12 21:20:33    1087 perfiles  (255 con teléfono, 0 fallos)
2026-08-12 21:20:33  HTTP Request: GET https://www.doctoralia.co/perfil/angela-maria-alviar-ferro-2 "HTTP/1.1 200 OK"
2026-08-12 21:20:33  HTTP Request: GET https://www.doctoralia.co/perfil/jorge-alberto-tirado-mejia "HTTP/1.1 200 OK"
2026-08-12 21:20:33  HTTP Request: GET https://www.doctoralia.co/perfil/ospina-d-daniel-de-leon "HTTP/1.1 200 OK"
2026-08-12 21:20:33  HTTP Request: GET https://www.doctoralia.co/perfil/claudia-borrero-cabrera "HTTP/1.1 200 OK"
2026-08-12 21:20:34  HTTP Request: GET https://www.doctoralia.co/perfil/claudia-marcela-otalora-forero "HTTP/1.1 200 OK"
2026-08-12 21:20:34  HTTP Request: GET https://www.doctoralia.co/perfil/jorge-enrique-aristizabal-duque "HTTP/1.1 200 OK"
2026-08-12 21:20:34  HTTP Request: GET https://www.doctoralia.co/perfil/mario-humber-carvajal-restrepo "HTTP/1.1 200 OK"
2026-08-12 21:20:35  HTTP Request: GET https://www.doctoralia.co/perfil/carlos-alberto-cabas-pumarejo "HTTP/1.1 200 OK"
2026-08-12 21:20:35  HTTP Request: GET https://www.doctoralia.co/perfil/sonia-cecilia-alvarez-acosta "HTTP/1.1 200 OK"
2026-08-12 21:20:35  HTTP Request: GET https://www.doctoralia.co/perfil/humberto-moreno-rodriguez-jairo "HTTP/1.1 200 OK"
2026-08-12 21:20:36  HTTP Request: GET https://www.doctoralia.co/perfil/ricardo-rueda-saenz "HTTP/1.1 200 OK"
2026-08-12 21:20:36  HTTP Request: GET https://www.doctoralia.co/perfil/maria-elena-osorio-cortes "HTTP/1.1 200 OK"
2026-08-12 21:20:36  HTTP Request: GET https://www.doctoralia.co/perfil/gustavo-gomez "HTTP/1.1 200 OK"
2026-08-12 21:20:36  HTTP Request: GET https://www.doctoralia.co/perfil/sonia-kafury-sanchez "HTTP/1.1 200 OK"
2026-08-12 21:20:36  HTTP Request: GET https://www.doctoralia.co/perfil/cesar-alejandro-neira-guerron "HTTP/1.1 200 OK"
2026-08-12 21:20:37  HTTP Request: GET https://www.doctoralia.co/perfil/eduardo-otero "HTTP/1.1 200 OK"
2026-08-12 21:20:37  HTTP Request: GET https://www.doctoralia.co/perfil/francisco-javier-barona-velasco "HTTP/1.1 200 OK"
2026-08-12 21:20:37  HTTP Request: GET https://www.doctoralia.co/perfil/miguel-angel-guerrero-munoz "HTTP/1.1 200 OK"
2026-08-12 21:20:37  HTTP Request: GET https://www.doctoralia.co/perfil/guillermo-jose-espinosa-martinez "HTTP/1.1 200 OK"
2026-08-12 21:20:37  HTTP Request: GET https://www.doctoralia.co/perfil/javier-gomez-guarin "HTTP/1.1 200 OK"
2026-08-12 21:20:38  HTTP Request: GET https://www.doctoralia.co/perfil/pedro-ignacio-silva-perez "HTTP/1.1 200 OK"
2026-08-12 21:20:38  HTTP Request: GET https://www.doctoralia.co/perfil/juan-diego-villegas-echeverry "HTTP/1.1 200 OK"
2026-08-12 21:20:38  HTTP Request: GET https://www.doctoralia.co/perfil/ricardo-luis-hernandez-silva "HTTP/1.1 200 OK"
2026-08-12 21:20:38  HTTP Request: GET https://www.doctoralia.co/perfil/ximena-galeano-ramirez "HTTP/1.1 200 OK"
2026-08-12 21:20:39  HTTP Request: GET https://www.doctoralia.co/perfil/walter-enrique-pinzon-tietjen "HTTP/1.1 200 OK"
2026-08-12 21:20:39  HTTP Request: GET https://www.doctoralia.co/perfil/leila-janeth-quintero-avendano "HTTP/1.1 200 OK"
2026-08-12 21:20:39    1112 perfiles  (255 con teléfono, 0 fallos)
2026-08-12 21:20:39  HTTP Request: GET https://www.doctoralia.co/perfil/paola-carolina-royo-pena "HTTP/1.1 200 OK"
2026-08-12 21:20:40  HTTP Request: GET https://www.doctoralia.co/perfil/mario-julio-mendoza-henriquez "HTTP/1.1 200 OK"
2026-08-12 21:20:40  HTTP Request: GET https://www.doctoralia.co/perfil/victor-manuel-rodriguez-machuca "HTTP/1.1 200 OK"
2026-08-12 21:20:40  HTTP Request: GET https://www.doctoralia.co/perfil/herbert-wagner-cardenas "HTTP/1.1 200 OK"
2026-08-12 21:20:40  HTTP Request: GET https://www.doctoralia.co/perfil/jose-duran-lopez-jaramillo "HTTP/1.1 200 OK"
2026-08-12 21:20:41  HTTP Request: GET https://www.doctoralia.co/perfil/hernando-vergara-gonzalez "HTTP/1.1 200 OK"
2026-08-12 21:20:41  HTTP Request: GET https://www.doctoralia.co/perfil/lopez-puente-humberto-enrique-del-socorro-2 "HTTP/1.1 200 OK"
2026-08-12 21:20:41  HTTP Request: GET https://www.doctoralia.co/perfil/lisandro-restrepo-orrego "HTTP/1.1 200 OK"
2026-08-12 21:20:41  HTTP Request: GET https://www.doctoralia.co/perfil/leidy-viviana-mirama-calderon "HTTP/1.1 200 OK"
2026-08-12 21:20:42  HTTP Request: GET https://www.doctoralia.co/perfil/maria-del-pilar-arango-arango "HTTP/1.1 200 OK"
2026-08-12 21:20:42  HTTP Request: GET https://www.doctoralia.co/perfil/victor-william-rodriguez-buitron "HTTP/1.1 200 OK"
2026-08-12 21:20:42  HTTP Request: GET https://www.doctoralia.co/perfil/marcela-altman-restrepo "HTTP/1.1 200 OK"
2026-08-12 21:20:42  HTTP Request: GET https://www.doctoralia.co/perfil/clara-maria-velez-mira "HTTP/1.1 200 OK"
2026-08-12 21:20:42  HTTP Request: GET https://www.doctoralia.co/perfil/alvaro-monterrosa-castro "HTTP/1.1 200 OK"
2026-08-12 21:20:43  HTTP Request: GET https://www.doctoralia.co/perfil/viviana-camacho-munos "HTTP/1.1 200 OK"
2026-08-12 21:20:43  HTTP Request: GET https://www.doctoralia.co/perfil/carlos-alfonso-castillo-daguer "HTTP/1.1 200 OK"
2026-08-12 21:20:43  HTTP Request: GET https://www.doctoralia.co/perfil/jesus-hernando-solano-espinosa "HTTP/1.1 200 OK"
2026-08-12 21:20:43  HTTP Request: GET https://www.doctoralia.co/perfil/kely-oliveria-correa-santana "HTTP/1.1 200 OK"
2026-08-12 21:20:43  HTTP Request: GET https://www.doctoralia.co/perfil/camilo-andres-alfonso-pinzon "HTTP/1.1 200 OK"
2026-08-12 21:20:44  HTTP Request: GET https://www.doctoralia.co/perfil/tatiana-soler-orrego "HTTP/1.1 200 OK"
2026-08-12 21:20:44  HTTP Request: GET https://www.doctoralia.co/perfil/jr-orlando-bustillo "HTTP/1.1 200 OK"
2026-08-12 21:20:45  HTTP Request: GET https://www.doctoralia.co/perfil/helena-olaciregui-perez "HTTP/1.1 200 OK"
2026-08-12 21:20:45  HTTP Request: GET https://www.doctoralia.co/perfil/nubia-carolina-roa-arenas "HTTP/1.1 200 OK"
2026-08-12 21:20:45  HTTP Request: GET https://www.doctoralia.co/perfil/lina-maria-girard-villa "HTTP/1.1 200 OK"
2026-08-12 21:20:45  HTTP Request: GET https://www.doctoralia.co/perfil/angelica-maria-rodriguez-torres "HTTP/1.1 200 OK"
2026-08-12 21:20:46  HTTP Request: GET https://www.doctoralia.co/perfil/rafael-urquijo-ferreira "HTTP/1.1 200 OK"
2026-08-12 21:20:46    1137 perfiles  (255 con teléfono, 0 fallos)
2026-08-12 21:20:46  HTTP Request: GET https://www.doctoralia.co/perfil/alvaran-claudia-carreno "HTTP/1.1 200 OK"
2026-08-12 21:20:46  HTTP Request: GET https://www.doctoralia.co/perfil/natacha-ortiz-ortiz "HTTP/1.1 200 OK"
2026-08-12 21:20:46  HTTP Request: GET https://www.doctoralia.co/perfil/susan-andrea-correa-villarreal "HTTP/1.1 200 OK"
2026-08-12 21:20:46  HTTP Request: GET https://www.doctoralia.co/perfil/ernesto-rossi-benavides "HTTP/1.1 200 OK"
2026-08-12 21:20:46  HTTP Request: GET https://www.doctoralia.co/perfil/edwin-javier-julio-salgado "HTTP/1.1 200 OK"
2026-08-12 21:20:47  HTTP Request: GET https://www.doctoralia.co/perfil/alfredo-gomez-mendez "HTTP/1.1 200 OK"
2026-08-12 21:20:47  HTTP Request: GET https://www.doctoralia.co/perfil/yesenia-abaunza-tavarez "HTTP/1.1 200 OK"
2026-08-12 21:20:47  HTTP Request: GET https://www.doctoralia.co/perfil/humberto-lievano-jimenez "HTTP/1.1 200 OK"
2026-08-12 21:20:48  HTTP Request: GET https://www.doctoralia.co/perfil/claudia-ximena-duran-moros "HTTP/1.1 200 OK"
2026-08-12 21:20:48  HTTP Request: GET https://www.doctoralia.co/perfil/carlos-eduardo-garzon-bolanos "HTTP/1.1 200 OK"
2026-08-12 21:20:48  HTTP Request: GET https://www.doctoralia.co/perfil/daniel-afanador-caicedo "HTTP/1.1 200 OK"
2026-08-12 21:20:48  HTTP Request: GET https://www.doctoralia.co/perfil/alvaro-linero-montes "HTTP/1.1 200 OK"
2026-08-12 21:20:49  HTTP Request: GET https://www.doctoralia.co/perfil/flor-de-luna-alzate-garcia "HTTP/1.1 200 OK"
2026-08-12 21:20:49  HTTP Request: GET https://www.doctoralia.co/perfil/maria-fernanda-lopez-restrepo "HTTP/1.1 200 OK"
2026-08-12 21:20:49  HTTP Request: GET https://www.doctoralia.co/perfil/nathalie-bucheli "HTTP/1.1 200 OK"
2026-08-12 21:20:49  HTTP Request: GET https://www.doctoralia.co/perfil/maria-raquel-sierra-marin "HTTP/1.1 200 OK"
2026-08-12 21:20:50  HTTP Request: GET https://www.doctoralia.co/perfil/jairo-alejandro-rojas-castillo "HTTP/1.1 200 OK"
2026-08-12 21:20:50  HTTP Request: GET https://www.doctoralia.co/perfil/humberto-de-jesus-espinosa-de-vivero "HTTP/1.1 200 OK"
2026-08-12 21:20:50  HTTP Request: GET https://www.doctoralia.co/perfil/leidy-diana-henao-navarro "HTTP/1.1 200 OK"
2026-08-12 21:20:50  HTTP Request: GET https://www.doctoralia.co/perfil/francisco-eugenio-gomez-botero "HTTP/1.1 200 OK"
2026-08-12 21:20:51  HTTP Request: GET https://www.doctoralia.co/perfil/carolina-lopez-vallejo "HTTP/1.1 200 OK"
2026-08-12 21:20:51  HTTP Request: GET https://www.doctoralia.co/perfil/dora-gordon-martinez "HTTP/1.1 200 OK"
2026-08-12 21:20:51  HTTP Request: GET https://www.doctoralia.co/perfil/guillermo-paez-rey "HTTP/1.1 200 OK"
2026-08-12 21:20:51  HTTP Request: GET https://www.doctoralia.co/perfil/edgar-manuel-monzon-ortega "HTTP/1.1 200 OK"
2026-08-12 21:20:51  HTTP Request: GET https://www.doctoralia.co/perfil/rosiris-fontalvo-ricaurte "HTTP/1.1 200 OK"
2026-08-12 21:20:52    1162 perfiles  (255 con teléfono, 0 fallos)
2026-08-12 21:20:52  HTTP Request: GET https://www.doctoralia.co/perfil/norman-ramos "HTTP/1.1 200 OK"
2026-08-12 21:20:52  HTTP Request: GET https://www.doctoralia.co/perfil/mauricio-salazar-molina "HTTP/1.1 200 OK"
2026-08-12 21:20:53  HTTP Request: GET https://www.doctoralia.co/perfil/juan-carlos-betancur-rincon "HTTP/1.1 200 OK"
2026-08-12 21:20:53  HTTP Request: GET https://www.doctoralia.co/perfil/maria-isabel-sepulveda-arroyave "HTTP/1.1 200 OK"
2026-08-12 21:20:53  HTTP Request: GET https://www.doctoralia.co/perfil/giraldo-rodrigo-alfons-baquero "HTTP/1.1 200 OK"
2026-08-12 21:20:53  HTTP Request: GET https://www.doctoralia.co/perfil/juan-miguel-estrada-grueso "HTTP/1.1 200 OK"
2026-08-12 21:20:54  HTTP Request: GET https://www.doctoralia.co/perfil/leyla-maria-bolivar-rodriguez "HTTP/1.1 200 OK"
2026-08-12 21:20:54  HTTP Request: GET https://www.doctoralia.co/perfil/joaquin-calderon-acosta "HTTP/1.1 200 OK"
2026-08-12 21:20:54  HTTP Request: GET https://www.doctoralia.co/perfil/andres-velasquez-gavilanes "HTTP/1.1 200 OK"
2026-08-12 21:20:54  HTTP Request: GET https://www.doctoralia.co/perfil/jose-ernesto-posada-torres "HTTP/1.1 200 OK"
2026-08-12 21:20:55  HTTP Request: GET https://www.doctoralia.co/perfil/david-vasquez-awad "HTTP/1.1 200 OK"
2026-08-12 21:20:55  HTTP Request: GET https://www.doctoralia.co/perfil/javier-salazar-salazar "HTTP/1.1 200 OK"
2026-08-12 21:20:55  HTTP Request: GET https://www.doctoralia.co/perfil/nelson-barrios-guzman "HTTP/1.1 200 OK"
2026-08-12 21:20:55  HTTP Request: GET https://www.doctoralia.co/perfil/claudia-camila-giraldo-parra "HTTP/1.1 200 OK"
2026-08-12 21:20:56  HTTP Request: GET https://www.doctoralia.co/perfil/ramon-eduardo-sotolongo-leon "HTTP/1.1 200 OK"
2026-08-12 21:20:56  HTTP Request: GET https://www.doctoralia.co/perfil/nestor-martinez-pizarro "HTTP/1.1 200 OK"
2026-08-12 21:20:56  HTTP Request: GET https://www.doctoralia.co/perfil/pedro-wilfredo-perdomo-tejada "HTTP/1.1 200 OK"
2026-08-12 21:20:57  HTTP Request: GET https://www.doctoralia.co/perfil/gustavo-alberto-gomez-ramirez "HTTP/1.1 200 OK"
2026-08-12 21:20:57  HTTP Request: GET https://www.doctoralia.co/perfil/ricardo-martin-orejuela "HTTP/1.1 200 OK"
2026-08-12 21:20:57  HTTP Request: GET https://www.doctoralia.co/perfil/diego-bayardo-cabrales-de-la-pava "HTTP/1.1 200 OK"
2026-08-12 21:20:57  HTTP Request: GET https://www.doctoralia.co/perfil/alvaro-arturo-cumplido-romero "HTTP/1.1 200 OK"
2026-08-12 21:20:58  HTTP Request: GET https://www.doctoralia.co/perfil/rodrigo-otero-martelo "HTTP/1.1 200 OK"
2026-08-12 21:20:58  HTTP Request: GET https://www.doctoralia.co/perfil/carlos-gabriel-sarria-fernandez "HTTP/1.1 200 OK"
2026-08-12 21:20:58  HTTP Request: GET https://www.doctoralia.co/perfil/jaime-afanador-rojas "HTTP/1.1 200 OK"
2026-08-12 21:20:58  HTTP Request: GET https://www.doctoralia.co/perfil/guadalupe-posada-estrada "HTTP/1.1 200 OK"
2026-08-12 21:20:58  HTTP Request: GET https://www.doctoralia.co/perfil/ismael-ricardo-hernandez-de-castro "HTTP/1.1 200 OK"
2026-08-12 21:20:59    1187 perfiles  (255 con teléfono, 0 fallos)
2026-08-12 21:20:59  HTTP Request: GET https://www.doctoralia.co/perfil/alvaro-toro-yermanos "HTTP/1.1 200 OK"
2026-08-12 21:20:59  HTTP Request: GET https://www.doctoralia.co/perfil/amin-claudia-bassil "HTTP/1.1 200 OK"
2026-08-12 21:21:00  HTTP Request: GET https://www.doctoralia.co/perfil/rafael-dario-forero-gamboa "HTTP/1.1 200 OK"
2026-08-12 21:21:00  HTTP Request: GET https://www.doctoralia.co/perfil/javier-enrique-fonseca-perez "HTTP/1.1 200 OK"
2026-08-12 21:21:00  HTTP Request: GET https://www.doctoralia.co/perfil/andres-guillermo-diaz-donado "HTTP/1.1 200 OK"
2026-08-12 21:21:00  HTTP Request: GET https://www.doctoralia.co/perfil/nelly-liliana-santana-corredor "HTTP/1.1 200 OK"
2026-08-12 21:21:00  HTTP Request: GET https://www.doctoralia.co/perfil/giraldo-guillermo-restrepo "HTTP/1.1 200 OK"
2026-08-12 21:21:01  HTTP Request: GET https://www.doctoralia.co/perfil/isabel-cristina-acevedo-restrepo "HTTP/1.1 200 OK"
2026-08-12 21:21:01  HTTP Request: GET https://www.doctoralia.co/perfil/catalina-acevedo-schoenbohm "HTTP/1.1 200 OK"
2026-08-12 21:21:01  HTTP Request: GET https://www.doctoralia.co/perfil/ana-maria-mejia-munera-2 "HTTP/1.1 200 OK"
2026-08-12 21:21:01  HTTP Request: GET https://www.doctoralia.co/clinicas/diaz-durante-ips "HTTP/1.1 200 OK"
2026-08-12 21:21:01  HTTP Request: GET https://www.doctoralia.co/clinicas/instituto-medico-la-34-eu "HTTP/1.1 200 OK"
2026-08-12 21:21:01  HTTP Request: GET https://www.doctoralia.co/perfil/diana-marcela-correa-mendoza "HTTP/1.1 200 OK"
2026-08-12 21:21:02  HTTP Request: GET https://www.doctoralia.co/perfil/sergio-alfonso-girado-llamas "HTTP/1.1 200 OK"
2026-08-12 21:21:02  HTTP Request: GET https://www.doctoralia.co/perfil/maria-catalina-gomez-acevedo "HTTP/1.1 200 OK"
2026-08-12 21:21:02  HTTP Request: GET https://www.doctoralia.co/perfil/yin-medina-zuleta-3 "HTTP/1.1 200 OK"
2026-08-12 21:21:02  HTTP Request: GET https://www.doctoralia.co/perfil/elias-abiantun "HTTP/1.1 200 OK"
2026-08-12 21:21:02  HTTP Request: GET https://www.doctoralia.co/perfil/aida-luz-giraldo-granada-2 "HTTP/1.1 200 OK"
2026-08-12 21:21:03  HTTP Request: GET https://www.doctoralia.co/clinicas/centro-medico-los-ejecutivos-cartagena-de-indias "HTTP/1.1 200 OK"
2026-08-12 21:21:03  HTTP Request: GET https://www.doctoralia.co/perfil/victor-javier-diaz-bonilla "HTTP/1.1 200 OK"
2026-08-12 21:21:04  HTTP Request: GET https://www.doctoralia.co/perfil/jose-vicente-garcia-torralvo "HTTP/1.1 200 OK"
2026-08-12 21:21:04  HTTP Request: GET https://www.doctoralia.co/perfil/william-colorado-restrepo "HTTP/1.1 200 OK"
2026-08-12 21:21:04  HTTP Request: GET https://www.doctoralia.co/perfil/evelyn-esmeralda-puentes-gonzalez "HTTP/1.1 200 OK"
2026-08-12 21:21:04  HTTP Request: GET https://www.doctoralia.co/perfil/gerardo-german-velasquez "HTTP/1.1 200 OK"
2026-08-12 21:21:04    1212 perfiles  (255 con teléfono, 0 fallos)
2026-08-12 21:21:05  HTTP Request: GET https://www.doctoralia.co/perfil/marcela-lomanto-cardona "HTTP/1.1 200 OK"
2026-08-12 21:21:05  HTTP Request: GET https://www.doctoralia.co/perfil/james-saenz "HTTP/1.1 200 OK"
2026-08-12 21:21:05  HTTP Request: GET https://www.doctoralia.co/perfil/rafael-eduardo-trujillo-jaramillo "HTTP/1.1 200 OK"
2026-08-12 21:21:05  HTTP Request: GET https://www.doctoralia.co/perfil/luz-helena-maria-montoya "HTTP/1.1 200 OK"
2026-08-12 21:21:05  HTTP Request: GET https://www.doctoralia.co/perfil/antonio-jose-manrique-zuluaga "HTTP/1.1 200 OK"
2026-08-12 21:21:06  HTTP Request: GET https://www.doctoralia.co/perfil/lida-maria-cano-salazar "HTTP/1.1 200 OK"
2026-08-12 21:21:06  HTTP Request: GET https://www.doctoralia.co/perfil/sandra-marcela-gomez-ramos "HTTP/1.1 200 OK"
2026-08-12 21:21:06  HTTP Request: GET https://www.doctoralia.co/perfil/ivan-gustavo-rodriguez-de-avila "HTTP/1.1 200 OK"
2026-08-12 21:21:06  HTTP Request: GET https://www.doctoralia.co/perfil/melisa-montes-palacio-2 "HTTP/1.1 200 OK"
2026-08-12 21:21:06  HTTP Request: GET https://www.doctoralia.co/perfil/jaime-barrios-nassi "HTTP/1.1 200 OK"
2026-08-12 21:21:07  HTTP Request: GET https://www.doctoralia.co/perfil/imac-de-maria-guerrero-rodriguez "HTTP/1.1 200 OK"
2026-08-12 21:21:07  HTTP Request: GET https://www.doctoralia.co/perfil/fabio-rojas-lozada "HTTP/1.1 200 OK"
2026-08-12 21:21:07  HTTP Request: GET https://www.doctoralia.co/perfil/katherine-torres-eussee "HTTP/1.1 200 OK"
2026-08-12 21:21:08  HTTP Request: GET https://www.doctoralia.co/perfil/alberto-leon-ceballos-vallejo "HTTP/1.1 200 OK"
2026-08-12 21:21:08  HTTP Request: GET https://www.doctoralia.co/perfil/german-gonzalo-salazar-santos "HTTP/1.1 200 OK"
2026-08-12 21:21:08  HTTP Request: GET https://www.doctoralia.co/perfil/oscar-hernando-angel-villalobos-2 "HTTP/1.1 200 OK"
2026-08-12 21:21:09  HTTP Request: GET https://www.doctoralia.co/perfil/eduardo-jimenez-buitrago "HTTP/1.1 200 OK"
2026-08-12 21:21:09  HTTP Request: GET https://www.doctoralia.co/perfil/claudia-alexy-rojas-salamanca "HTTP/1.1 200 OK"
2026-08-12 21:21:09  HTTP Request: GET https://www.doctoralia.co/perfil/antonio-jose-majjul-castillo "HTTP/1.1 200 OK"
2026-08-12 21:21:10  HTTP Request: GET https://www.doctoralia.co/clinicas/instituto-medico-de-alta-tecnologia-oncomedica "HTTP/1.1 200 OK"
2026-08-12 21:21:10  HTTP Request: GET https://www.doctoralia.co/perfil/susana-bueno-lindo "HTTP/1.1 200 OK"
2026-08-12 21:21:10  HTTP Request: GET https://www.doctoralia.co/perfil/maria-adelaida-velez-garcia "HTTP/1.1 200 OK"
2026-08-12 21:21:10  HTTP Request: GET https://www.doctoralia.co/perfil/carlos-arturo-buitrago-duque-2 "HTTP/1.1 200 OK"
2026-08-12 21:21:10  HTTP Request: GET https://www.doctoralia.co/perfil/blas-antonio-cepeda-de-la-rosa "HTTP/1.1 200 OK"
2026-08-12 21:21:11  HTTP Request: GET https://www.doctoralia.co/perfil/carlos-german-benavides "HTTP/1.1 200 OK"
2026-08-12 21:21:11  HTTP Request: GET https://www.doctoralia.co/perfil/luis-carlos-hincapie-aristizabal "HTTP/1.1 200 OK"
2026-08-12 21:21:11    1237 perfiles  (255 con teléfono, 0 fallos)
2026-08-12 21:21:11  HTTP Request: GET https://www.doctoralia.co/perfil/filipo-vladimir-moran-montenegro "HTTP/1.1 200 OK"
2026-08-12 21:21:12  HTTP Request: GET https://www.doctoralia.co/perfil/darlin-laudith-aguilar-villareal "HTTP/1.1 200 OK"
2026-08-12 21:21:12  HTTP Request: GET https://www.doctoralia.co/perfil/jose-antonio-ibarra-rivera "HTTP/1.1 200 OK"
2026-08-12 21:21:12  HTTP Request: GET https://www.doctoralia.co/perfil/maria-cristina-marceles-insignares "HTTP/1.1 200 OK"
2026-08-12 21:21:12  HTTP Request: GET https://www.doctoralia.co/perfil/eliana-patricia-bernal-amador "HTTP/1.1 200 OK"
2026-08-12 21:21:12  HTTP Request: GET https://www.doctoralia.co/perfil/claudia-patricia-marin-jaimes "HTTP/1.1 200 OK"
2026-08-12 21:21:13  HTTP Request: GET https://www.doctoralia.co/perfil/julio-faciolince-camargo "HTTP/1.1 200 OK"
2026-08-12 21:21:13  HTTP Request: GET https://www.doctoralia.co/perfil/ana-maria-guevara-zambrano "HTTP/1.1 200 OK"
2026-08-12 21:21:14  HTTP Request: GET https://www.doctoralia.co/perfil/carlos-arturo-vivas-ramirez "HTTP/1.1 200 OK"
2026-08-12 21:21:14  HTTP Request: GET https://www.doctoralia.co/perfil/luis-javier-gallon-villegas "HTTP/1.1 200 OK"
2026-08-12 21:21:14  HTTP Request: GET https://www.doctoralia.co/perfil/giovanni-ruiz-casanova "HTTP/1.1 200 OK"
2026-08-12 21:21:14  HTTP Request: GET https://www.doctoralia.co/perfil/javier-noriega-rangel "HTTP/1.1 200 OK"
2026-08-12 21:21:15  HTTP Request: GET https://www.doctoralia.co/perfil/oscar-suescun-garay "HTTP/1.1 200 OK"
2026-08-12 21:21:15  HTTP Request: GET https://www.doctoralia.co/perfil/jaime-betancourt-marin "HTTP/1.1 200 OK"
2026-08-12 21:21:15  HTTP Request: GET https://www.doctoralia.co/perfil/jairo-estrada-restrepo "HTTP/1.1 200 OK"
2026-08-12 21:21:16  HTTP Request: GET https://www.doctoralia.co/perfil/juan-pablo-suso-ayerbe "HTTP/1.1 200 OK"
2026-08-12 21:21:16  HTTP Request: GET https://www.doctoralia.co/perfil/hernando-eugenio-navarro-newball "HTTP/1.1 200 OK"
2026-08-12 21:21:16  HTTP Request: GET https://www.doctoralia.co/clinicas/laboratorio-clinico-oscar-collazos-y-cia-ltda "HTTP/1.1 200 OK"
2026-08-12 21:21:17  HTTP Request: GET https://www.doctoralia.co/perfil/pablo-rodriguez-cadena "HTTP/1.1 200 OK"
2026-08-12 21:21:17  HTTP Request: GET https://www.doctoralia.co/perfil/juan-fernando-gil-gil "HTTP/1.1 200 OK"
2026-08-12 21:21:17  HTTP Request: GET https://www.doctoralia.co/perfil/gilberto-lores-rico "HTTP/1.1 200 OK"
2026-08-12 21:21:17  HTTP Request: GET https://www.doctoralia.co/perfil/petronio-vinicio-perez-alvarez "HTTP/1.1 200 OK"
2026-08-12 21:21:17  HTTP Request: GET https://www.doctoralia.co/perfil/pedro-alandete-herrer "HTTP/1.1 200 OK"
2026-08-12 21:21:18  HTTP Request: GET https://www.doctoralia.co/perfil/alvaro-alonso-acevedo-puerto "HTTP/1.1 200 OK"
2026-08-12 21:21:18  HTTP Request: GET https://www.doctoralia.co/perfil/sandra-liliana-serna-salazar "HTTP/1.1 200 OK"
2026-08-12 21:21:18    1262 perfiles  (255 con teléfono, 0 fallos)
2026-08-12 21:21:18  HTTP Request: GET https://www.doctoralia.co/perfil/mercy-lorena-quezada-altamirano "HTTP/1.1 200 OK"
2026-08-12 21:21:18  HTTP Request: GET https://www.doctoralia.co/perfil/liliana-murillo-rubiano "HTTP/1.1 200 OK"
2026-08-12 21:21:19  HTTP Request: GET https://www.doctoralia.co/perfil/dario-alberto-santacruz-vargas-2 "HTTP/1.1 200 OK"
2026-08-12 21:21:19  HTTP Request: GET https://www.doctoralia.co/perfil/roberto-marin-parra "HTTP/1.1 200 OK"
2026-08-12 21:21:19  HTTP Request: GET https://www.doctoralia.co/perfil/adriana-maria-alban-ossa "HTTP/1.1 200 OK"
2026-08-12 21:21:19  HTTP Request: GET https://www.doctoralia.co/perfil/diego-fernando-corso-restrepo "HTTP/1.1 200 OK"
2026-08-12 21:21:20  HTTP Request: GET https://www.doctoralia.co/perfil/eliana-maria-fernandez-leon "HTTP/1.1 200 OK"
2026-08-12 21:21:20  HTTP Request: GET https://www.doctoralia.co/clinicas/clinica-medellin-sede-poblado-torre-medica-calle-7-39-290 "HTTP/1.1 200 OK"
2026-08-12 21:21:20  HTTP Request: GET https://www.doctoralia.co/clinicas/clinica-del-prado "HTTP/1.1 200 OK"
2026-08-12 21:21:20  HTTP Request: GET https://www.doctoralia.co/perfil/ana-karina-villacob-navarro "HTTP/1.1 200 OK"
2026-08-12 21:21:20  HTTP Request: GET https://www.doctoralia.co/perfil/javier-romero-ariza "HTTP/1.1 200 OK"
2026-08-12 21:21:21  HTTP Request: GET https://www.doctoralia.co/perfil/mario-alfredo-galvis-mantilla "HTTP/1.1 200 OK"
2026-08-12 21:21:21  HTTP Request: GET https://www.doctoralia.co/perfil/armando-moreno-gafaro "HTTP/1.1 200 OK"
2026-08-12 21:21:22  HTTP Request: GET https://www.doctoralia.co/perfil/rafael-campanella-medina "HTTP/1.1 200 OK"
2026-08-12 21:21:22  HTTP Request: GET https://www.doctoralia.co/perfil/williams-hurtado-toro-2 "HTTP/1.1 200 OK"
2026-08-12 21:21:22  HTTP Request: GET https://www.doctoralia.co/perfil/martin-eduardo-guardiola-ospina "HTTP/1.1 200 OK"
2026-08-12 21:21:22  HTTP Request: GET https://www.doctoralia.co/perfil/lara-esperanza-burgos "HTTP/1.1 200 OK"
2026-08-12 21:21:22  HTTP Request: GET https://www.doctoralia.co/perfil/robinson-segundo-fernandez-mercado-2 "HTTP/1.1 200 OK"
2026-08-12 21:21:23  HTTP Request: GET https://www.doctoralia.co/perfil/carlos-alberto-quintero-jaramillo "HTTP/1.1 200 OK"
2026-08-12 21:21:23  HTTP Request: GET https://www.doctoralia.co/perfil/juan-carlos-otero-pinto-2 "HTTP/1.1 200 OK"
2026-08-12 21:21:23  HTTP Request: GET https://www.doctoralia.co/perfil/luis-miguel-castro-otero "HTTP/1.1 200 OK"
2026-08-12 21:21:23  HTTP Request: GET https://www.doctoralia.co/perfil/hoover-canaval "HTTP/1.1 200 OK"
2026-08-12 21:21:24  HTTP Request: GET https://www.doctoralia.co/perfil/edmundo-mora-padilla "HTTP/1.1 200 OK"
2026-08-12 21:21:24  HTTP Request: GET https://www.doctoralia.co/perfil/francisco-jose-espinel-chavez "HTTP/1.1 200 OK"
2026-08-12 21:21:24    1287 perfiles  (255 con teléfono, 0 fallos)
2026-08-12 21:21:24  HTTP Request: GET https://www.doctoralia.co/perfil/monica-medina-restrepo "HTTP/1.1 200 OK"
2026-08-12 21:21:24  HTTP Request: GET https://www.doctoralia.co/perfil/carlos-felipe-velez-giraldo "HTTP/1.1 200 OK"
2026-08-12 21:21:24  HTTP Request: GET https://www.doctoralia.co/perfil/julio-antonio-usta-dumar "HTTP/1.1 200 OK"
2026-08-12 21:21:25  HTTP Request: GET https://www.doctoralia.co/perfil/laura-gabriela-sandor-ille-2 "HTTP/1.1 200 OK"
2026-08-12 21:21:25  HTTP Request: GET https://www.doctoralia.co/perfil/claudia-cristina-lopez-ruiz "HTTP/1.1 200 OK"
2026-08-12 21:21:25  HTTP Request: GET https://www.doctoralia.co/perfil/gonzalo-alberto-angel-cano "HTTP/1.1 200 OK"
2026-08-12 21:21:25  HTTP Request: GET https://www.doctoralia.co/perfil/juan-camilo-villegas-lopera "HTTP/1.1 200 OK"
2026-08-12 21:21:25  HTTP Request: GET https://www.doctoralia.co/perfil/marco-antonio-escobar-gomez "HTTP/1.1 200 OK"
2026-08-12 21:21:26  HTTP Request: GET https://www.doctoralia.co/perfil/jose-aldemar-uribe-orozco "HTTP/1.1 200 OK"
2026-08-12 21:21:27  HTTP Request: GET https://www.doctoralia.co/perfil/guillermo-saenz-hernandez "HTTP/1.1 200 OK"
2026-08-12 21:21:27  HTTP Request: GET https://www.doctoralia.co/perfil/luis-francisco-caicedo-reyes "HTTP/1.1 200 OK"
2026-08-12 21:21:27  HTTP Request: GET https://www.doctoralia.co/clinicas/clinica-santillana-manizales "HTTP/1.1 200 OK"
2026-08-12 21:21:27  HTTP Request: GET https://www.doctoralia.co/perfil/juan-fernando-usta-chica-2 "HTTP/1.1 200 OK"
2026-08-12 21:21:27  HTTP Request: GET https://www.doctoralia.co/clinicas/clinica-madre-bernarda "HTTP/1.1 200 OK"
2026-08-12 21:21:27  HTTP Request: GET https://www.doctoralia.co/perfil/sergio-augusto-alvernia-gonzalez "HTTP/1.1 200 OK"
2026-08-12 21:21:28  HTTP Request: GET https://www.doctoralia.co/perfil/victor-andres-mosquera-paz "HTTP/1.1 200 OK"
2026-08-12 21:21:28  HTTP Request: GET https://www.doctoralia.co/clinicas/organizacion-clinica-bonnadona-prevenir "HTTP/1.1 200 OK"
2026-08-12 21:21:28  HTTP Request: GET https://www.doctoralia.co/clinicas/clinica-sanar "HTTP/1.1 200 OK"
2026-08-12 21:21:28  HTTP Request: GET https://www.doctoralia.co/clinicas/cediul "HTTP/1.1 200 OK"
2026-08-12 21:21:28  HTTP Request: GET https://www.doctoralia.co/clinicas/clinica-de-la-presentacion "HTTP/1.1 200 OK"
2026-08-12 21:21:29  HTTP Request: GET https://www.doctoralia.co/clinicas/parque-medico-carrera-23-65a-41-consultorio-701 "HTTP/1.1 200 OK"
2026-08-12 21:21:29  HTTP Request: GET https://www.doctoralia.co/clinicas/citopat "HTTP/1.1 200 OK"
2026-08-12 21:21:29  HTTP Request: GET https://www.doctoralia.co/clinicas/centro-medico-vital "HTTP/1.1 200 OK"
2026-08-12 21:21:29  HTTP Request: GET https://www.doctoralia.co/clinicas/clinica-san-francisco "HTTP/1.1 200 OK"
2026-08-12 21:21:29  HTTP Request: GET https://www.doctoralia.co/clinicas/clinica-urologica-salus "HTTP/1.1 200 OK"
2026-08-12 21:21:29  HTTP Request: GET https://www.doctoralia.co/clinicas/patologos-asociados-de-sucre "HTTP/1.1 200 OK"
2026-08-12 21:21:30    1312 perfiles  (255 con teléfono, 0 fallos)
2026-08-12 21:21:30  HTTP Request: GET https://www.doctoralia.co/clinicas/fundacion-oftalmologica-de-santander-foscal "HTTP/1.1 200 OK"
2026-08-12 21:21:30  HTTP Request: GET https://www.doctoralia.co/clinicas/centro-de-especialista-chicamocha "HTTP/1.1 200 OK"
2026-08-12 21:21:30  HTTP Request: GET https://www.doctoralia.co/clinicas/clinica-santa-maria "HTTP/1.1 200 OK"
2026-08-12 21:21:30  HTTP Request: GET https://www.doctoralia.co/clinicas/centro-citodiagnostico-ginecologico-de-antioquia "HTTP/1.1 200 OK"
2026-08-12 21:21:30  HTTP Request: GET https://www.doctoralia.co/clinicas/unidad-de-diagnostico-ecografico "HTTP/1.1 200 OK"
2026-08-12 21:21:31  HTTP Request: GET https://www.doctoralia.co/clinicas/clinica-san-marcel "HTTP/1.1 200 OK"
2026-08-12 21:21:31  HTTP Request: GET https://www.doctoralia.co/clinicas/fundacion-clinica-universitaria-san-juan-de-dios "HTTP/1.1 200 OK"
2026-08-12 21:21:31  HTTP Request: GET https://www.doctoralia.co/clinicas/clinica-san-jose-de-cucuta "HTTP/1.1 200 OK"
2026-08-12 21:21:31  HTTP Request: GET https://www.doctoralia.co/clinicas/atencion-medica-inmediata-amid "HTTP/1.1 200 OK"
2026-08-12 21:21:31  HTTP Request: GET https://www.doctoralia.co/clinicas/centro-diagnostico-de-especialistas-cedes "HTTP/1.1 200 OK"
2026-08-12 21:21:31  HTTP Request: GET https://www.doctoralia.co/clinicas/clinica-san-ignacio-ltda-barranquilla "HTTP/1.1 200 OK"
2026-08-12 21:21:32  HTTP Request: GET https://www.doctoralia.co/clinicas/centro-de-diagnostico-de-especialistas-cedes "HTTP/1.1 200 OK"
2026-08-12 21:21:32  HTTP Request: GET https://www.doctoralia.co/clinicas/somec "HTTP/1.1 200 OK"
2026-08-12 21:21:32  HTTP Request: GET https://www.doctoralia.co/clinicas/unidad-clinica-san-nicolas "HTTP/1.1 200 OK"
2026-08-12 21:21:32  HTTP Request: GET https://www.doctoralia.co/clinicas/clinica-la-asuncion "HTTP/1.1 200 OK"
2026-08-12 21:21:32  HTTP Request: GET https://www.doctoralia.co/perfil/carlos-enrique-restrepo-lopez "HTTP/1.1 200 OK"
2026-08-12 21:21:33  HTTP Request: GET https://www.doctoralia.co/perfil/jose-luis-duque-acosta "HTTP/1.1 200 OK"
2026-08-12 21:21:33  HTTP Request: GET https://www.doctoralia.co/perfil/jorge-enrique-enciso-sanchez "HTTP/1.1 200 OK"
2026-08-12 21:21:33  HTTP Request: GET https://www.doctoralia.co/perfil/adriana-m-cuartas-calle "HTTP/1.1 200 OK"
2026-08-12 21:21:34  HTTP Request: GET https://www.doctoralia.co/perfil/marta-lucia-agudelo-vasquez "HTTP/1.1 200 OK"
2026-08-12 21:21:34  HTTP Request: GET https://www.doctoralia.co/perfil/augusto-jose-anaya-narvaez "HTTP/1.1 200 OK"
2026-08-12 21:21:34  HTTP Request: GET https://www.doctoralia.co/perfil/adriana-maria-arango-martinez "HTTP/1.1 200 OK"
2026-08-12 21:21:34  HTTP Request: GET https://www.doctoralia.co/perfil/camilo-rueda-beltz "HTTP/1.1 200 OK"
2026-08-12 21:21:35  HTTP Request: GET https://www.doctoralia.co/perfil/carlos-andres-tena-reyes "HTTP/1.1 200 OK"
2026-08-12 21:21:35  HTTP Request: GET https://www.doctoralia.co/perfil/rahisa-garcia-lucena "HTTP/1.1 200 OK"
2026-08-12 21:21:35    1337 perfiles  (255 con teléfono, 0 fallos)
2026-08-12 21:21:35  HTTP Request: GET https://www.doctoralia.co/perfil/german-jaramillo-jaramillo "HTTP/1.1 200 OK"
2026-08-12 21:21:35  HTTP Request: GET https://www.doctoralia.co/perfil/alfredo-ariza-machado "HTTP/1.1 200 OK"
2026-08-12 21:21:36  HTTP Request: GET https://www.doctoralia.co/perfil/maria-cristina-barco-burgos "HTTP/1.1 200 OK"
2026-08-12 21:21:36  HTTP Request: GET https://www.doctoralia.co/perfil/manuel-francisco-vives-perez "HTTP/1.1 200 OK"
2026-08-12 21:21:36  HTTP Request: GET https://www.doctoralia.co/perfil/carlos-alberto-mejia-escobar "HTTP/1.1 200 OK"
2026-08-12 21:21:37  HTTP Request: GET https://www.doctoralia.co/perfil/isabel-eugenia-jauregui-duran "HTTP/1.1 200 OK"
2026-08-12 21:21:37  HTTP Request: GET https://www.doctoralia.co/perfil/jorge-luis-moron-duran "HTTP/1.1 200 OK"
2026-08-12 21:21:37  HTTP Request: GET https://www.doctoralia.co/perfil/carmen-amparo-vasquez-cortes "HTTP/1.1 200 OK"
2026-08-12 21:21:37  HTTP Request: GET https://www.doctoralia.co/perfil/jose-william-leon-avellaneda "HTTP/1.1 200 OK"
2026-08-12 21:21:37  HTTP Request: GET https://www.doctoralia.co/perfil/alba-lucia-valencia-de-zuluaga "HTTP/1.1 200 OK"
2026-08-12 21:21:38  HTTP Request: GET https://www.doctoralia.co/perfil/hector-javier-cortes-molina "HTTP/1.1 200 OK"
2026-08-12 21:21:38  HTTP Request: GET https://www.doctoralia.co/perfil/gustavo-gomez-tabares "HTTP/1.1 200 OK"
2026-08-12 21:21:39  HTTP Request: GET https://www.doctoralia.co/perfil/anibal-nicolas-mendoza-guete "HTTP/1.1 200 OK"
2026-08-12 21:21:39  HTTP Request: GET https://www.doctoralia.co/perfil/juan-carlos-ochoa-rodriguez "HTTP/1.1 200 OK"
2026-08-12 21:21:39  HTTP Request: GET https://www.doctoralia.co/perfil/indira-rosero-martinez "HTTP/1.1 200 OK"
2026-08-12 21:21:39  HTTP Request: GET https://www.doctoralia.co/perfil/manuel-antonio-plata-garcia-2 "HTTP/1.1 200 OK"
2026-08-12 21:21:39  HTTP Request: GET https://www.doctoralia.co/perfil/fernando-carlos-salas-marquez "HTTP/1.1 200 OK"
2026-08-12 21:21:40  HTTP Request: GET https://www.doctoralia.co/perfil/jose-nasser "HTTP/1.1 200 OK"
2026-08-12 21:21:40  HTTP Request: GET https://www.doctoralia.co/perfil/rafael-alberto-camacho-mafla "HTTP/1.1 200 OK"
2026-08-12 21:21:40  HTTP Request: GET https://www.doctoralia.co/perfil/joaquin-figueredo-molina "HTTP/1.1 200 OK"
2026-08-12 21:21:40  HTTP Request: GET https://www.doctoralia.co/perfil/francisco-javier-vergara-navarro "HTTP/1.1 200 OK"
2026-08-12 21:21:40  HTTP Request: GET https://www.doctoralia.co/perfil/jorge-ricardo-paredes-aguirre "HTTP/1.1 200 OK"
2026-08-12 21:21:41  HTTP Request: GET https://www.doctoralia.co/perfil/jose-luis-salinas-valencia "HTTP/1.1 200 OK"
2026-08-12 21:21:41    1362 perfiles  (255 con teléfono, 0 fallos)
2026-08-12 21:21:41  HTTP Request: GET https://www.doctoralia.co/perfil/igor-ramirez-gomez "HTTP/1.1 200 OK"
2026-08-12 21:21:41  HTTP Request: GET https://www.doctoralia.co/perfil/yesid-sanchez-jimenez "HTTP/1.1 200 OK"
2026-08-12 21:21:41  HTTP Request: GET https://www.doctoralia.co/perfil/carlos-arturo-diaz-tamara "HTTP/1.1 200 OK"
2026-08-12 21:21:41  HTTP Request: GET https://www.doctoralia.co/perfil/maria-alejandra-palomino-zuluaga "HTTP/1.1 200 OK"
2026-08-12 21:21:42  HTTP Request: GET https://www.doctoralia.co/perfil/franco-claudia-giovanna-santarelli "HTTP/1.1 200 OK"
2026-08-12 21:21:42  HTTP Request: GET https://www.doctoralia.co/perfil/miguel-angel-meneses-ariza "HTTP/1.1 200 OK"
2026-08-12 21:21:42  HTTP Request: GET https://www.doctoralia.co/perfil/nestor-alfonso-meneses-espinosa "HTTP/1.1 200 OK"
2026-08-12 21:21:43  HTTP Request: GET https://www.doctoralia.co/perfil/jairo-corso-salamanca "HTTP/1.1 200 OK"
2026-08-12 21:21:43  HTTP Request: GET https://www.doctoralia.co/perfil/luis-alberto-caceres-lizarazo "HTTP/1.1 200 OK"
2026-08-12 21:21:43  HTTP Request: GET https://www.doctoralia.co/perfil/enrique-hasbun-santodomingo "HTTP/1.1 200 OK"
2026-08-12 21:21:43  HTTP Request: GET https://www.doctoralia.co/perfil/carlos-anibal-ramos-rodriguez "HTTP/1.1 200 OK"
2026-08-12 21:21:44  HTTP Request: GET https://www.doctoralia.co/perfil/pablo-gonzalez-isaza "HTTP/1.1 200 OK"
2026-08-12 21:21:44  HTTP Request: GET https://www.doctoralia.co/perfil/walter-antonio-barcelo-lara "HTTP/1.1 200 OK"
2026-08-12 21:21:44  HTTP Request: GET https://www.doctoralia.co/perfil/guido-de-j-parra-anaya "HTTP/1.1 200 OK"
2026-08-12 21:21:44  HTTP Request: GET https://www.doctoralia.co/perfil/javier-andres-carvajal-valencia "HTTP/1.1 200 OK"
2026-08-12 21:21:45  HTTP Request: GET https://www.doctoralia.co/perfil/roberto-tarud-ayub "HTTP/1.1 200 OK"
2026-08-12 21:21:45  HTTP Request: GET https://www.doctoralia.co/perfil/walter-aguirre-munoz "HTTP/1.1 200 OK"
2026-08-12 21:21:45  HTTP Request: GET https://www.doctoralia.co/perfil/vicente-jose-carmona-pertuz "HTTP/1.1 200 OK"
2026-08-12 21:21:45  HTTP Request: GET https://www.doctoralia.co/perfil/luis-martin-rodriguez-ortegon "HTTP/1.1 200 OK"
2026-08-12 21:21:46  HTTP Request: GET https://www.doctoralia.co/perfil/laura-leonor-gil-urbano "HTTP/1.1 200 OK"
2026-08-12 21:21:46  HTTP Request: GET https://www.doctoralia.co/perfil/ernesto-arturo-rossi-benavides "HTTP/1.1 200 OK"
2026-08-12 21:21:46  HTTP Request: GET https://www.doctoralia.co/perfil/mario-javier-palacio-gonzalez "HTTP/1.1 200 OK"
2026-08-12 21:21:46  HTTP Request: GET https://www.doctoralia.co/perfil/nelson-jose-ariza-martinez "HTTP/1.1 200 OK"
2026-08-12 21:21:47  HTTP Request: GET https://www.doctoralia.co/perfil/reinaldo-alberto-plazas-camargo "HTTP/1.1 200 OK"
2026-08-12 21:21:47  HTTP Request: GET https://www.doctoralia.co/perfil/carlos-alberto-ramirez-serrano "HTTP/1.1 200 OK"
2026-08-12 21:21:47  HTTP Request: GET https://www.doctoralia.co/perfil/victor-armando-pinto-baron "HTTP/1.1 200 OK"
2026-08-12 21:21:47  HTTP Request: GET https://www.doctoralia.co/perfil/nadia-ruiz-plaza "HTTP/1.1 200 OK"
2026-08-12 21:21:47    1387 perfiles  (255 con teléfono, 0 fallos)
2026-08-12 21:21:47  HTTP Request: GET https://www.doctoralia.co/perfil/miryam-aguirre-zimerman "HTTP/1.1 200 OK"
2026-08-12 21:21:48  HTTP Request: GET https://www.doctoralia.co/perfil/maria-eugenia-turizo-rendon "HTTP/1.1 200 OK"
2026-08-12 21:21:48  HTTP Request: GET https://www.doctoralia.co/perfil/franco-carlos-eduardo-gomez "HTTP/1.1 200 OK"
2026-08-12 21:21:48  HTTP Request: GET https://www.doctoralia.co/perfil/gladys-elena-caicedo-bautista-2 "HTTP/1.1 200 OK"
2026-08-12 21:21:48  HTTP Request: GET https://www.doctoralia.co/perfil/lucy-stella-valderrama-franklin "HTTP/1.1 200 OK"
2026-08-12 21:21:49  HTTP Request: GET https://www.doctoralia.co/perfil/yomaira-belen-pugliese-guevara-2 "HTTP/1.1 200 OK"
2026-08-12 21:21:49  HTTP Request: GET https://www.doctoralia.co/perfil/jose-roberto-gomez-duque "HTTP/1.1 200 OK"
2026-08-12 21:21:49  HTTP Request: GET https://www.doctoralia.co/perfil/alejandro-castro-sanguino "HTTP/1.1 200 OK"
2026-08-12 21:21:49  HTTP Request: GET https://www.doctoralia.co/perfil/alejandro-morales-velez-2 "HTTP/1.1 200 OK"
2026-08-12 21:21:50  HTTP Request: GET https://www.doctoralia.co/perfil/maria-cecilia-arturo-rojas "HTTP/1.1 200 OK"
2026-08-12 21:21:50  HTTP Request: GET https://www.doctoralia.co/perfil/leon-oscar-gomez "HTTP/1.1 200 OK"
2026-08-12 21:21:50  HTTP Request: GET https://www.doctoralia.co/perfil/augusto-anaya-narvaez "HTTP/1.1 200 OK"
2026-08-12 21:21:50  HTTP Request: GET https://www.doctoralia.co/perfil/alvaro-gonzalez-rubio-de-la-hoz "HTTP/1.1 200 OK"
2026-08-12 21:21:51  HTTP Request: GET https://www.doctoralia.co/perfil/guillermo-henao-cortez "HTTP/1.1 200 OK"
2026-08-12 21:21:51  HTTP Request: GET https://www.doctoralia.co/perfil/gildardo-antonio-gallego-norena "HTTP/1.1 200 OK"
2026-08-12 21:21:51  HTTP Request: GET https://www.doctoralia.co/perfil/hernando-alberto-santos-morales "HTTP/1.1 200 OK"
2026-08-12 21:21:51  HTTP Request: GET https://www.doctoralia.co/perfil/orlando-canaval-erazo-hoover "HTTP/1.1 200 OK"
2026-08-12 21:21:51  HTTP Request: GET https://www.doctoralia.co/perfil/rafael-dario-rolon-duarte-2 "HTTP/1.1 200 OK"
2026-08-12 21:21:52  HTTP Request: GET https://www.doctoralia.co/perfil/myriam-lucia-meza-carvajal "HTTP/1.1 200 OK"
2026-08-12 21:21:52  HTTP Request: GET https://www.doctoralia.co/perfil/juan-manuel-montoya-mejia "HTTP/1.1 200 OK"
2026-08-12 21:21:52  HTTP Request: GET https://www.doctoralia.co/perfil/jaime-gallego-arbelaez "HTTP/1.1 200 OK"
2026-08-12 21:21:53  HTTP Request: GET https://www.doctoralia.co/perfil/bernardo-vega-henao "HTTP/1.1 200 OK"
2026-08-12 21:21:53  HTTP Request: GET https://www.doctoralia.co/perfil/mario-rafael-rojano-fritz "HTTP/1.1 200 OK"
2026-08-12 21:21:53  HTTP Request: GET https://www.doctoralia.co/perfil/jose-antonio-guzman-urbano "HTTP/1.1 200 OK"
2026-08-12 21:21:53  HTTP Request: GET https://www.doctoralia.co/perfil/ivan-dario-ocampo-tamayo "HTTP/1.1 200 OK"
2026-08-12 21:21:53    1412 perfiles  (255 con teléfono, 0 fallos)
2026-08-12 21:21:54  HTTP Request: GET https://www.doctoralia.co/perfil/hector-fabian-correa-baez "HTTP/1.1 200 OK"
2026-08-12 21:21:54  HTTP Request: GET https://www.doctoralia.co/perfil/gizela-gutierrez-de-la-hoz "HTTP/1.1 200 OK"
2026-08-12 21:21:54  HTTP Request: GET https://www.doctoralia.co/perfil/clara-victoria-hinestroza-cordoba "HTTP/1.1 200 OK"
2026-08-12 21:21:54  HTTP Request: GET https://www.doctoralia.co/perfil/emma-isabel-espinosa-massry "HTTP/1.1 200 OK"
2026-08-12 21:21:54  HTTP Request: GET https://www.doctoralia.co/perfil/eliana-maritza-garcia-villamizar "HTTP/1.1 200 OK"
2026-08-12 21:21:55  HTTP Request: GET https://www.doctoralia.co/perfil/blas-garcia-manjarres "HTTP/1.1 200 OK"
2026-08-12 21:21:55  HTTP Request: GET https://www.doctoralia.co/perfil/carlos-alberto-valencia-aguirre "HTTP/1.1 200 OK"
2026-08-12 21:21:55  HTTP Request: GET https://www.doctoralia.co/perfil/rodolfo-andres-martinez-diaz "HTTP/1.1 200 OK"
2026-08-12 21:21:55  HTTP Request: GET https://www.doctoralia.co/perfil/jaime-otero-gonzalez "HTTP/1.1 200 OK"
2026-08-12 21:21:55  HTTP Request: GET https://www.doctoralia.co/perfil/manuel-cristobal-guerrero-ordonez "HTTP/1.1 200 OK"
2026-08-12 21:21:56  HTTP Request: GET https://www.doctoralia.co/perfil/ana-lucia-arango-gomez "HTTP/1.1 200 OK"
2026-08-12 21:21:56  HTTP Request: GET https://www.doctoralia.co/perfil/lilian-maria-gonzalez-gomez-2 "HTTP/1.1 200 OK"
2026-08-12 21:21:56  HTTP Request: GET https://www.doctoralia.co/perfil/luis-fernando-uribe-vargas "HTTP/1.1 200 OK"
2026-08-12 21:21:57  HTTP Request: GET https://www.doctoralia.co/perfil/campo-elias-calderon-martinez "HTTP/1.1 200 OK"
2026-08-12 21:21:57  HTTP Request: GET https://www.doctoralia.co/perfil/simon-pedro-morales-gallego "HTTP/1.1 200 OK"
2026-08-12 21:21:57  HTTP Request: GET https://www.doctoralia.co/perfil/maria-isabel-vergara-perez "HTTP/1.1 200 OK"
2026-08-12 21:21:57  HTTP Request: GET https://www.doctoralia.co/perfil/fabricio-garcia-gomez "HTTP/1.1 200 OK"
2026-08-12 21:21:58  HTTP Request: GET https://www.doctoralia.co/perfil/david-eli-romero "HTTP/1.1 200 OK"
2026-08-12 21:21:58  HTTP Request: GET https://www.doctoralia.co/perfil/jaime-rengifo-agudelo "HTTP/1.1 200 OK"
2026-08-12 21:21:58  HTTP Request: GET https://www.doctoralia.co/perfil/leonor-acosta-fontalvo "HTTP/1.1 200 OK"
2026-08-12 21:21:59  HTTP Request: GET https://www.doctoralia.co/perfil/ana-cecilia-kafury-goeta "HTTP/1.1 200 OK"
2026-08-12 21:21:59  HTTP Request: GET https://www.doctoralia.co/perfil/hermes-jaimes-carvajal "HTTP/1.1 200 OK"
2026-08-12 21:21:59  HTTP Request: GET https://www.doctoralia.co/perfil/maria-mercedes-botero-navia "HTTP/1.1 200 OK"
2026-08-12 21:21:59  HTTP Request: GET https://www.doctoralia.co/perfil/jorge-enrique-orjuela-escobar "HTTP/1.1 200 OK"
2026-08-12 21:21:59  HTTP Request: GET https://www.doctoralia.co/perfil/mauricio-humberto-camacho-florez "HTTP/1.1 200 OK"
2026-08-12 21:22:00    1437 perfiles  (255 con teléfono, 0 fallos)
2026-08-12 21:22:00  HTTP Request: GET https://www.doctoralia.co/perfil/cristobal-jose-de-avila-ganem "HTTP/1.1 200 OK"
2026-08-12 21:22:00  HTTP Request: GET https://www.doctoralia.co/perfil/beatriz-maria-cotes-benitez "HTTP/1.1 200 OK"
2026-08-12 21:22:00  HTTP Request: GET https://www.doctoralia.co/perfil/jorge-rugeles-rivero "HTTP/1.1 200 OK"
2026-08-12 21:22:01  HTTP Request: GET https://www.doctoralia.co/perfil/nancy-helena-lafaurie-rodriguez "HTTP/1.1 200 OK"
2026-08-12 21:22:01  HTTP Request: GET https://www.doctoralia.co/perfil/maria-cecilia-cock-botero "HTTP/1.1 200 OK"
2026-08-12 21:22:01  HTTP Request: GET https://www.doctoralia.co/perfil/francisco-maria-revollo-pardo "HTTP/1.1 200 OK"
2026-08-12 21:22:01  HTTP Request: GET https://www.doctoralia.co/perfil/angela-maria-ruiz-sternberg "HTTP/1.1 200 OK"
2026-08-12 21:22:01  HTTP Request: GET https://www.doctoralia.co/perfil/jose-fernando-velez-villegas "HTTP/1.1 200 OK"
2026-08-12 21:22:02  HTTP Request: GET https://www.doctoralia.co/perfil/aldemar-uribe-orozco "HTTP/1.1 200 OK"
2026-08-12 21:22:02  HTTP Request: GET https://www.doctoralia.co/perfil/amparo-lucena-de-garcia "HTTP/1.1 200 OK"
2026-08-12 21:22:02  HTTP Request: GET https://www.doctoralia.co/perfil/nestor-wandurruaga-baron "HTTP/1.1 200 OK"
2026-08-12 21:22:02  HTTP Request: GET https://www.doctoralia.co/perfil/juan-carlos-beron-ventimilla "HTTP/1.1 200 OK"
2026-08-12 21:22:03  HTTP Request: GET https://www.doctoralia.co/perfil/luis-carlos-caicedo-garcia "HTTP/1.1 200 OK"
2026-08-12 21:22:03  HTTP Request: GET https://www.doctoralia.co/perfil/nelson-ricardo-rincon-molano "HTTP/1.1 200 OK"
2026-08-12 21:22:03  HTTP Request: GET https://www.doctoralia.co/perfil/lorencita-correa-de-halpert "HTTP/1.1 200 OK"
2026-08-12 21:22:04  HTTP Request: GET https://www.doctoralia.co/perfil/jose-roberto-jaramillo-posada "HTTP/1.1 200 OK"
2026-08-12 21:22:04  HTTP Request: GET https://www.doctoralia.co/perfil/andres-sarmiento-rodriguez "HTTP/1.1 200 OK"
2026-08-12 21:22:04  HTTP Request: GET https://www.doctoralia.co/perfil/jose-ivan-castellanos-tovar "HTTP/1.1 200 OK"
2026-08-12 21:22:04  HTTP Request: GET https://www.doctoralia.co/perfil/martha-lucia-marrugo-florez "HTTP/1.1 200 OK"
2026-08-12 21:22:05  HTTP Request: GET https://www.doctoralia.co/perfil/jaime-elias-bechara-chamat "HTTP/1.1 200 OK"
2026-08-12 21:22:05  HTTP Request: GET https://www.doctoralia.co/perfil/olga-lucia-martinez-velez "HTTP/1.1 200 OK"
2026-08-12 21:22:05  HTTP Request: GET https://www.doctoralia.co/perfil/fernando-florez-la-rotta "HTTP/1.1 200 OK"
2026-08-12 21:22:05  HTTP Request: GET https://www.doctoralia.co/perfil/mercy-helena-estrada-p "HTTP/1.1 200 OK"
2026-08-12 21:22:06  HTTP Request: GET https://www.doctoralia.co/perfil/ramiro-arguello-arguello "HTTP/1.1 200 OK"
2026-08-12 21:22:06    1462 perfiles  (255 con teléfono, 0 fallos)
2026-08-12 21:22:06  HTTP Request: GET https://www.doctoralia.co/perfil/antonio-maria-soto-yances "HTTP/1.1 200 OK"
2026-08-12 21:22:06  HTTP Request: GET https://www.doctoralia.co/perfil/david-rodriguez-avila "HTTP/1.1 200 OK"
2026-08-12 21:22:06  HTTP Request: GET https://www.doctoralia.co/perfil/edgar-mariano-acuna-osorio "HTTP/1.1 200 OK"
2026-08-12 21:22:06  HTTP Request: GET https://www.doctoralia.co/perfil/sergio-mauricio-romero-riberos "HTTP/1.1 200 OK"
2026-08-12 21:22:07  HTTP Request: GET https://www.doctoralia.co/perfil/edgar-eduardo-ramirez-bojaca "HTTP/1.1 200 OK"
2026-08-12 21:22:07  HTTP Request: GET https://www.doctoralia.co/perfil/carlos-german-diaz-reyes "HTTP/1.1 200 OK"
2026-08-12 21:22:07  HTTP Request: GET https://www.doctoralia.co/perfil/graciela-rolong-vence "HTTP/1.1 200 OK"
2026-08-12 21:22:08  HTTP Request: GET https://www.doctoralia.co/perfil/ivan-orlando-almario-a "HTTP/1.1 200 OK"
2026-08-12 21:22:08  HTTP Request: GET https://www.doctoralia.co/perfil/luis-alfonso-giraldo-rios "HTTP/1.1 200 OK"
2026-08-12 21:22:08  HTTP Request: GET https://www.doctoralia.co/perfil/jesus-gutierrez-cuello-dairo-de "HTTP/1.1 200 OK"
2026-08-12 21:22:08  HTTP Request: GET https://www.doctoralia.co/perfil/ofelia-castellar-garcia "HTTP/1.1 200 OK"
2026-08-12 21:22:09  HTTP Request: GET https://www.doctoralia.co/perfil/adolfo-congote-restrepo "HTTP/1.1 200 OK"
2026-08-12 21:22:09  HTTP Request: GET https://www.doctoralia.co/perfil/natalia-carolina-mesias-cordoba "HTTP/1.1 200 OK"
2026-08-12 21:22:09  HTTP Request: GET https://www.doctoralia.co/perfil/carlos-german-lopez-gomez-2 "HTTP/1.1 200 OK"
2026-08-12 21:22:09  HTTP Request: GET https://www.doctoralia.co/clinicas/laboratorio-clinico-especializado-nohemy-cruz-gomez-eu "HTTP/1.1 200 OK"
2026-08-12 21:22:09  HTTP Request: GET https://www.doctoralia.co/clinicas/serfertil-dr-gilberto-charria "HTTP/1.1 200 OK"
2026-08-12 21:22:09  HTTP Request: GET https://www.doctoralia.co/perfil/claudia-scarpetta "HTTP/1.1 200 OK"
2026-08-12 21:22:10  HTTP Request: GET https://www.doctoralia.co/clinicas/centro-de-salud-y-belleza-integral-anamar "HTTP/1.1 200 OK"
2026-08-12 21:22:10  HTTP Request: GET https://www.doctoralia.co/clinicas/clinica-los-rosales "HTTP/1.1 200 OK"
2026-08-12 21:22:10  HTTP Request: GET https://www.doctoralia.co/perfil/francisco-alberto-soleiman-carmona "HTTP/1.1 200 OK"
2026-08-12 21:22:10  HTTP Request: GET https://www.doctoralia.co/perfil/andres-daste "HTTP/1.1 200 OK"
2026-08-12 21:22:11  HTTP Request: GET https://www.doctoralia.co/perfil/gabriela-hernandez-villafane "HTTP/1.1 200 OK"
2026-08-12 21:22:11  HTTP Request: GET https://www.doctoralia.co/clinicas/parque-medico-carrera-23-65a-41-manizales-caldas-consultorio-605 "HTTP/1.1 200 OK"
2026-08-12 21:22:11  HTTP Request: GET https://www.doctoralia.co/clinicas/complejo-de-salud-portoazul "HTTP/1.1 200 OK"
2026-08-12 21:22:11  HTTP Request: GET https://www.doctoralia.co/clinicas/alianza-diagnostica-quirurgica-life "HTTP/1.1 200 OK"
2026-08-12 21:22:11  HTTP Request: GET https://www.doctoralia.co/perfil/orlando-augusto-uribe "HTTP/1.1 200 OK"
2026-08-12 21:22:11  HTTP Request: GET https://www.doctoralia.co/perfil/ricaurte-rosiris-fontalvo "HTTP/1.1 200 OK"
2026-08-12 21:22:11    1487 perfiles  (255 con teléfono, 0 fallos)
2026-08-12 21:22:12  HTTP Request: GET https://www.doctoralia.co/perfil/carlos-felipe-ruiz-melo "HTTP/1.1 200 OK"
2026-08-12 21:22:12  HTTP Request: GET https://www.doctoralia.co/perfil/jorge-eliecer-alcala-mercado "HTTP/1.1 200 OK"
2026-08-12 21:22:12  HTTP Request: GET https://www.doctoralia.co/perfil/marta-guerra "HTTP/1.1 200 OK"
2026-08-12 21:22:12  HTTP Request: GET https://www.doctoralia.co/perfil/mario-tobon-restrepo "HTTP/1.1 200 OK"
2026-08-12 21:22:13  HTTP Request: GET https://www.doctoralia.co/perfil/claudia-elisa-montoya-ocampo "HTTP/1.1 200 OK"
2026-08-12 21:22:13  HTTP Request: GET https://www.doctoralia.co/perfil/munoz-angel-oscar-raul "HTTP/1.1 200 OK"
2026-08-12 21:22:13  HTTP Request: GET https://www.doctoralia.co/perfil/luis-martin-uribe-dammy "HTTP/1.1 200 OK"
2026-08-12 21:22:13  HTTP Request: GET https://www.doctoralia.co/clinicas/clinica-del-country "HTTP/1.1 200 OK"
2026-08-12 21:22:13  HTTP Request: GET https://www.doctoralia.co/perfil/guillermo-alfonso-navarro-naranjo-2 "HTTP/1.1 200 OK"
2026-08-12 21:22:14  HTTP Request: GET https://www.doctoralia.co/clinicas/clinica-de-dolor-del-eje-cafetero-s-a-s "HTTP/1.1 200 OK"
2026-08-12 21:22:14  HTTP Request: GET https://www.doctoralia.co/clinicas/liga-contra-el-cancer-seccional-bogota "HTTP/1.1 200 OK"
2026-08-12 21:22:14  HTTP Request: GET https://www.doctoralia.co/clinicas/medicentro-familiar-ips "HTTP/1.1 200 OK"
2026-08-12 21:22:14  HTTP Request: GET https://www.doctoralia.co/clinicas/mandaara-centro-de-medicina-especializada "HTTP/1.1 200 OK"
2026-08-12 21:22:14  HTTP Request: GET https://www.doctoralia.co/clinicas/home-care-medic-sas "HTTP/1.1 200 OK"
2026-08-12 21:22:15  HTTP Request: GET https://www.doctoralia.co/perfil/alvaro-jose-escobar-florez "HTTP/1.1 200 OK"
2026-08-12 21:22:15  HTTP Request: GET https://www.doctoralia.co/perfil/clara-torres-contreras "HTTP/1.1 200 OK"
2026-08-12 21:22:15  HTTP Request: GET https://www.doctoralia.co/perfil/jorge-eduardo-saa-madrinan "HTTP/1.1 200 OK"
2026-08-12 21:22:15  HTTP Request: GET https://www.doctoralia.co/perfil/javier-alberto-gonzalez-guarin "HTTP/1.1 200 OK"
2026-08-12 21:22:15  HTTP Request: GET https://www.doctoralia.co/perfil/guarin-javier-enrique-gomez "HTTP/1.1 200 OK"
2026-08-12 21:22:16  HTTP Request: GET https://www.doctoralia.co/perfil/heydi-marina-ramirez-salazar "HTTP/1.1 200 OK"
2026-08-12 21:22:16  HTTP Request: GET https://www.doctoralia.co/perfil/ladys-astrid-teller-beleno-2 "HTTP/1.1 200 OK"
2026-08-12 21:22:16  HTTP Request: GET https://www.doctoralia.co/perfil/juan-pablo-piraquive-caicedo "HTTP/1.1 200 OK"
2026-08-12 21:22:16  HTTP Request: GET https://www.doctoralia.co/perfil/armando-enrique-solano-gamez "HTTP/1.1 200 OK"
2026-08-12 21:22:17  HTTP Request: GET https://www.doctoralia.co/perfil/guillermo-leon-orozco-vasquez-2 "HTTP/1.1 200 OK"
2026-08-12 21:22:17    1512 perfiles  (255 con teléfono, 0 fallos)
2026-08-12 21:22:17  HTTP Request: GET https://www.doctoralia.co/perfil/elizabeth-genoveva-dautt-charris "HTTP/1.1 200 OK"
2026-08-12 21:22:17  HTTP Request: GET https://www.doctoralia.co/perfil/angelica-maria-gonzalez-gonzalez "HTTP/1.1 200 OK"
2026-08-12 21:22:17  HTTP Request: GET https://www.doctoralia.co/perfil/ilia-adriana-rubiano-martinez "HTTP/1.1 200 OK"
2026-08-12 21:22:17  HTTP Request: GET https://www.doctoralia.co/perfil/alejandro-giraldo-cuartas "HTTP/1.1 200 OK"
2026-08-12 21:22:18  HTTP Request: GET https://www.doctoralia.co/perfil/maria-clemencia-corredor-silva "HTTP/1.1 200 OK"
2026-08-12 21:22:18  HTTP Request: GET https://www.doctoralia.co/clinicas/clinica-marly "HTTP/1.1 200 OK"
2026-08-12 21:22:18  HTTP Request: GET https://www.doctoralia.co/perfil/pablo-enrique-vargas-poveda "HTTP/1.1 200 OK"
2026-08-12 21:22:18  HTTP Request: GET https://www.doctoralia.co/clinicas/centro-internacional-de-especialista-cie-hospital-internacional-de-colombia-hic "HTTP/1.1 200 OK"
2026-08-12 21:22:19  HTTP Request: GET https://www.doctoralia.co/perfil/jaime-alberto-messa-acosta "HTTP/1.1 200 OK"
2026-08-12 21:22:19  HTTP Request: GET https://www.doctoralia.co/clinicas/imeco-instituto-metropolitano-de-ecografia "HTTP/1.1 200 OK"
2026-08-12 21:22:19  HTTP Request: GET https://www.doctoralia.co/perfil/gutierrez-gerardo-sanchez "HTTP/1.1 200 OK"
2026-08-12 21:22:19  HTTP Request: GET https://www.doctoralia.co/perfil/lida-yaneth-luna-rodriguez "HTTP/1.1 200 OK"
2026-08-12 21:22:19  HTTP Request: GET https://www.doctoralia.co/clinicas/centro-de-especialistas-del-suroeste "HTTP/1.1 200 OK"
2026-08-12 21:22:20  HTTP Request: GET https://www.doctoralia.co/perfil/david-giraldo-cardona "HTTP/1.1 200 OK"
2026-08-12 21:22:20  HTTP Request: GET https://www.doctoralia.co/perfil/misael-polania-andrade "HTTP/1.1 200 OK"
2026-08-12 21:22:20  HTTP Request: GET https://www.doctoralia.co/perfil/hernando-alfredo-saavedra-s "HTTP/1.1 200 OK"
2026-08-12 21:22:20  HTTP Request: GET https://www.doctoralia.co/perfil/orlando-borre "HTTP/1.1 200 OK"
2026-08-12 21:22:20  HTTP Request: GET https://www.doctoralia.co/perfil/patricia-sara-fortich "HTTP/1.1 200 OK"
2026-08-12 21:22:21  HTTP Request: GET https://www.doctoralia.co/perfil/maria-fernanda-barreto-villalba "HTTP/1.1 200 OK"
2026-08-12 21:22:21  HTTP Request: GET https://www.doctoralia.co/perfil/maria-clara-turbay-chedid "HTTP/1.1 200 OK"
2026-08-12 21:22:21  HTTP Request: GET https://www.doctoralia.co/perfil/jose-alveiro-ramos-cruz "HTTP/1.1 200 OK"
2026-08-12 21:22:21  HTTP Request: GET https://www.doctoralia.co/perfil/hernan-javier-salazar-salazar "HTTP/1.1 200 OK"
2026-08-12 21:22:21  HTTP Request: GET https://www.doctoralia.co/perfil/freddy-ortega-ribero "HTTP/1.1 200 OK"
2026-08-12 21:22:22  HTTP Request: GET https://www.doctoralia.co/perfil/clovis-rafael-puche-usta "HTTP/1.1 200 OK"
2026-08-12 21:22:22    1537 perfiles  (255 con teléfono, 0 fallos)
2026-08-12 21:22:22  HTTP Request: GET https://www.doctoralia.co/perfil/maria-del-pilar-escobar-mafla "HTTP/1.1 200 OK"
2026-08-12 21:22:22  HTTP Request: GET https://www.doctoralia.co/perfil/andres-marciales-toloza "HTTP/1.1 200 OK"
2026-08-12 21:22:22  HTTP Request: GET https://www.doctoralia.co/perfil/berta-alicia-hernandez-de-montejo "HTTP/1.1 200 OK"
2026-08-12 21:22:23  HTTP Request: GET https://www.doctoralia.co/perfil/gonzalez-palacio-pablo-andres "HTTP/1.1 200 OK"
2026-08-12 21:22:23  HTTP Request: GET https://www.doctoralia.co/perfil/mariano-moreno-diaz-medardo "HTTP/1.1 200 OK"
2026-08-12 21:22:23  HTTP Request: GET https://www.doctoralia.co/perfil/perez-manuel-vives "HTTP/1.1 200 OK"
2026-08-12 21:22:24  HTTP Request: GET https://www.doctoralia.co/perfil/jose-de-jesus-rojas-arango "HTTP/1.1 200 OK"
2026-08-12 21:22:24  HTTP Request: GET https://www.doctoralia.co/perfil/eberth-alejandro-ospina-suescun "HTTP/1.1 200 OK"
2026-08-12 21:22:24  HTTP Request: GET https://www.doctoralia.co/perfil/carlos-alberto-salcedo-jaramillo "HTTP/1.1 200 OK"
2026-08-12 21:22:24  HTTP Request: GET https://www.doctoralia.co/perfil/claudia-giovanna-santarelli-franco "HTTP/1.1 200 OK"
2026-08-12 21:22:24  HTTP Request: GET https://www.doctoralia.co/perfil/rodrigo-cuevas-marin "HTTP/1.1 200 OK"
2026-08-12 21:22:25  HTTP Request: GET https://www.doctoralia.co/perfil/domingo-german-baquero-betin "HTTP/1.1 200 OK"
2026-08-12 21:22:25  HTTP Request: GET https://www.doctoralia.co/perfil/jose-fernando-celades-hernandez "HTTP/1.1 200 OK"
2026-08-12 21:22:25  HTTP Request: GET https://www.doctoralia.co/perfil/beatriz-cecilia-montoya-fernandez "HTTP/1.1 200 OK"
2026-08-12 21:22:25  HTTP Request: GET https://www.doctoralia.co/perfil/jaime-fernando-montoya-barreto "HTTP/1.1 200 OK"
2026-08-12 21:22:25  HTTP Request: GET https://www.doctoralia.co/perfil/virna-patricia-medina-palmezano "HTTP/1.1 200 OK"
2026-08-12 21:22:26  HTTP Request: GET https://www.doctoralia.co/perfil/juliao-piercarlo-puccini "HTTP/1.1 200 OK"
2026-08-12 21:22:26  HTTP Request: GET https://www.doctoralia.co/perfil/natascha-enriqueta-ortiz-ortiz-2 "HTTP/1.1 200 OK"
2026-08-12 21:22:26  HTTP Request: GET https://www.doctoralia.co/perfil/alonso-perdomo-villa "HTTP/1.1 200 OK"
2026-08-12 21:22:26  HTTP Request: GET https://www.doctoralia.co/perfil/alirio-jose-fajardo-aaron "HTTP/1.1 200 OK"
2026-08-12 21:22:27  HTTP Request: GET https://www.doctoralia.co/perfil/diana-lorena-velez-rizo "HTTP/1.1 200 OK"
2026-08-12 21:22:27  HTTP Request: GET https://www.doctoralia.co/perfil/diana-jimena-santana-ballesteros "HTTP/1.1 200 OK"
2026-08-12 21:22:27  HTTP Request: GET https://www.doctoralia.co/perfil/karla-tatiana-restrepo-rojas "HTTP/1.1 200 OK"
2026-08-12 21:22:28    1562 perfiles  (255 con teléfono, 0 fallos)
2026-08-12 21:22:28  HTTP Request: GET https://www.doctoralia.co/perfil/ivette-cristina-maldonado-chaya-2 "HTTP/1.1 200 OK"
2026-08-12 21:22:28  HTTP Request: GET https://www.doctoralia.co/perfil/libia-patricia-gomez-gelves "HTTP/1.1 200 OK"
2026-08-12 21:22:28  HTTP Request: GET https://www.doctoralia.co/perfil/rodrigo-german-pantoja-cordoba "HTTP/1.1 200 OK"
2026-08-12 21:22:28  HTTP Request: GET https://www.doctoralia.co/perfil/rafael-enrique-urquijo-ferreira "HTTP/1.1 200 OK"
2026-08-12 21:22:28  HTTP Request: GET https://www.doctoralia.co/perfil/ricardo-caceres-mileo "HTTP/1.1 200 OK"
2026-08-12 21:22:29  HTTP Request: GET https://www.doctoralia.co/perfil/carlos-hernan-becerra-mojica "HTTP/1.1 200 OK"
2026-08-12 21:22:29  HTTP Request: GET https://www.doctoralia.co/perfil/alberto-enrique-meisel-perez "HTTP/1.1 200 OK"
2026-08-12 21:22:29  HTTP Request: GET https://www.doctoralia.co/perfil/adriana-maria-infante-fernandez "HTTP/1.1 200 OK"
2026-08-12 21:22:29  HTTP Request: GET https://www.doctoralia.co/perfil/ricardo-jose-martinez-martinez "HTTP/1.1 200 OK"
2026-08-12 21:22:29  HTTP Request: GET https://www.doctoralia.co/perfil/mauricio-gonzalez-casta "HTTP/1.1 200 OK"
2026-08-12 21:22:30  HTTP Request: GET https://www.doctoralia.co/perfil/german-arango-rojas "HTTP/1.1 200 OK"
2026-08-12 21:22:30  HTTP Request: GET https://www.doctoralia.co/perfil/raul-escobar "HTTP/1.1 200 OK"
2026-08-12 21:22:30  HTTP Request: GET https://www.doctoralia.co/perfil/graciela-hurtado-de-mazariegos "HTTP/1.1 200 OK"
2026-08-12 21:22:30  HTTP Request: GET https://www.doctoralia.co/perfil/ramirez-salazar-heydi-marina "HTTP/1.1 200 OK"
2026-08-12 21:22:30  HTTP Request: GET https://www.doctoralia.co/perfil/joaquin-humbert-idrobo-piquero "HTTP/1.1 200 OK"
2026-08-12 21:22:31  HTTP Request: GET https://www.doctoralia.co/perfil/eduardo-romero-velez "HTTP/1.1 200 OK"
2026-08-12 21:22:32  HTTP Request: GET https://www.doctoralia.co/perfil/sierra-juan-gonzalo-ochoa "HTTP/1.1 200 OK"
2026-08-12 21:22:32  HTTP Request: GET https://www.doctoralia.co/perfil/sergio-enrique-urbina-echeverry "HTTP/1.1 200 OK"
2026-08-12 21:22:32  HTTP Request: GET https://www.doctoralia.co/perfil/benjamin-difilipo-echeverri "HTTP/1.1 200 OK"
2026-08-12 21:22:32  HTTP Request: GET https://www.doctoralia.co/perfil/jesus-enrique-cuello-de-avila-2 "HTTP/1.1 200 OK"
2026-08-12 21:22:32  HTTP Request: GET https://www.doctoralia.co/perfil/blair-jose-enrique-sanin "HTTP/1.1 200 OK"
2026-08-12 21:22:33  HTTP Request: GET https://www.doctoralia.co/perfil/carlos-eduardo-arboleda-mayorka "HTTP/1.1 200 OK"
2026-08-12 21:22:33  HTTP Request: GET https://www.doctoralia.co/perfil/jose-lisardo-restrepo-herrera "HTTP/1.1 200 OK"
2026-08-12 21:22:33  HTTP Request: GET https://www.doctoralia.co/perfil/irma-quevedo-de-gonzalez "HTTP/1.1 200 OK"
2026-08-12 21:22:33  HTTP Request: GET https://www.doctoralia.co/perfil/alberto-agudelo-neira "HTTP/1.1 200 OK"
2026-08-12 21:22:34  HTTP Request: GET https://www.doctoralia.co/perfil/carlos-eduardo-villalobos "HTTP/1.1 200 OK"
2026-08-12 21:22:34  HTTP Request: GET https://www.doctoralia.co/perfil/israel-meza-garcia "HTTP/1.1 200 OK"
2026-08-12 21:22:34  HTTP Request: GET https://www.doctoralia.co/perfil/gil-rodrigo-augusto-munoz "HTTP/1.1 200 OK"
2026-08-12 21:22:34    1587 perfiles  (255 con teléfono, 0 fallos)
2026-08-12 21:22:34  HTTP Request: GET https://www.doctoralia.co/perfil/martha-lucia-gomez-vasquez "HTTP/1.1 200 OK"
2026-08-12 21:22:34  HTTP Request: GET https://www.doctoralia.co/perfil/jorge-eliecer-fernandez-de-castro-dangond-2 "HTTP/1.1 200 OK"
2026-08-12 21:22:35  HTTP Request: GET https://www.doctoralia.co/perfil/antonio-jose-briceno-mendez "HTTP/1.1 200 OK"
2026-08-12 21:22:35  HTTP Request: GET https://www.doctoralia.co/perfil/abraham-cojocaru-securansky "HTTP/1.1 200 OK"
2026-08-12 21:22:35  HTTP Request: GET https://www.doctoralia.co/perfil/vega-marco-julio-velasquez "HTTP/1.1 200 OK"
2026-08-12 21:22:35  HTTP Request: GET https://www.doctoralia.co/perfil/jorge-escobar "HTTP/1.1 200 OK"
2026-08-12 21:22:35  HTTP Request: GET https://www.doctoralia.co/perfil/amaury-rafael-garcia-burgos "HTTP/1.1 200 OK"
2026-08-12 21:22:36  HTTP Request: GET https://www.doctoralia.co/perfil/sandra-milena-nunez-cuello "HTTP/1.1 200 OK"
2026-08-12 21:22:36  HTTP Request: GET https://www.doctoralia.co/perfil/german-orlando-ramos-cruz "HTTP/1.1 200 OK"
2026-08-12 21:22:36  HTTP Request: GET https://www.doctoralia.co/perfil/marin-maria-raquel-sierra "HTTP/1.1 200 OK"
2026-08-12 21:22:36  HTTP Request: GET https://www.doctoralia.co/perfil/carlos-andres-fandino "HTTP/1.1 200 OK"
2026-08-12 21:22:36  HTTP Request: GET https://www.doctoralia.co/clinicas/ses-hospital-de-caldas "HTTP/1.1 200 OK"
2026-08-12 21:22:37  HTTP Request: GET https://www.doctoralia.co/perfil/tamara-cantillo "HTTP/1.1 200 OK"
2026-08-12 21:22:37  HTTP Request: GET https://www.doctoralia.co/perfil/nataly-velasquez-munoz "HTTP/1.1 200 OK"
2026-08-12 21:22:37  HTTP Request: GET https://www.doctoralia.co/perfil/ivan-uribe "HTTP/1.1 200 OK"
2026-08-12 21:22:37  HTTP Request: GET https://www.doctoralia.co/perfil/gabriel-ortiz-leal "HTTP/1.1 200 OK"
2026-08-12 21:22:38  HTTP Request: GET https://www.doctoralia.co/perfil/jorge-alberto-garcia-ortega "HTTP/1.1 200 OK"
2026-08-12 21:22:38  HTTP Request: GET https://www.doctoralia.co/perfil/angel-eduardo-luna-moreno "HTTP/1.1 200 OK"
2026-08-12 21:22:38  HTTP Request: GET https://www.doctoralia.co/perfil/angelica-maria-toro-cubides "HTTP/1.1 200 OK"
2026-08-12 21:22:39  HTTP Request: GET https://www.doctoralia.co/perfil/carlos-ignacio-uribe-pardo "HTTP/1.1 200 OK"
2026-08-12 21:22:39  HTTP Request: GET https://www.doctoralia.co/perfil/manuel-amat-ramos "HTTP/1.1 200 OK"
2026-08-12 21:22:39  HTTP Request: GET https://www.doctoralia.co/perfil/patricia-sanclemente-torres "HTTP/1.1 200 OK"
2026-08-12 21:22:39  HTTP Request: GET https://www.doctoralia.co/perfil/antonio-velez-zapata "HTTP/1.1 200 OK"
2026-08-12 21:22:39  HTTP Request: GET https://www.doctoralia.co/perfil/sonia-fabiola-pazmino-de-osorio "HTTP/1.1 200 OK"
2026-08-12 21:22:40  HTTP Request: GET https://www.doctoralia.co/perfil/hernan-alberto-giraldo-echeverry "HTTP/1.1 200 OK"
2026-08-12 21:22:40    1612 perfiles  (255 con teléfono, 0 fallos)
2026-08-12 21:22:40  HTTP Request: GET https://www.doctoralia.co/perfil/german-garzon-mosquera "HTTP/1.1 200 OK"
2026-08-12 21:22:40  HTTP Request: GET https://www.doctoralia.co/perfil/carlos-quintero-juan "HTTP/1.1 200 OK"
2026-08-12 21:22:40  HTTP Request: GET https://www.doctoralia.co/perfil/maria-cecilia-alzate-de-b "HTTP/1.1 200 OK"
2026-08-12 21:22:41  HTTP Request: GET https://www.doctoralia.co/perfil/guido-de-jesus-parra-anaya-2 "HTTP/1.1 200 OK"
2026-08-12 21:22:41  HTTP Request: GET https://www.doctoralia.co/perfil/antonio-navarro-victor "HTTP/1.1 200 OK"
2026-08-12 21:22:41  HTTP Request: GET https://www.doctoralia.co/perfil/alba-lucia-mondragon-de-villarreal "HTTP/1.1 200 OK"
2026-08-12 21:22:41  HTTP Request: GET https://www.doctoralia.co/perfil/gruntoradova-karin-franco "HTTP/1.1 200 OK"
2026-08-12 21:22:42  HTTP Request: GET https://www.doctoralia.co/perfil/mojica-de-sanchez-lucrecia "HTTP/1.1 200 OK"
2026-08-12 21:22:42  HTTP Request: GET https://www.doctoralia.co/perfil/juan-carlos-gutierrez-hernandez "HTTP/1.1 200 OK"
2026-08-12 21:22:42  HTTP Request: GET https://www.doctoralia.co/perfil/jaime-martinez-herrera "HTTP/1.1 200 OK"
2026-08-12 21:22:42  HTTP Request: GET https://www.doctoralia.co/perfil/beatriz-cotes-benitez "HTTP/1.1 200 OK"
2026-08-12 21:22:43  HTTP Request: GET https://www.doctoralia.co/perfil/eduardo-guardiola-martin "HTTP/1.1 200 OK"
2026-08-12 21:22:43  HTTP Request: GET https://www.doctoralia.co/perfil/antonio-javier-chamat "HTTP/1.1 200 OK"
2026-08-12 21:22:43  HTTP Request: GET https://www.doctoralia.co/perfil/manuel-vives-perez "HTTP/1.1 200 OK"
2026-08-12 21:22:43  HTTP Request: GET https://www.doctoralia.co/perfil/orlando-villamizar-galviz "HTTP/1.1 200 OK"
2026-08-12 21:22:43  HTTP Request: GET https://www.doctoralia.co/perfil/francisco-jose-giraldo-garcia "HTTP/1.1 200 OK"
2026-08-12 21:22:44  HTTP Request: GET https://www.doctoralia.co/perfil/ips-andes-ltda "HTTP/1.1 200 OK"
2026-08-12 21:22:44  HTTP Request: GET https://www.doctoralia.co/perfil/tamara-stella-cantillo-hernandez "HTTP/1.1 200 OK"
2026-08-12 21:22:44  HTTP Request: GET https://www.doctoralia.co/perfil/gloria-ines-vargas-chaparro "HTTP/1.1 200 OK"
2026-08-12 21:22:44  HTTP Request: GET https://www.doctoralia.co/perfil/hector-vargas-arbelaez "HTTP/1.1 200 OK"
2026-08-12 21:22:44  HTTP Request: GET https://www.doctoralia.co/perfil/alberto-ruiz-german "HTTP/1.1 200 OK"
2026-08-12 21:22:45  HTTP Request: GET https://www.doctoralia.co/perfil/ricardo-fernando-caicedo-garcia "HTTP/1.1 200 OK"
2026-08-12 21:22:45  HTTP Request: GET https://www.doctoralia.co/perfil/hector-efr-jaramillo-villareal "HTTP/1.1 200 OK"
2026-08-12 21:22:45    1637 perfiles  (255 con teléfono, 0 fallos)
2026-08-12 21:22:45  HTTP Request: GET https://www.doctoralia.co/perfil/emiliano-vargas-gomez "HTTP/1.1 200 OK"
2026-08-12 21:22:45  HTTP Request: GET https://www.doctoralia.co/perfil/ivan-dario-ramirez-londono "HTTP/1.1 200 OK"
2026-08-12 21:22:46  HTTP Request: GET https://www.doctoralia.co/perfil/enrique-acuna-arico-alberto-jose-nello "HTTP/1.1 200 OK"
2026-08-12 21:22:46  HTTP Request: GET https://www.doctoralia.co/perfil/lucia-abdala-tarud "HTTP/1.1 200 OK"
2026-08-12 21:22:46  HTTP Request: GET https://www.doctoralia.co/perfil/edith-gonzalez-franco "HTTP/1.1 200 OK"
2026-08-12 21:22:46  HTTP Request: GET https://www.doctoralia.co/perfil/miguel-augusto-godin-diaz "HTTP/1.1 200 OK"
2026-08-12 21:22:46  HTTP Request: GET https://www.doctoralia.co/perfil/nelson-castro-monsalve "HTTP/1.1 200 OK"
2026-08-12 21:22:47  HTTP Request: GET https://www.doctoralia.co/perfil/miguel-antonio-rodriguez-contreras "HTTP/1.1 200 OK"
2026-08-12 21:22:47  HTTP Request: GET https://www.doctoralia.co/perfil/edgar-norena-mosquera "HTTP/1.1 200 OK"
2026-08-12 21:22:47  HTTP Request: GET https://www.doctoralia.co/perfil/jorge-alberto-carbonell-asmar "HTTP/1.1 200 OK"
2026-08-12 21:22:47  HTTP Request: GET https://www.doctoralia.co/perfil/jorge-rueda-duran "HTTP/1.1 200 OK"
2026-08-12 21:22:48  HTTP Request: GET https://www.doctoralia.co/perfil/daniel-humberto-fernandez-gonzalez "HTTP/1.1 200 OK"
2026-08-12 21:22:48  HTTP Request: GET https://www.doctoralia.co/perfil/rafael-portillo-caceres-eliecer "HTTP/1.1 200 OK"
2026-08-12 21:22:48  HTTP Request: GET https://www.doctoralia.co/perfil/victoria-espinoza-maria "HTTP/1.1 200 OK"
2026-08-12 21:22:48  HTTP Request: GET https://www.doctoralia.co/perfil/maria-cano-lyda "HTTP/1.1 200 OK"
2026-08-12 21:22:48  HTTP Request: GET https://www.doctoralia.co/perfil/marco-julio-velazquez-vega "HTTP/1.1 200 OK"
2026-08-12 21:22:49  HTTP Request: GET https://www.doctoralia.co/perfil/jorge-a-escobar-bejarano "HTTP/1.1 200 OK"
2026-08-12 21:22:49  HTTP Request: GET https://www.doctoralia.co/perfil/janire-buelvas-caparroso "HTTP/1.1 200 OK"
2026-08-12 21:22:49  HTTP Request: GET https://www.doctoralia.co/perfil/antonio-soto-yances "HTTP/1.1 200 OK"
2026-08-12 21:22:49  HTTP Request: GET https://www.doctoralia.co/perfil/echeverry-benjamin-di-filippo "HTTP/1.1 200 OK"
2026-08-12 21:22:50  HTTP Request: GET https://www.doctoralia.co/perfil/raquel-maria-sierra-marin "HTTP/1.1 200 OK"
2026-08-12 21:22:50  HTTP Request: GET https://www.doctoralia.co/perfil/diego-rubiano-zarate "HTTP/1.1 200 OK"
2026-08-12 21:22:50  HTTP Request: GET https://www.doctoralia.co/perfil/saulo-molina-giraldo "HTTP/1.1 200 OK"
2026-08-12 21:22:50  HTTP Request: GET https://www.doctoralia.co/perfil/martha-alvarez-rojas "HTTP/1.1 200 OK"
2026-08-12 21:22:50  HTTP Request: GET https://www.doctoralia.co/perfil/eliana-m-quintero-roa "HTTP/1.1 200 OK"
2026-08-12 21:22:51  HTTP Request: GET https://www.doctoralia.co/perfil/carlos-alberto-gonzalez-ossa "HTTP/1.1 200 OK"
2026-08-12 21:22:51  HTTP Request: GET https://www.doctoralia.co/perfil/martin-rodriguez "HTTP/1.1 200 OK"
2026-08-12 21:22:51  HTTP Request: GET https://www.doctoralia.co/perfil/carlos-diaz-reyes "HTTP/1.1 200 OK"
2026-08-12 21:22:51    1662 perfiles  (255 con teléfono, 0 fallos)
2026-08-12 21:22:52  HTTP Request: GET https://www.doctoralia.co/perfil/pilar-andrea-uribe-ibanez "HTTP/1.1 200 OK"
2026-08-12 21:22:52  HTTP Request: GET https://www.doctoralia.co/perfil/maria-fernanda-lucas "HTTP/1.1 200 OK"
2026-08-12 21:22:52  HTTP Request: GET https://www.doctoralia.co/perfil/mauricio-camacho-torres-2 "HTTP/1.1 200 OK"
2026-08-12 21:22:52  HTTP Request: GET https://www.doctoralia.co/perfil/coralia-carrillo "HTTP/1.1 200 OK"
2026-08-12 21:22:52  HTTP Request: GET https://www.doctoralia.co/perfil/alvaro-alejandro-diaz-gonzalez "HTTP/1.1 200 OK"
2026-08-12 21:22:53  HTTP Request: GET https://www.doctoralia.co/perfil/diego-leon-gaviria-mendez "HTTP/1.1 200 OK"
2026-08-12 21:22:53  HTTP Request: GET https://www.doctoralia.co/perfil/alba-mercedes-londono-torres "HTTP/1.1 200 OK"
2026-08-12 21:22:53  HTTP Request: GET https://www.doctoralia.co/perfil/german-correal-cifuentes "HTTP/1.1 200 OK"
2026-08-12 21:22:53  HTTP Request: GET https://www.doctoralia.co/perfil/juan-carlos-vanegas-lopez "HTTP/1.1 200 OK"
2026-08-12 21:22:53  HTTP Request: GET https://www.doctoralia.co/clinicas/sonomedic "HTTP/1.1 200 OK"
2026-08-12 21:22:53  HTTP Request: GET https://www.doctoralia.co/perfil/janer-sepulveda-agudelo "HTTP/1.1 200 OK"
2026-08-12 21:22:54  HTTP Request: GET https://www.doctoralia.co/perfil/luis-fernando-tobon-trujillo-2 "HTTP/1.1 200 OK"
2026-08-12 21:22:54  HTTP Request: GET https://www.doctoralia.co/perfil/davila-rodriguez-mercy-lucia "HTTP/1.1 200 OK"
2026-08-12 21:22:54  HTTP Request: GET https://www.doctoralia.co/perfil/gil-alvaro-gomez "HTTP/1.1 200 OK"
2026-08-12 21:22:54  HTTP Request: GET https://www.doctoralia.co/perfil/jairo-salazar-grisales-jhon "HTTP/1.1 200 OK"
2026-08-12 21:22:55  HTTP Request: GET https://www.doctoralia.co/perfil/franco-luis-eduardo-silva "HTTP/1.1 200 OK"
2026-08-12 21:22:55  HTTP Request: GET https://www.doctoralia.co/perfil/juan-carlos-echeverry-palacios "HTTP/1.1 200 OK"
2026-08-12 21:22:55  HTTP Request: GET https://www.doctoralia.co/perfil/williams-de-jesus-hurtado-toro "HTTP/1.1 200 OK"
2026-08-12 21:22:55  HTTP Request: GET https://www.doctoralia.co/perfil/liliana-castaneda-roldan "HTTP/1.1 200 OK"
2026-08-12 21:22:55  HTTP Request: GET https://www.doctoralia.co/perfil/angeles-acosta-fontalvo-leonor-de-los "HTTP/1.1 200 OK"
2026-08-12 21:22:56  HTTP Request: GET https://www.doctoralia.co/perfil/esteban-jacome-ruales "HTTP/1.1 200 OK"
2026-08-12 21:22:56  HTTP Request: GET https://www.doctoralia.co/perfil/jose-sanchez-consuegra "HTTP/1.1 200 OK"
2026-08-12 21:22:56  HTTP Request: GET https://www.doctoralia.co/perfil/german-enrique-sabogal-marino "HTTP/1.1 200 OK"
2026-08-12 21:22:56  HTTP Request: GET https://www.doctoralia.co/perfil/gloria-esper-hoyos-aristizabal "HTTP/1.1 200 OK"
2026-08-12 21:22:56  HTTP Request: GET https://www.doctoralia.co/perfil/orlando-restrepo-ochoa "HTTP/1.1 200 OK"
2026-08-12 21:22:56    1687 perfiles  (255 con teléfono, 0 fallos)
2026-08-12 21:22:57  HTTP Request: GET https://www.doctoralia.co/perfil/andres-felipe-nunez-martinez "HTTP/1.1 200 OK"
2026-08-12 21:22:57  HTTP Request: GET https://www.doctoralia.co/perfil/eduardo-serna-agudelo "HTTP/1.1 200 OK"
2026-08-12 21:22:57  HTTP Request: GET https://www.doctoralia.co/perfil/darling-aguilar-villarreal "HTTP/1.1 200 OK"
2026-08-12 21:22:57  HTTP Request: GET https://www.doctoralia.co/perfil/paola-orrego-zapata "HTTP/1.1 200 OK"
2026-08-12 21:22:58  HTTP Request: GET https://www.doctoralia.co/perfil/cristina-sanchez-lucia "HTTP/1.1 200 OK"
2026-08-12 21:22:58  HTTP Request: GET https://www.doctoralia.co/perfil/german-tovar "HTTP/1.1 200 OK"
2026-08-12 21:22:58  HTTP Request: GET https://www.doctoralia.co/perfil/nelly-santana-corredor "HTTP/1.1 200 OK"
2026-08-12 21:22:58  HTTP Request: GET https://www.doctoralia.co/perfil/pablo-andres-gonzalez-palacio "HTTP/1.1 200 OK"
2026-08-12 21:22:59  HTTP Request: GET https://www.doctoralia.co/perfil/antonio-gonzales-osorio "HTTP/1.1 200 OK"
2026-08-12 21:22:59  HTTP Request: GET https://www.doctoralia.co/perfil/enrique-gomez-javier "HTTP/1.1 200 OK"
2026-08-12 21:22:59  HTTP Request: GET https://www.doctoralia.co/perfil/lucrecia-del-rosario-mojica-silva "HTTP/1.1 200 OK"
2026-08-12 21:22:59  HTTP Request: GET https://www.doctoralia.co/perfil/lamus-becerra-ricardo-alfredo "HTTP/1.1 200 OK"
2026-08-12 21:22:59  HTTP Request: GET https://www.doctoralia.co/perfil/diego-villegas-juan "HTTP/1.1 200 OK"
2026-08-12 21:23:00  HTTP Request: GET https://www.doctoralia.co/perfil/anibal-nicolas-del-cristo-mendoza-guete "HTTP/1.1 200 OK"
2026-08-12 21:23:00  HTTP Request: GET https://www.doctoralia.co/perfil/mario-rebolledo-ardila "HTTP/1.1 200 OK"
2026-08-12 21:23:00  HTTP Request: GET https://www.doctoralia.co/perfil/miriam-consuelo-pineda-bernal "HTTP/1.1 200 OK"
2026-08-12 21:23:00  HTTP Request: GET https://www.doctoralia.co/perfil/andres-lopez-marrugo-2 "HTTP/1.1 200 OK"
2026-08-12 21:23:00  HTTP Request: GET https://www.doctoralia.co/perfil/jorge-borrego-fuemayor "HTTP/1.1 200 OK"
2026-08-12 21:23:00  HTTP Request: GET https://www.doctoralia.co/perfil/jose-ignacio-pardo-rodriguez "HTTP/1.1 200 OK"
2026-08-12 21:23:01  HTTP Request: GET https://www.doctoralia.co/perfil/dangond-jorge-fernandez-de-castro "HTTP/1.1 200 OK"
2026-08-12 21:23:01  HTTP Request: GET https://www.doctoralia.co/perfil/barrera-toro-juan-guillermo "HTTP/1.1 200 OK"
2026-08-12 21:23:01  HTTP Request: GET https://www.doctoralia.co/perfil/gustavo-alonso-ciendua-calderon-2 "HTTP/1.1 200 OK"
2026-08-12 21:23:01  HTTP Request: GET https://www.doctoralia.co/perfil/carlos-mario-hurtado-arango "HTTP/1.1 200 OK"
2026-08-12 21:23:01  HTTP Request: GET https://www.doctoralia.co/perfil/maria-del-valle-calderon-flor "HTTP/1.1 200 OK"
2026-08-12 21:23:02    1712 perfiles  (255 con teléfono, 0 fallos)
2026-08-12 21:23:02  HTTP Request: GET https://www.doctoralia.co/perfil/rosario-navas-camacho "HTTP/1.1 200 OK"
2026-08-12 21:23:02  HTTP Request: GET https://www.doctoralia.co/perfil/antoni-gallego-norena-gildardo "HTTP/1.1 200 OK"
2026-08-12 21:23:02  HTTP Request: GET https://www.doctoralia.co/perfil/gustavo-alberto-pelaez-molina "HTTP/1.1 200 OK"
2026-08-12 21:23:02  HTTP Request: GET https://www.doctoralia.co/perfil/carlos-m-sarmiento-sarmiento "HTTP/1.1 200 OK"
2026-08-12 21:23:02  HTTP Request: GET https://www.doctoralia.co/perfil/andrajaqueline-beltran-higuera "HTTP/1.1 200 OK"
2026-08-12 21:23:03  HTTP Request: GET https://www.doctoralia.co/perfil/carlos-andres-arias "HTTP/1.1 200 OK"
2026-08-12 21:23:03  HTTP Request: GET https://www.doctoralia.co/perfil/lina-maria-trujillo-sanchez "HTTP/1.1 200 OK"
2026-08-12 21:23:03  HTTP Request: GET https://www.doctoralia.co/perfil/luis-alfonso-vallejo-arcila "HTTP/1.1 200 OK"
2026-08-12 21:23:03  HTTP Request: GET https://www.doctoralia.co/perfil/leon-set-mauricio-santana "HTTP/1.1 200 OK"
2026-08-12 21:23:03  HTTP Request: GET https://www.doctoralia.co/perfil/alberto-menendez-barreto "HTTP/1.1 200 OK"
2026-08-12 21:23:04  HTTP Request: GET https://www.doctoralia.co/perfil/avila-jesus-cuello-de "HTTP/1.1 200 OK"
2026-08-12 21:23:04  HTTP Request: GET https://www.doctoralia.co/perfil/nelson-gustavo-castro-perez "HTTP/1.1 200 OK"
2026-08-12 21:23:04  HTTP Request: GET https://www.doctoralia.co/perfil/andres-gutierrez-aparicio "HTTP/1.1 200 OK"
2026-08-12 21:23:04  HTTP Request: GET https://www.doctoralia.co/perfil/gustavo-patino-gallego "HTTP/1.1 200 OK"
2026-08-12 21:23:05  HTTP Request: GET https://www.doctoralia.co/perfil/montaa-a-larreamendy-jorge-mauricio "HTTP/1.1 200 OK"
2026-08-12 21:23:05  HTTP Request: GET https://www.doctoralia.co/perfil/byron-adriana-messa "HTTP/1.1 200 OK"
2026-08-12 21:23:05  HTTP Request: GET https://www.doctoralia.co/perfil/nubia-lucia-cordero-lopez "HTTP/1.1 200 OK"
2026-08-12 21:23:05  HTTP Request: GET https://www.doctoralia.co/perfil/norma-cristina-perez-ramirez "HTTP/1.1 200 OK"
2026-08-12 21:23:05  HTTP Request: GET https://www.doctoralia.co/perfil/ruth-belen-rodriguez-de-clavijo "HTTP/1.1 200 OK"
2026-08-12 21:23:05  HTTP Request: GET https://www.doctoralia.co/perfil/norella-margarita-ortega-ariza "HTTP/1.1 200 OK"
2026-08-12 21:23:06  HTTP Request: GET https://www.doctoralia.co/perfil/nora-judith-del-carmen-moreno-martinez "HTTP/1.1 200 OK"
2026-08-12 21:23:06  HTTP Request: GET https://www.doctoralia.co/perfil/nora-elena-pina-ballesteros "HTTP/1.1 200 OK"
2026-08-12 21:23:07  HTTP Request: GET https://www.doctoralia.co/perfil/nilfran-javier-nottola-filomena "HTTP/1.1 200 OK"
2026-08-12 21:23:07  HTTP Request: GET https://www.doctoralia.co/perfil/miguel-roberto-maldonado-rangel "HTTP/1.1 200 OK"
2026-08-12 21:23:07  HTTP Request: GET https://www.doctoralia.co/perfil/oscar-manuel-gonzalez-armella "HTTP/1.1 200 OK"
2026-08-12 21:23:07  HTTP Request: GET https://www.doctoralia.co/perfil/miguel-german-borda-borda "HTTP/1.1 200 OK"
2026-08-12 21:23:07    1737 perfiles  (255 con teléfono, 0 fallos)
2026-08-12 21:23:07  HTTP Request: GET https://www.doctoralia.co/perfil/mauren-mercedes-castilla-rebollo "HTTP/1.1 200 OK"
2026-08-12 21:23:08  HTTP Request: GET https://www.doctoralia.co/perfil/marta-cecilia-otero-villarreal "HTTP/1.1 200 OK"
2026-08-12 21:23:08  HTTP Request: GET https://www.doctoralia.co/perfil/jenny-garces-cabal-derly "HTTP/1.1 200 OK"
2026-08-12 21:23:08  HTTP Request: GET https://www.doctoralia.co/perfil/mario-andres-santoya-pera "HTTP/1.1 200 OK"
2026-08-12 21:23:08  HTTP Request: GET https://www.doctoralia.co/perfil/oscar-fernando-serrano-ortiz "HTTP/1.1 200 OK"
2026-08-12 21:23:08  HTTP Request: GET https://www.doctoralia.co/perfil/mario-alonso-rebolledo-ardila "HTTP/1.1 200 OK"
2026-08-12 21:23:08  HTTP Request: GET https://www.doctoralia.co/perfil/oscar-de-jesus-mejia-guzman "HTTP/1.1 200 OK"
2026-08-12 21:23:09  HTTP Request: GET https://www.doctoralia.co/perfil/miryam-adriana-gomez-meneses "HTTP/1.1 200 OK"
2026-08-12 21:23:09  HTTP Request: GET https://www.doctoralia.co/perfil/martha-lucia-florez-nucira "HTTP/1.1 200 OK"
2026-08-12 21:23:09  HTTP Request: GET https://www.doctoralia.co/perfil/melissa-mariela-pedroza-fuentes "HTTP/1.1 200 OK"
2026-08-12 21:23:09  HTTP Request: GET https://www.doctoralia.co/perfil/maria-isabel-sepulveda-arango "HTTP/1.1 200 OK"
2026-08-12 21:23:09  HTTP Request: GET https://www.doctoralia.co/perfil/marisol-agudelo-gonzalez "HTTP/1.1 200 OK"
2026-08-12 21:23:10  HTTP Request: GET https://www.doctoralia.co/perfil/martha-patricia-vives-garcia "HTTP/1.1 200 OK"
2026-08-12 21:23:10  HTTP Request: GET https://www.doctoralia.co/perfil/martha-patricia-torres-polanco "HTTP/1.1 200 OK"
2026-08-12 21:23:10  HTTP Request: GET https://www.doctoralia.co/perfil/maria-paula-houghton-martinez "HTTP/1.1 200 OK"
2026-08-12 21:23:10  HTTP Request: GET https://www.doctoralia.co/perfil/maria-diana-patricia-saavedra-marin "HTTP/1.1 200 OK"
2026-08-12 21:23:11  HTTP Request: GET https://www.doctoralia.co/perfil/maria-del-pilar-melo "HTTP/1.1 200 OK"
2026-08-12 21:23:11  HTTP Request: GET https://www.doctoralia.co/perfil/luis-fernando-trujillo-gallego "HTTP/1.1 200 OK"
2026-08-12 21:23:11  HTTP Request: GET https://www.doctoralia.co/perfil/margarita-cecilia-hurtado-hurtado "HTTP/1.1 200 OK"
2026-08-12 21:23:11  HTTP Request: GET https://www.doctoralia.co/perfil/luz-marcela-celis-amortegui "HTTP/1.1 200 OK"
2026-08-12 21:23:11  HTTP Request: GET https://www.doctoralia.co/perfil/luis-felipe-estrada-bellinazzo "HTTP/1.1 200 OK"
2026-08-12 21:23:12  HTTP Request: GET https://www.doctoralia.co/perfil/luis-abigail-alzamora-taborda "HTTP/1.1 200 OK"
2026-08-12 21:23:12  HTTP Request: GET https://www.doctoralia.co/perfil/luis-humberto-uribe-gil "HTTP/1.1 200 OK"
2026-08-12 21:23:12  HTTP Request: GET https://www.doctoralia.co/perfil/luis-hernan-guzman-abi-saab "HTTP/1.1 200 OK"
2026-08-12 21:23:12    1762 perfiles  (255 con teléfono, 0 fallos)
2026-08-12 21:23:12  HTTP Request: GET https://www.doctoralia.co/perfil/libia-elena-marquez-vanegas "HTTP/1.1 200 OK"
2026-08-12 21:23:13  HTTP Request: GET https://www.doctoralia.co/perfil/luis-augusto-ferreira-baleta "HTTP/1.1 200 OK"
2026-08-12 21:23:13  HTTP Request: GET https://www.doctoralia.co/perfil/manuel-del-cristo-iriarte-ucros "HTTP/1.1 200 OK"
2026-08-12 21:23:13  HTTP Request: GET https://www.doctoralia.co/perfil/lievi-geovanni-correa-negrete "HTTP/1.1 200 OK"
2026-08-12 21:23:13  HTTP Request: GET https://www.doctoralia.co/perfil/lilian-maria-gonzalez-gomez-caceres "HTTP/1.1 200 OK"
2026-08-12 21:23:13  HTTP Request: GET https://www.doctoralia.co/perfil/franco-jorge-andres-arrazola "HTTP/1.1 200 OK"
2026-08-12 21:23:14  HTTP Request: GET https://www.doctoralia.co/perfil/walter-emilio-osorio-ramirez "HTTP/1.1 200 OK"
2026-08-12 21:23:14  HTTP Request: GET https://www.doctoralia.co/perfil/yuliana-isabel-roncancio-hurtado "HTTP/1.1 200 OK"
2026-08-12 21:23:14  HTTP Request: GET https://www.doctoralia.co/perfil/silvio-heriberto-estela-gonzalez "HTTP/1.1 200 OK"
2026-08-12 21:23:14  HTTP Request: GET https://www.doctoralia.co/perfil/francisco-javier-toro-gonzalez "HTTP/1.1 200 OK"
2026-08-12 21:23:14  HTTP Request: GET https://www.doctoralia.co/perfil/silvia-margarita-plata-hinestroza "HTTP/1.1 200 OK"
2026-08-12 21:23:15  HTTP Request: GET https://www.doctoralia.co/perfil/victoria-eugenia-cortes-ortiz "HTTP/1.1 200 OK"
2026-08-12 21:23:15  HTTP Request: GET https://www.doctoralia.co/perfil/sergio-tamayo-hussein "HTTP/1.1 200 OK"
2026-08-12 21:23:15  HTTP Request: GET https://www.doctoralia.co/perfil/ruben-alberto-cuartas-blandon "HTTP/1.1 200 OK"
2026-08-12 21:23:15  HTTP Request: GET https://www.doctoralia.co/perfil/rene-jose-tette-farias "HTTP/1.1 200 OK"
2026-08-12 21:23:15  HTTP Request: GET https://www.doctoralia.co/perfil/santiago-emel-alcala-mugno "HTTP/1.1 200 OK"
2026-08-12 21:23:16  HTTP Request: GET https://www.doctoralia.co/perfil/victor-alfonso-morera-porras "HTTP/1.1 200 OK"
2026-08-12 21:23:16  HTTP Request: GET https://www.doctoralia.co/perfil/rahisa-marcela-garcia-lucena "HTTP/1.1 200 OK"
2026-08-12 21:23:16  HTTP Request: GET https://www.doctoralia.co/perfil/veronica-patricia-quintero-caro "HTTP/1.1 200 OK"
2026-08-12 21:23:16  HTTP Request: GET https://www.doctoralia.co/perfil/vanessa-zuluaga-manrique "HTTP/1.1 200 OK"
2026-08-12 21:23:16  HTTP Request: GET https://www.doctoralia.co/perfil/tulio-berardo-jaramillo-rendon "HTTP/1.1 200 OK"
2026-08-12 21:23:17  HTTP Request: GET https://www.doctoralia.co/perfil/orlando-augusto-uribe-ramirez "HTTP/1.1 200 OK"
2026-08-12 21:23:17  HTTP Request: GET https://www.doctoralia.co/perfil/sandra-botero-vidal "HTTP/1.1 200 OK"
2026-08-12 21:23:17  HTTP Request: GET https://www.doctoralia.co/perfil/paola-amado-arias "HTTP/1.1 200 OK"
2026-08-12 21:23:17  HTTP Request: GET https://www.doctoralia.co/perfil/suly-del-carmen-mejia-herrera "HTTP/1.1 200 OK"
2026-08-12 21:23:17    1787 perfiles  (255 con teléfono, 0 fallos)
2026-08-12 21:23:18  HTTP Request: GET https://www.doctoralia.co/perfil/javier-enrique-gomez-guarin "HTTP/1.1 200 OK"
2026-08-12 21:23:18  HTTP Request: GET https://www.doctoralia.co/perfil/jose-luis-orjuela "HTTP/1.1 200 OK"
2026-08-12 21:23:18  HTTP Request: GET https://www.doctoralia.co/perfil/jairo-de-jesus-estrada-restrepo "HTTP/1.1 200 OK"
2026-08-12 21:23:18  HTTP Request: GET https://www.doctoralia.co/perfil/jose-dario-bravo-ramirez "HTTP/1.1 200 OK"
2026-08-12 21:23:18  HTTP Request: GET https://www.doctoralia.co/perfil/javier-alonso-castro-solis "HTTP/1.1 200 OK"
2026-08-12 21:23:18  HTTP Request: GET https://www.doctoralia.co/perfil/javier-alonso-romero-ariza-2 "HTTP/1.1 200 OK"
2026-08-12 21:23:19  HTTP Request: GET https://www.doctoralia.co/perfil/jaime-vallejo-cruz "HTTP/1.1 200 OK"
2026-08-12 21:23:19  HTTP Request: GET https://www.doctoralia.co/perfil/jesus-augusto-pe "HTTP/1.1 200 OK"
2026-08-12 21:23:19  HTTP Request: GET https://www.doctoralia.co/perfil/jaime-urdinola-moreno "HTTP/1.1 200 OK"
2026-08-12 21:23:19  HTTP Request: GET https://www.doctoralia.co/perfil/jakelyne-granada-garcia "HTTP/1.1 200 OK"
2026-08-12 21:23:20  HTTP Request: GET https://www.doctoralia.co/perfil/jairo-hernan-prada-vanegas "HTTP/1.1 200 OK"
2026-08-12 21:23:20  HTTP Request: GET https://www.doctoralia.co/perfil/isabel-cristina-acosta-castro "HTTP/1.1 200 OK"
2026-08-12 21:23:20  HTTP Request: GET https://www.doctoralia.co/perfil/jaime-giovanni-ruiz-casanova "HTTP/1.1 200 OK"
2026-08-12 21:23:20  HTTP Request: GET https://www.doctoralia.co/perfil/jaime-ernesto-ruiz-collazos "HTTP/1.1 200 OK"
2026-08-12 21:23:20  HTTP Request: GET https://www.doctoralia.co/perfil/jaime-enrique-ruiz-sternberg "HTTP/1.1 200 OK"
2026-08-12 21:23:21  HTTP Request: GET https://www.doctoralia.co/perfil/jaime-enrique-ruiz-acevedo "HTTP/1.1 200 OK"
2026-08-12 21:23:21  HTTP Request: GET https://www.doctoralia.co/perfil/jaime-enrique-preciado-montoya "HTTP/1.1 200 OK"
2026-08-12 21:23:21  HTTP Request: GET https://www.doctoralia.co/perfil/jaime-enrique-mendoza-varon-2 "HTTP/1.1 200 OK"
2026-08-12 21:23:21  HTTP Request: GET https://www.doctoralia.co/perfil/hoover-orlando-canaval-erazo "HTTP/1.1 200 OK"
2026-08-12 21:23:22  HTTP Request: GET https://www.doctoralia.co/perfil/hernando-alfredo-saavedra "HTTP/1.1 200 OK"
2026-08-12 21:23:22  HTTP Request: GET https://www.doctoralia.co/perfil/hernan-perez-pachon "HTTP/1.1 200 OK"
2026-08-12 21:23:22  HTTP Request: GET https://www.doctoralia.co/perfil/karl-ernst-narjes "HTTP/1.1 200 OK"
2026-08-12 21:23:22  HTTP Request: GET https://www.doctoralia.co/perfil/juan-gullermo-londono-cardona "HTTP/1.1 200 OK"
2026-08-12 21:23:22  HTTP Request: GET https://www.doctoralia.co/perfil/juan-sebastian-sandoval-estrada "HTTP/1.1 200 OK"
2026-08-12 21:23:23    1812 perfiles  (255 con teléfono, 0 fallos)
2026-08-12 21:23:23  HTTP Request: GET https://www.doctoralia.co/perfil/juan-fernando-mejia-zuniga "HTTP/1.1 200 OK"
2026-08-12 21:23:23  HTTP Request: GET https://www.doctoralia.co/perfil/juan-fernando-betancourt-velez "HTTP/1.1 200 OK"
2026-08-12 21:23:23  HTTP Request: GET https://www.doctoralia.co/perfil/juan-sebastian-agudelo-echeverry "HTTP/1.1 200 OK"
2026-08-12 21:23:23  HTTP Request: GET https://www.doctoralia.co/perfil/gustavo-a-delvasto-arjona "HTTP/1.1 200 OK"
2026-08-12 21:23:23  HTTP Request: GET https://www.doctoralia.co/perfil/liliana-maria-castaneda-roldan "HTTP/1.1 200 OK"
2026-08-12 21:23:24  HTTP Request: GET https://www.doctoralia.co/perfil/karen-jessenia-gomez-aguilar "HTTP/1.1 200 OK"
2026-08-12 21:23:24  HTTP Request: GET https://www.doctoralia.co/perfil/julio-vargas-anaya "HTTP/1.1 200 OK"
2026-08-12 21:23:24  HTTP Request: GET https://www.doctoralia.co/perfil/juan-alejandro-londono-montoya "HTTP/1.1 200 OK"
2026-08-12 21:23:24  HTTP Request: GET https://www.doctoralia.co/perfil/juan-diego-villegas-echeverri "HTTP/1.1 200 OK"
2026-08-12 21:23:24  HTTP Request: GET https://www.doctoralia.co/perfil/jose-vicente-leon-carrero "HTTP/1.1 200 OK"
2026-08-12 21:23:25  HTTP Request: GET https://www.doctoralia.co/perfil/luz-milena-baldeon-padilla "HTTP/1.1 200 OK"
2026-08-12 21:23:25  HTTP Request: GET https://www.doctoralia.co/perfil/juan-manuel-avila-castellanos "HTTP/1.1 200 OK"
2026-08-12 21:23:25  HTTP Request: GET https://www.doctoralia.co/perfil/juan-carlos-echeverri-palacios "HTTP/1.1 200 OK"
2026-08-12 21:23:26  HTTP Request: GET https://www.doctoralia.co/perfil/jose-maria-moreno-torres "HTTP/1.1 200 OK"
2026-08-12 21:23:26  HTTP Request: GET https://www.doctoralia.co/perfil/juan-carlos-beron-ventinilla "HTTP/1.1 200 OK"
2026-08-12 21:23:26  HTTP Request: GET https://www.doctoralia.co/perfil/jose-leonardo-carreno-bolano "HTTP/1.1 200 OK"
2026-08-12 21:23:26  HTTP Request: GET https://www.doctoralia.co/perfil/jose-javier-agudelo-atehortua "HTTP/1.1 200 OK"
2026-08-12 21:23:26  HTTP Request: GET https://www.doctoralia.co/perfil/luis-arnulfo-gomez-rueda "HTTP/1.1 200 OK"
2026-08-12 21:23:27  HTTP Request: GET https://www.doctoralia.co/perfil/claudia-patric-cure-valderrama "HTTP/1.1 200 OK"
2026-08-12 21:23:27  HTTP Request: GET https://www.doctoralia.co/perfil/adriana-messa-bryon "HTTP/1.1 200 OK"
2026-08-12 21:23:27  HTTP Request: GET https://www.doctoralia.co/perfil/orlando-arboleda-zu-iga "HTTP/1.1 200 OK"
2026-08-12 21:23:28  HTTP Request: GET https://www.doctoralia.co/perfil/diana-cecilia-jaramillo-posada "HTTP/1.1 200 OK"
2026-08-12 21:23:28  HTTP Request: GET https://www.doctoralia.co/perfil/carlos-florez-gomez "HTTP/1.1 200 OK"
2026-08-12 21:23:28  HTTP Request: GET https://www.doctoralia.co/perfil/hernan-escobar-bruges "HTTP/1.1 200 OK"
2026-08-12 21:23:28  HTTP Request: GET https://www.doctoralia.co/perfil/istina-lopez-ruiz-claudia-cra "HTTP/1.1 200 OK"
2026-08-12 21:23:28  HTTP Request: GET https://www.doctoralia.co/perfil/luisa-inery-baron-garcia "HTTP/1.1 200 OK"
2026-08-12 21:23:29    1837 perfiles  (255 con teléfono, 0 fallos)
2026-08-12 21:23:29  HTTP Request: GET https://www.doctoralia.co/perfil/paola-andrea-benitez-garcia "HTTP/1.1 200 OK"
2026-08-12 21:23:29  HTTP Request: GET https://www.doctoralia.co/perfil/alber-giraldo-echeverri-hernan "HTTP/1.1 200 OK"
2026-08-12 21:23:29  HTTP Request: GET https://www.doctoralia.co/perfil/jose-angel-sierra-berracal "HTTP/1.1 200 OK"
2026-08-12 21:23:29  HTTP Request: GET https://www.doctoralia.co/perfil/juan-alberto-aldana-rojas "HTTP/1.1 200 OK"
2026-08-12 21:23:30  HTTP Request: GET https://www.doctoralia.co/perfil/jesus-heli-lamus-rodriguez "HTTP/1.1 200 OK"
2026-08-12 21:23:30  HTTP Request: GET https://www.doctoralia.co/perfil/jimmy-aguilera-salazar "HTTP/1.1 200 OK"
2026-08-12 21:23:30  HTTP Request: GET https://www.doctoralia.co/perfil/diaz-miguel-augusto-godin "HTTP/1.1 200 OK"
2026-08-12 21:23:30  HTTP Request: GET https://www.doctoralia.co/perfil/maria-e-bermudez-castellanos "HTTP/1.1 200 OK"
2026-08-12 21:23:31  HTTP Request: GET https://www.doctoralia.co/perfil/alvaro-alfonso-toro-yermanos "HTTP/1.1 200 OK"
2026-08-12 21:23:31  HTTP Request: GET https://www.doctoralia.co/perfil/william-de-jesus-hurtado-toro "HTTP/1.1 200 OK"
2026-08-12 21:23:31  HTTP Request: GET https://www.doctoralia.co/perfil/ximena-carolina-romero-infante "HTTP/1.1 200 OK"
2026-08-12 21:23:31  HTTP Request: GET https://www.doctoralia.co/perfil/carlos-alberto-bustamante-zuluaga "HTTP/1.1 200 OK"
2026-08-12 21:23:31  HTTP Request: GET https://www.doctoralia.co/perfil/antonio-jose-sanabria-labrador "HTTP/1.1 200 OK"
2026-08-12 21:23:32  HTTP Request: GET https://www.doctoralia.co/perfil/juan-carlos-restrepo-alvarez "HTTP/1.1 200 OK"
2026-08-12 21:23:32  HTTP Request: GET https://www.doctoralia.co/perfil/carlos-enrique-pulido-torres "HTTP/1.1 200 OK"
2026-08-12 21:23:33  HTTP Request: GET https://www.doctoralia.co/perfil/bernal-casseres-liliana-esther "HTTP/1.1 200 OK"
2026-08-12 21:23:33  HTTP Request: GET https://www.doctoralia.co/perfil/ana-doloes-perez-donado "HTTP/1.1 200 OK"
2026-08-12 21:23:33  HTTP Request: GET https://www.doctoralia.co/perfil/arcesio-orjuela-leal "HTTP/1.1 200 OK"
2026-08-12 21:23:33  HTTP Request: GET https://www.doctoralia.co/perfil/alfredo-manuel-hernandez-bossio "HTTP/1.1 200 OK"
2026-08-12 21:23:33  HTTP Request: GET https://www.doctoralia.co/perfil/ana-maria-zuniga-chaves "HTTP/1.1 200 OK"
2026-08-12 21:23:34  HTTP Request: GET https://www.doctoralia.co/perfil/sonia-amparo-daza-pabon "HTTP/1.1 200 OK"
2026-08-12 21:23:34  HTTP Request: GET https://www.doctoralia.co/perfil/alvaro-jesus-duran-rosales "HTTP/1.1 200 OK"
2026-08-12 21:23:34  HTTP Request: GET https://www.doctoralia.co/perfil/andrea-mantilla-azuero "HTTP/1.1 200 OK"
2026-08-12 21:23:34  HTTP Request: GET https://www.doctoralia.co/perfil/alvaro-jaime-serna-rodriguez "HTTP/1.1 200 OK"
2026-08-12 21:23:34  HTTP Request: GET https://www.doctoralia.co/perfil/alvaro-herrera-villegas "HTTP/1.1 200 OK"
2026-08-12 21:23:34  HTTP Request: GET https://www.doctoralia.co/perfil/alvaro-de-jesus-monterrosa-castro "HTTP/1.1 200 OK"
2026-08-12 21:23:34    1862 perfiles  (255 con teléfono, 0 fallos)
2026-08-12 21:23:35  HTTP Request: GET https://www.doctoralia.co/perfil/alejandro-jose-bonivento-jimenez "HTTP/1.1 200 OK"
2026-08-12 21:23:35  HTTP Request: GET https://www.doctoralia.co/perfil/antonio-briceno-mendez "HTTP/1.1 200 OK"
2026-08-12 21:23:35  HTTP Request: GET https://www.doctoralia.co/perfil/adriana-maria-del-socorro-alban-ossa "HTTP/1.1 200 OK"
2026-08-12 21:23:35  HTTP Request: GET https://www.doctoralia.co/perfil/alberto-de-jesus-martelo-camacho-2 "HTTP/1.1 200 OK"
2026-08-12 21:23:35  HTTP Request: GET https://www.doctoralia.co/perfil/guillermo-navarro-naranjo "HTTP/1.1 200 OK"
2026-08-12 21:23:36  HTTP Request: GET https://www.doctoralia.co/perfil/christian-alexander-carreno-vera-2 "HTTP/1.1 200 OK"
2026-08-12 21:23:36  HTTP Request: GET https://www.doctoralia.co/perfil/clara-maria-restrepo-moreno "HTTP/1.1 200 OK"
2026-08-12 21:23:36  HTTP Request: GET https://www.doctoralia.co/perfil/claudia-marcela-ramirez-martinez "HTTP/1.1 200 OK"
2026-08-12 21:23:36  HTTP Request: GET https://www.doctoralia.co/perfil/carolina-barrera-translavina "HTTP/1.1 200 OK"
2026-08-12 21:23:36  HTTP Request: GET https://www.doctoralia.co/perfil/gustavo-hernan-martinez-gomez "HTTP/1.1 200 OK"
2026-08-12 21:23:36  HTTP Request: GET https://www.doctoralia.co/perfil/celico-guzman-losada "HTTP/1.1 200 OK"
2026-08-12 21:23:37  HTTP Request: GET https://www.doctoralia.co/perfil/carlos-julian-hernandez-cuevas "HTTP/1.1 200 OK"
2026-08-12 21:23:37  HTTP Request: GET https://www.doctoralia.co/perfil/carlos-lopez-clavijo "HTTP/1.1 200 OK"
2026-08-12 21:23:37  HTTP Request: GET https://www.doctoralia.co/perfil/carlos-javier-moreno-arturo "HTTP/1.1 200 OK"
2026-08-12 21:23:37  HTTP Request: GET https://www.doctoralia.co/perfil/carlos-arturo-figueredo-molina "HTTP/1.1 200 OK"
2026-08-12 21:23:38  HTTP Request: GET https://www.doctoralia.co/perfil/carlos-arturo-cuenca-sanchez "HTTP/1.1 200 OK"
2026-08-12 21:23:38  HTTP Request: GET https://www.doctoralia.co/perfil/juan-manuel-burgos-luna "HTTP/1.1 200 OK"
2026-08-12 21:23:38  HTTP Request: GET https://www.doctoralia.co/perfil/beatriz-elena-velasquez-mejia "HTTP/1.1 200 OK"
2026-08-12 21:23:39  HTTP Request: GET https://www.doctoralia.co/perfil/carlos-hernando-paez-prieto "HTTP/1.1 200 OK"
2026-08-12 21:23:39  HTTP Request: GET https://www.doctoralia.co/perfil/carlos-alberto-villalobos-erazo "HTTP/1.1 200 OK"
2026-08-12 21:23:39  HTTP Request: GET https://www.doctoralia.co/perfil/bairon-manuel-ruiz-hoyos "HTTP/1.1 200 OK"
2026-08-12 21:23:39  HTTP Request: GET https://www.doctoralia.co/perfil/blanca-sofia-cifuentes-trujillo "HTTP/1.1 200 OK"
2026-08-12 21:23:39    1887 perfiles  (255 con teléfono, 0 fallos)
2026-08-12 21:23:39  HTTP Request: GET https://www.doctoralia.co/perfil/carlos-alberto-diaz-chevel "HTTP/1.1 200 OK"
2026-08-12 21:23:40  HTTP Request: GET https://www.doctoralia.co/perfil/frank-jose-ospina-morales "HTTP/1.1 200 OK"
2026-08-12 21:23:40  HTTP Request: GET https://www.doctoralia.co/perfil/javier-omar-rehabilitar-cucuta "HTTP/1.1 200 OK"
2026-08-12 21:23:40  HTTP Request: GET https://www.doctoralia.co/perfil/antonio-solorza-lopez "HTTP/1.1 200 OK"
2026-08-12 21:23:40  HTTP Request: GET https://www.doctoralia.co/perfil/hector-rodrigo-rojas-romero "HTTP/1.1 200 OK"
2026-08-12 21:23:41  HTTP Request: GET https://www.doctoralia.co/perfil/eliecer-rafael-portillo-caceres "HTTP/1.1 200 OK"
2026-08-12 21:23:41  HTTP Request: GET https://www.doctoralia.co/perfil/eliana-cecilia-cardona-cardona "HTTP/1.1 200 OK"
2026-08-12 21:23:41  HTTP Request: GET https://www.doctoralia.co/perfil/eliana-maria-fernanadez-leon "HTTP/1.1 200 OK"
2026-08-12 21:23:41  HTTP Request: GET https://www.doctoralia.co/perfil/esteban-mauricio-orozco-gonzalez "HTTP/1.1 200 OK"
2026-08-12 21:23:41  HTTP Request: GET https://www.doctoralia.co/perfil/eileen-patricia-maza-monroy "HTTP/1.1 200 OK"
2026-08-12 21:23:42  HTTP Request: GET https://www.doctoralia.co/perfil/edgardo-ricardo-gonzalez-arismendy "HTTP/1.1 200 OK"
2026-08-12 21:23:42  HTTP Request: GET https://www.doctoralia.co/perfil/ernesto-arturo-rossi-benavidez "HTTP/1.1 200 OK"
2026-08-12 21:23:42  HTTP Request: GET https://www.doctoralia.co/perfil/edgar-fabian-gomez-rhenals "HTTP/1.1 200 OK"
2026-08-12 21:23:42  HTTP Request: GET https://www.doctoralia.co/perfil/elkin-fabian-dorado-roncancio "HTTP/1.1 200 OK"
2026-08-12 21:23:43  HTTP Request: GET https://www.doctoralia.co/perfil/jaime-jose-botero-uribe "HTTP/1.1 200 OK"
2026-08-12 21:23:43  HTTP Request: GET https://www.doctoralia.co/perfil/diana-marcela-novoa-chavez "HTTP/1.1 200 OK"
2026-08-12 21:23:43  HTTP Request: GET https://www.doctoralia.co/perfil/daniel-santiago-alarcon-guzman "HTTP/1.1 200 OK"
2026-08-12 21:23:43  HTTP Request: GET https://www.doctoralia.co/perfil/david-rafael-rodriguez-avila "HTTP/1.1 200 OK"
2026-08-12 21:23:44  HTTP Request: GET https://www.doctoralia.co/perfil/jorge-hernando-ruiz-martinez "HTTP/1.1 200 OK"
2026-08-12 21:23:44  HTTP Request: GET https://www.doctoralia.co/perfil/david-francisco-giraldo-cardona "HTTP/1.1 200 OK"
2026-08-12 21:23:44  HTTP Request: GET https://www.doctoralia.co/perfil/daniel-eduardo-sanabria-serrano "HTTP/1.1 200 OK"
2026-08-12 21:23:44  HTTP Request: GET https://www.doctoralia.co/perfil/daniel-enrique-romero-milano "HTTP/1.1 200 OK"
2026-08-12 21:23:44  HTTP Request: GET https://www.doctoralia.co/perfil/hector-efrain-jaramillo-villarreal "HTTP/1.1 200 OK"
2026-08-12 21:23:45  HTTP Request: GET https://www.doctoralia.co/perfil/javier-rafael-alvarez-chamorro "HTTP/1.1 200 OK"
2026-08-12 21:23:45  HTTP Request: GET https://www.doctoralia.co/perfil/gustavo-mendieta-villamizar "HTTP/1.1 200 OK"
2026-08-12 21:23:45  HTTP Request: GET https://www.doctoralia.co/perfil/gloria-stella-penagos-velasquez "HTTP/1.1 200 OK"
2026-08-12 21:23:46  HTTP Request: GET https://www.doctoralia.co/perfil/gustavo-adolfo-caraballo-mass "HTTP/1.1 200 OK"
2026-08-12 21:23:46  HTTP Request: GET https://www.doctoralia.co/perfil/jorge-consuegra-otero "HTTP/1.1 200 OK"
2026-08-12 21:23:46    1912 perfiles  (255 con teléfono, 0 fallos)
2026-08-12 21:23:46  HTTP Request: GET https://www.doctoralia.co/perfil/guillermo-maria-saenz-hernandez "HTTP/1.1 200 OK"
2026-08-12 21:23:46  HTTP Request: GET https://www.doctoralia.co/perfil/guillermo-leon-orozco-martinez "HTTP/1.1 200 OK"
2026-08-12 21:23:46  HTTP Request: GET https://www.doctoralia.co/perfil/guillermo-jose-hoyos-nader "HTTP/1.1 200 OK"
2026-08-12 21:23:47  HTTP Request: GET https://www.doctoralia.co/perfil/guillermo-de-jesus-henao "HTTP/1.1 200 OK"
2026-08-12 21:23:47  HTTP Request: GET https://www.doctoralia.co/perfil/guillemo-garrido-mejia "HTTP/1.1 200 OK"
2026-08-12 21:23:47  HTTP Request: GET https://www.doctoralia.co/perfil/gavi-elvira-velez-madrid "HTTP/1.1 200 OK"
2026-08-12 21:23:48  HTTP Request: GET https://www.doctoralia.co/perfil/francisco-refael-osorio-mendoza "HTTP/1.1 200 OK"
2026-08-12 21:23:48  HTTP Request: GET https://www.doctoralia.co/perfil/helbert-nicasio-ruiz-gonzalez "HTTP/1.1 200 OK"
2026-08-12 21:23:48  HTTP Request: GET https://www.doctoralia.co/perfil/gabriel-eduardo-florez-borja "HTTP/1.1 200 OK"
2026-08-12 21:23:48  HTTP Request: GET https://www.doctoralia.co/perfil/francisco-javier-sanmiguel-tovar "HTTP/1.1 200 OK"
2026-08-12 21:23:49  HTTP Request: GET https://www.doctoralia.co/perfil/fernanda-patricia-gomez-molina "HTTP/1.1 200 OK"
2026-08-12 21:23:49  HTTP Request: GET https://www.doctoralia.co/perfil/german-eugenio-osorio-chica "HTTP/1.1 200 OK"
2026-08-12 21:23:49  HTTP Request: GET https://www.doctoralia.co/perfil/francisco-edna-estrada "HTTP/1.1 200 OK"
2026-08-12 21:23:49  HTTP Request: GET https://www.doctoralia.co/perfil/felix-pascual-bedoya "HTTP/1.1 200 OK"
2026-08-12 21:23:49  HTTP Request: GET https://www.doctoralia.co/perfil/francisco-de-paula-vergara-villarreal "HTTP/1.1 200 OK"
2026-08-12 21:23:50  HTTP Request: GET https://www.doctoralia.co/perfil/alba-lucia-zuluaga-valencia "HTTP/1.1 200 OK"
2026-08-12 21:23:50  HTTP Request: GET https://www.doctoralia.co/perfil/carlos-bernardo-caparroso-perez "HTTP/1.1 200 OK"
2026-08-12 21:23:50  HTTP Request: GET https://www.doctoralia.co/perfil/abdon-gregorio-monterroza-blanco "HTTP/1.1 200 OK"
2026-08-12 21:23:51  HTTP Request: GET https://www.doctoralia.co/perfil/ninfa-patricia-cohen-pinillos "HTTP/1.1 200 OK"
2026-08-12 21:23:51  HTTP Request: GET https://www.doctoralia.co/perfil/abdala-jose-guerra-lopez "HTTP/1.1 200 OK"
2026-08-12 21:23:51  HTTP Request: GET https://www.doctoralia.co/perfil/alberto-giraldo-echeverry-hernan "HTTP/1.1 200 OK"
2026-08-12 21:23:51  HTTP Request: GET https://www.doctoralia.co/perfil/adriano-guillermo-mejia-caez "HTTP/1.1 200 OK"
2026-08-12 21:23:51  HTTP Request: GET https://www.doctoralia.co/perfil/amaya-lacides-moscote "HTTP/1.1 200 OK"
2026-08-12 21:23:52    1937 perfiles  (255 con teléfono, 0 fallos)
2026-08-12 21:23:52  HTTP Request: GET https://www.doctoralia.co/perfil/blanca-lorenza-correa-de-halpert "HTTP/1.1 200 OK"
2026-08-12 21:23:52  HTTP Request: GET https://www.doctoralia.co/perfil/angelica-maria-jimenez-mejia "HTTP/1.1 200 OK"
2026-08-12 21:23:52  HTTP Request: GET https://www.doctoralia.co/perfil/carolina-benavides-duque "HTTP/1.1 200 OK"
2026-08-12 21:23:52  HTTP Request: GET https://www.doctoralia.co/perfil/jorge-elias-pelaez-vallejo "HTTP/1.1 200 OK"
2026-08-12 21:23:52  HTTP Request: GET https://www.doctoralia.co/perfil/maria-olga-cajiao-astorquiza "HTTP/1.1 200 OK"
2026-08-12 21:23:53  HTTP Request: GET https://www.doctoralia.co/perfil/javier-a-gonzalez-jimenez "HTTP/1.1 200 OK"
2026-08-12 21:23:53  HTTP Request: GET https://www.doctoralia.co/perfil/alejandro-alvaro-morales-velez "HTTP/1.1 200 OK"
2026-08-12 21:23:53  HTTP Request: GET https://www.doctoralia.co/perfil/adriana-maria-cuartas-calle "HTTP/1.1 200 OK"
2026-08-12 21:23:53  HTTP Request: GET https://www.doctoralia.co/perfil/dairo-de-jesus-gutierrez-cuello "HTTP/1.1 200 OK"
2026-08-12 21:23:54  HTTP Request: GET https://www.doctoralia.co/perfil/alcira-alba-acevedo "HTTP/1.1 200 OK"
2026-08-12 21:23:54  HTTP Request: GET https://www.doctoralia.co/perfil/efrain-enrique-orozco-sandoval "HTTP/1.1 200 OK"
2026-08-12 21:23:54  HTTP Request: GET https://www.doctoralia.co/perfil/antonio-builes-correa "HTTP/1.1 200 OK"
2026-08-12 21:23:54  HTTP Request: GET https://www.doctoralia.co/perfil/juan-carlos-romero-contreras "HTTP/1.1 200 OK"
2026-08-12 21:23:55  HTTP Request: GET https://www.doctoralia.co/perfil/jorge-hernando-mejia-restrepo "HTTP/1.1 200 OK"
2026-08-12 21:23:55  HTTP Request: GET https://www.doctoralia.co/perfil/clara-ines-mejia-zapata "HTTP/1.1 200 OK"
2026-08-12 21:23:55  HTTP Request: GET https://www.doctoralia.co/perfil/tatiana-galvis-galvis "HTTP/1.1 200 OK"
2026-08-12 21:23:55  HTTP Request: GET https://www.doctoralia.co/perfil/heriberto-rafael-santana-torrenegra "HTTP/1.1 200 OK"
2026-08-12 21:23:56  HTTP Request: GET https://www.doctoralia.co/perfil/juan-carlos-narvaez-gonzalez "HTTP/1.1 200 OK"
2026-08-12 21:23:56  HTTP Request: GET https://www.doctoralia.co/perfil/bertha-alicia-hernandez-mejia "HTTP/1.1 200 OK"
2026-08-12 21:23:56  HTTP Request: GET https://www.doctoralia.co/perfil/jorge-andres-jaramillo-garcia "HTTP/1.1 200 OK"
2026-08-12 21:23:56  HTTP Request: GET https://www.doctoralia.co/perfil/dario-rafael-guzman-piedrahita "HTTP/1.1 200 OK"
2026-08-12 21:23:56  HTTP Request: GET https://www.doctoralia.co/perfil/petronio-perez-alvarez "HTTP/1.1 200 OK"
2026-08-12 21:23:57  HTTP Request: GET https://www.doctoralia.co/perfil/eduardo-puentes-canon "HTTP/1.1 200 OK"
2026-08-12 21:23:57  HTTP Request: GET https://www.doctoralia.co/perfil/jaime-roberto-patino-pino "HTTP/1.1 200 OK"
2026-08-12 21:23:57  HTTP Request: GET https://www.doctoralia.co/perfil/acuna-arico-alberto-jose "HTTP/1.1 200 OK"
2026-08-12 21:23:57  HTTP Request: GET https://www.doctoralia.co/perfil/alvarado-garzon-clara-cecilia "HTTP/1.1 200 OK"
2026-08-12 21:23:57    1962 perfiles  (255 con teléfono, 0 fallos)
2026-08-12 21:23:57  HTTP Request: GET https://www.doctoralia.co/perfil/tcherassi-bibiana "HTTP/1.1 200 OK"
2026-08-12 21:23:58  HTTP Request: GET https://www.doctoralia.co/perfil/romero-arroyo-david-eli "HTTP/1.1 200 OK"
2026-08-12 21:23:58  HTTP Request: GET https://www.doctoralia.co/perfil/veronica-isaza-alvarez "HTTP/1.1 200 OK"
2026-08-12 21:23:58  HTTP Request: GET https://www.doctoralia.co/perfil/daguer-carlos-castillo "HTTP/1.1 200 OK"
2026-08-12 21:23:58  HTTP Request: GET https://www.doctoralia.co/perfil/solano-gustavo-parra "HTTP/1.1 200 OK"
2026-08-12 21:23:58  HTTP Request: GET https://www.doctoralia.co/perfil/araujo-fabian-olivella "HTTP/1.1 200 OK"
2026-08-12 21:23:59  HTTP Request: GET https://www.doctoralia.co/perfil/valderrama-franklin-lucy-sthella "HTTP/1.1 200 OK"
2026-08-12 21:23:59  HTTP Request: GET https://www.doctoralia.co/perfil/ariza-norella-ortega "HTTP/1.1 200 OK"
2026-08-12 21:23:59  HTTP Request: GET https://www.doctoralia.co/perfil/escalante-yanire-castro "HTTP/1.1 200 OK"
2026-08-12 21:23:59  HTTP Request: GET https://www.doctoralia.co/perfil/de-la-rosa-blas-cepeda "HTTP/1.1 200 OK"
2026-08-12 21:23:59  HTTP Request: GET https://www.doctoralia.co/perfil/usta-chica-juan-fernando "HTTP/1.1 200 OK"
2026-08-12 21:24:00  HTTP Request: GET https://www.doctoralia.co/perfil/castiblanco-wilder "HTTP/1.1 200 OK"
2026-08-12 21:24:00  HTTP Request: GET https://www.doctoralia.co/perfil/gomez-maria-catalina "HTTP/1.1 200 OK"
2026-08-12 21:24:00  HTTP Request: GET https://www.doctoralia.co/perfil/contreras-clara-torres "HTTP/1.1 200 OK"
2026-08-12 21:24:00  HTTP Request: GET https://www.doctoralia.co/perfil/zuniga-gerlin-agamez "HTTP/1.1 200 OK"
2026-08-12 21:24:01  HTTP Request: GET https://www.doctoralia.co/perfil/murcia-abelardo-motta "HTTP/1.1 200 OK"
2026-08-12 21:24:01  HTTP Request: GET https://www.doctoralia.co/perfil/navia-raul-escobar "HTTP/1.1 200 OK"
2026-08-12 21:24:01  HTTP Request: GET https://www.doctoralia.co/perfil/moreno-rodriguez-jairo-humberto "HTTP/1.1 200 OK"
2026-08-12 21:24:01  HTTP Request: GET https://www.doctoralia.co/perfil/isabel-cristina-holguin "HTTP/1.1 200 OK"
2026-08-12 21:24:01  HTTP Request: GET https://www.doctoralia.co/perfil/neira-cesar-alejandro "HTTP/1.1 200 OK"
2026-08-12 21:24:02  HTTP Request: GET https://www.doctoralia.co/perfil/angarita-jacinto-sanchez "HTTP/1.1 200 OK"
2026-08-12 21:24:02  HTTP Request: GET https://www.doctoralia.co/perfil/daza-henry-rodriguez "HTTP/1.1 200 OK"
2026-08-12 21:24:02  HTTP Request: GET https://www.doctoralia.co/perfil/vallejo-obando-carlos-arturo "HTTP/1.1 200 OK"
2026-08-12 21:24:02    1987 perfiles  (255 con teléfono, 0 fallos)
2026-08-12 21:24:02  HTTP Request: GET https://www.doctoralia.co/perfil/nestor-raul-martinez-pizzaro "HTTP/1.1 200 OK"
2026-08-12 21:24:02  HTTP Request: GET https://www.doctoralia.co/perfil/camilo-prado-barragan "HTTP/1.1 200 OK"
2026-08-12 21:24:03  HTTP Request: GET https://www.doctoralia.co/perfil/manuel-ignacio-amat-ramos "HTTP/1.1 200 OK"
2026-08-12 21:24:03  HTTP Request: GET https://www.doctoralia.co/perfil/jorge-de-avila "HTTP/1.1 200 OK"
2026-08-12 21:24:03  HTTP Request: GET https://www.doctoralia.co/perfil/felipe-vergara-quintero "HTTP/1.1 200 OK"
2026-08-12 21:24:04  HTTP Request: GET https://www.doctoralia.co/perfil/manuel-trujillo-toro-j "HTTP/1.1 200 OK"
2026-08-12 21:24:04  HTTP Request: GET https://www.doctoralia.co/perfil/luz-nelly-tinjaca-de-gonzalez "HTTP/1.1 200 OK"
2026-08-12 21:24:04  HTTP Request: GET https://www.doctoralia.co/perfil/maria-consuelo-gonzalez "HTTP/1.1 200 OK"
2026-08-12 21:24:04  HTTP Request: GET https://www.doctoralia.co/perfil/carlos-eduardo-villalobos-gonzalez "HTTP/1.1 200 OK"
2026-08-12 21:24:04  HTTP Request: GET https://www.doctoralia.co/perfil/cesar-augusto-prieto-avila "HTTP/1.1 200 OK"
2026-08-12 21:24:04    error RemoteProtocolError en https://www.doctoralia.co/perfil/carlos-eduardo-villalobos-gonzalez — reintento en 3s
2026-08-12 21:24:05  HTTP Request: GET https://www.doctoralia.co/perfil/jhon-jairo-rojas-pedraza "HTTP/1.1 200 OK"
2026-08-12 21:24:05  HTTP Request: GET https://www.doctoralia.co/perfil/giovanni-ruiz "HTTP/1.1 200 OK"
2026-08-12 21:24:05  HTTP Request: GET https://www.doctoralia.co/perfil/gustavo-adolfo-vasquez "HTTP/1.1 200 OK"
2026-08-12 21:24:05  HTTP Request: GET https://www.doctoralia.co/perfil/gustavo-alberto-luna "HTTP/1.1 200 OK"
2026-08-12 21:24:06  HTTP Request: GET https://www.doctoralia.co/perfil/luz-angela-torres-florez "HTTP/1.1 200 OK"
2026-08-12 21:24:06  HTTP Request: GET https://www.doctoralia.co/perfil/juan-carlos-quintero "HTTP/1.1 200 OK"
2026-08-12 21:24:06  HTTP Request: GET https://www.doctoralia.co/perfil/jairo-giraldo-guerrero "HTTP/1.1 200 OK"
2026-08-12 21:24:07  HTTP Request: GET https://www.doctoralia.co/perfil/enrique-herrera "HTTP/1.1 200 OK"
2026-08-12 21:24:07  HTTP Request: GET https://www.doctoralia.co/perfil/luis-horacio-de-la-roche-velez "HTTP/1.1 200 OK"
2026-08-12 21:24:07  HTTP Request: GET https://www.doctoralia.co/perfil/eduardo-romero "HTTP/1.1 200 OK"
2026-08-12 21:24:07  HTTP Request: GET https://www.doctoralia.co/perfil/carlos-eduardo-villalobos-gonzalez "HTTP/1.1 200 OK"
2026-08-12 21:24:08  HTTP Request: GET https://www.doctoralia.co/perfil/ana-maria-rebolledo "HTTP/1.1 200 OK"
2026-08-12 21:24:08  HTTP Request: GET https://www.doctoralia.co/perfil/fabio-leonardo-munoz "HTTP/1.1 200 OK"
2026-08-12 21:24:08  HTTP Request: GET https://www.doctoralia.co/perfil/sandra-margari-carrillo-garcia "HTTP/1.1 200 OK"
2026-08-12 21:24:08  HTTP Request: GET https://www.doctoralia.co/perfil/reynaldo-guerrero-ortega "HTTP/1.1 200 OK"
2026-08-12 21:24:08  HTTP Request: GET https://www.doctoralia.co/perfil/diego-salazar-tafur "HTTP/1.1 200 OK"
2026-08-12 21:24:09  HTTP Request: GET https://www.doctoralia.co/perfil/jhon-jairo-castro-jaramillo "HTTP/1.1 200 OK"
2026-08-12 21:24:09  HTTP Request: GET https://www.doctoralia.co/perfil/jaime-lopez-marin "HTTP/1.1 200 OK"
2026-08-12 21:24:09  HTTP Request: GET https://www.doctoralia.co/perfil/harold-enrique-bolanos-rebolledo "HTTP/1.1 200 OK"
2026-08-12 21:24:09    2012 perfiles  (255 con teléfono, 0 fallos)
2026-08-12 21:24:09  HTTP Request: GET https://www.doctoralia.co/perfil/carlos-augusto-durango-medina "HTTP/1.1 200 OK"
2026-08-12 21:24:09  HTTP Request: GET https://www.doctoralia.co/perfil/hernando-garcia-velasco "HTTP/1.1 200 OK"
2026-08-12 21:24:10  HTTP Request: GET https://www.doctoralia.co/perfil/aura-sofia-arbelaez-giraldo "HTTP/1.1 200 OK"
2026-08-12 21:24:10  HTTP Request: GET https://www.doctoralia.co/perfil/augusto-grajales-marulanda-cesar "HTTP/1.1 200 OK"
2026-08-12 21:24:10  HTTP Request: GET https://www.doctoralia.co/perfil/jairo-galindo-monje "HTTP/1.1 200 OK"
2026-08-12 21:24:10  HTTP Request: GET https://www.doctoralia.co/perfil/rafael-perdomo-perdomo "HTTP/1.1 200 OK"
2026-08-12 21:24:10  HTTP Request: GET https://www.doctoralia.co/perfil/martha-nelcy-prada-de-acevedo "HTTP/1.1 200 OK"
2026-08-12 21:24:11  HTTP Request: GET https://www.doctoralia.co/perfil/jorge-raul-rugeles-rivero "HTTP/1.1 200 OK"
2026-08-12 21:24:11  HTTP Request: GET https://www.doctoralia.co/perfil/enrique-garcia-aragon-2 "HTTP/1.1 200 OK"
2026-08-12 21:24:11  HTTP Request: GET https://www.doctoralia.co/perfil/fernandez-de-castro-dangond-jorge "HTTP/1.1 200 OK"
2026-08-12 21:24:11  HTTP Request: GET https://www.doctoralia.co/perfil/victor-alfonso-toro-diaz "HTTP/1.1 200 OK"
2026-08-12 21:24:11  HTTP Request: GET https://www.doctoralia.co/perfil/jesus-enrique-cuello-de-avila "HTTP/1.1 200 OK"
2026-08-12 21:24:12  HTTP Request: GET https://www.doctoralia.co/perfil/victor-manuel-rodriguez-medina "HTTP/1.1 200 OK"
2026-08-12 21:24:12  HTTP Request: GET https://www.doctoralia.co/perfil/jorge-eliecer-ortiz-delgado "HTTP/1.1 200 OK"
2026-08-12 21:24:12  HTTP Request: GET https://www.doctoralia.co/perfil/manuel-guerreo-ordonez "HTTP/1.1 200 OK"
2026-08-12 21:24:12  HTTP Request: GET https://www.doctoralia.co/perfil/salomon-hurtado-cardenas "HTTP/1.1 200 OK"
2026-08-12 21:24:12  HTTP Request: GET https://www.doctoralia.co/perfil/ana-lucia-guevara-martinez "HTTP/1.1 200 OK"
2026-08-12 21:24:13  HTTP Request: GET https://www.doctoralia.co/perfil/luis-fernando-roman-calderon "HTTP/1.1 200 OK"
2026-08-12 21:24:13  HTTP Request: GET https://www.doctoralia.co/perfil/pablo-emilio-paez-castro "HTTP/1.1 200 OK"
2026-08-12 21:24:13  HTTP Request: GET https://www.doctoralia.co/perfil/alberto-jose-acuna-arico "HTTP/1.1 200 OK"
2026-08-12 21:24:13  HTTP Request: GET https://www.doctoralia.co/perfil/betsy-del-carmen-puello-buelvas "HTTP/1.1 200 OK"
2026-08-12 21:24:14  HTTP Request: GET https://www.doctoralia.co/perfil/jaime-antonio-barrios-amaya "HTTP/1.1 200 OK"
2026-08-12 21:24:14  HTTP Request: GET https://www.doctoralia.co/perfil/carmelo-segundo-montes-villalba "HTTP/1.1 200 OK"
2026-08-12 21:24:14  HTTP Request: GET https://www.doctoralia.co/perfil/julio-antonio-rafael-usta-dumar "HTTP/1.1 200 OK"
2026-08-12 21:24:14    2037 perfiles  (255 con teléfono, 0 fallos)
2026-08-12 21:24:14  HTTP Request: GET https://www.doctoralia.co/perfil/carlos-adolfo-florez-gomez "HTTP/1.1 200 OK"
2026-08-12 21:24:15  HTTP Request: GET https://www.doctoralia.co/perfil/juan-fernando-usta-chica "HTTP/1.1 200 OK"
2026-08-12 21:24:15  HTTP Request: GET https://www.doctoralia.co/perfil/ana-nelly-berbesi-sandoval "HTTP/1.1 200 OK"
2026-08-12 21:24:15  HTTP Request: GET https://www.doctoralia.co/perfil/carlos-german-lopez-gomez "HTTP/1.1 200 OK"
2026-08-12 21:24:15  HTTP Request: GET https://www.doctoralia.co/perfil/antonio-rosero-hurtado "HTTP/1.1 200 OK"
2026-08-12 21:24:15  HTTP Request: GET https://www.doctoralia.co/perfil/ricardo-alfonso-montoya-gonzalez "HTTP/1.1 200 OK"
2026-08-12 21:24:15  HTTP Request: GET https://www.doctoralia.co/perfil/maria-amparo-de-la-martinez-perez "HTTP/1.1 200 OK"
2026-08-12 21:24:16  HTTP Request: GET https://www.doctoralia.co/perfil/leonor-de-los-angeles-acosta-fontalvo "HTTP/1.1 200 OK"
2026-08-12 21:24:16  HTTP Request: GET https://www.doctoralia.co/perfil/ruby-cecilia-otero-rosales-de-sanchez "HTTP/1.1 200 OK"
2026-08-12 21:24:17  HTTP Request: GET https://www.doctoralia.co/perfil/andrea-ruiz-hoyos "HTTP/1.1 200 OK"
2026-08-12 21:24:17  HTTP Request: GET https://www.doctoralia.co/perfil/sandra-liliana-sinisterra "HTTP/1.1 200 OK"
2026-08-12 21:24:17  HTTP Request: GET https://www.doctoralia.co/perfil/andrea-mantilla-mantilla-azuero "HTTP/1.1 200 OK"
2026-08-12 21:24:17  HTTP Request: GET https://www.doctoralia.co/perfil/ivan-orlando-almario-almario "HTTP/1.1 200 OK"
2026-08-12 21:24:17  HTTP Request: GET https://www.doctoralia.co/perfil/edgardo-ricardo-gonzalez-arismendi "HTTP/1.1 200 OK"
2026-08-12 21:24:17  HTTP Request: GET https://www.doctoralia.co/perfil/luis-armando-moreno-gafaro "HTTP/1.1 200 OK"
2026-08-12 21:24:18  HTTP Request: GET https://www.doctoralia.co/perfil/santiago-emell-alcala-mugno "HTTP/1.1 200 OK"
2026-08-12 21:24:18  HTTP Request: GET https://www.doctoralia.co/perfil/elvira-villalobos-vergara "HTTP/1.1 200 OK"
2026-08-12 21:24:18  HTTP Request: GET https://www.doctoralia.co/perfil/alba-lucia-mondragon-de-villareal "HTTP/1.1 200 OK"
2026-08-12 21:24:18  HTTP Request: GET https://www.doctoralia.co/perfil/carlos-fernando-bomilla-rodriguez "HTTP/1.1 200 OK"
2026-08-12 21:24:18  HTTP Request: GET https://www.doctoralia.co/perfil/carlos-eduardo-arboleda-mayor "HTTP/1.1 200 OK"
2026-08-12 21:24:19  HTTP Request: GET https://www.doctoralia.co/perfil/hector-jorge-mosquera-marquez "HTTP/1.1 200 OK"
2026-08-12 21:24:19  HTTP Request: GET https://www.doctoralia.co/perfil/farid-amashta-hissami "HTTP/1.1 200 OK"
2026-08-12 21:24:19  HTTP Request: GET https://www.doctoralia.co/perfil/farid-amashta-issami "HTTP/1.1 200 OK"
2026-08-12 21:24:20  HTTP Request: GET https://www.doctoralia.co/perfil/fernando-naranjo-ramirez "HTTP/1.1 200 OK"
2026-08-12 21:24:20    2062 perfiles  (255 con teléfono, 0 fallos)
2026-08-12 21:24:20  HTTP Request: GET https://www.doctoralia.co/perfil/andres-felipe-nunez-maldonado "HTTP/1.1 200 OK"
2026-08-12 21:24:20  HTTP Request: GET https://www.doctoralia.co/perfil/roger-eduardo-navarro-amaya "HTTP/1.1 200 OK"
2026-08-12 21:24:20  HTTP Request: GET https://www.doctoralia.co/perfil/luz-amparo-ledesma-rodriguez "HTTP/1.1 200 OK"
2026-08-12 21:24:20  HTTP Request: GET https://www.doctoralia.co/perfil/juan-bautista-daza-gonzalez "HTTP/1.1 200 OK"
2026-08-12 21:24:21  HTTP Request: GET https://www.doctoralia.co/perfil/claudia-giovann-santarelli-franco "HTTP/1.1 200 OK"
2026-08-12 21:24:21  HTTP Request: GET https://www.doctoralia.co/perfil/luis-alberto-carreno-cepeda "HTTP/1.1 200 OK"
2026-08-12 21:24:21  HTTP Request: GET https://www.doctoralia.co/perfil/antonio-jose-gomez-serrano "HTTP/1.1 200 OK"
2026-08-12 21:24:21  HTTP Request: GET https://www.doctoralia.co/perfil/giovanni-carlo-russo-vizcaino "HTTP/1.1 200 OK"
2026-08-12 21:24:22  HTTP Request: GET https://www.doctoralia.co/perfil/ines-tatiana-martinez-abella "HTTP/1.1 200 OK"
2026-08-12 21:24:22  HTTP Request: GET https://www.doctoralia.co/perfil/nelson-hugo-buritica-ruiz "HTTP/1.1 200 OK"
2026-08-12 21:24:22  HTTP Request: GET https://www.doctoralia.co/perfil/jesus-augusto-pena-moreno-2 "HTTP/1.1 200 OK"
2026-08-12 21:24:22  HTTP Request: GET https://www.doctoralia.co/perfil/rafael-ernesto-hinestrosa-ayala "HTTP/1.1 200 OK"
2026-08-12 21:24:22  HTTP Request: GET https://www.doctoralia.co/perfil/ana-eugenia-restrepo-velez "HTTP/1.1 200 OK"
2026-08-12 21:24:23  HTTP Request: GET https://www.doctoralia.co/perfil/leonor-fonnegra-jimenez "HTTP/1.1 200 OK"
2026-08-12 21:24:23  HTTP Request: GET https://www.doctoralia.co/perfil/esperanza-hincapie-hernadez "HTTP/1.1 200 OK"
2026-08-12 21:24:23  HTTP Request: GET https://www.doctoralia.co/perfil/martin-orjuela-ricardo "HTTP/1.1 200 OK"
2026-08-12 21:24:23  HTTP Request: GET https://www.doctoralia.co/perfil/marino-german-sabogal "HTTP/1.1 200 OK"
2026-08-12 21:24:23  HTTP Request: GET https://www.doctoralia.co/perfil/claudia-gamboa-martinez "HTTP/1.1 200 OK"
2026-08-12 21:24:24  HTTP Request: GET https://www.doctoralia.co/perfil/luis-ernesto-ponton-diaz "HTTP/1.1 200 OK"
2026-08-12 21:24:24  HTTP Request: GET https://www.doctoralia.co/perfil/dorys-nayibe-blandon-rodriguez "HTTP/1.1 200 OK"
2026-08-12 21:24:24  HTTP Request: GET https://www.doctoralia.co/perfil/otero-rosales-ruby-cecilia "HTTP/1.1 200 OK"
2026-08-12 21:24:24  HTTP Request: GET https://www.doctoralia.co/perfil/daniel-antonio-montenegro-escobar "HTTP/1.1 200 OK"
2026-08-12 21:24:24  HTTP Request: GET https://www.doctoralia.co/perfil/monica-leonor-medina-restrepo "HTTP/1.1 200 OK"
2026-08-12 21:24:25  HTTP Request: GET https://www.doctoralia.co/perfil/diego-fernando-moreno-vega "HTTP/1.1 200 OK"
2026-08-12 21:24:25  HTTP Request: GET https://www.doctoralia.co/perfil/daniel-fajardo-arrieta "HTTP/1.1 200 OK"
2026-08-12 21:24:25  HTTP Request: GET https://www.doctoralia.co/perfil/aparicio-andres-gutierrez "HTTP/1.1 200 OK"
2026-08-12 21:24:25    2087 perfiles  (255 con teléfono, 0 fallos)
2026-08-12 21:24:25  HTTP Request: GET https://www.doctoralia.co/perfil/carlos-gabrie-sarria-fernandez "HTTP/1.1 200 OK"
2026-08-12 21:24:25  HTTP Request: GET https://www.doctoralia.co/perfil/daniel-eduardo-londo "HTTP/1.1 200 OK"
2026-08-12 21:24:26  HTTP Request: GET https://www.doctoralia.co/perfil/yermanos-alvaro-alfonso-toro "HTTP/1.1 200 OK"
2026-08-12 21:24:26  HTTP Request: GET https://www.doctoralia.co/perfil/lola-astrid-mercado-rodriguez "HTTP/1.1 200 OK"
2026-08-12 21:24:26  HTTP Request: GET https://www.doctoralia.co/perfil/lucia-teresa-abdala-tarud "HTTP/1.1 200 OK"
2026-08-12 21:24:26  HTTP Request: GET https://www.doctoralia.co/perfil/rodrigo-alberto-otero-merlano "HTTP/1.1 200 OK"
2026-08-12 21:24:27  HTTP Request: GET https://www.doctoralia.co/perfil/jacqueline-mercedes-garrido-mejia "HTTP/1.1 200 OK"
2026-08-12 21:24:27  HTTP Request: GET https://www.doctoralia.co/perfil/katteryne-torres-eusse "HTTP/1.1 200 OK"
2026-08-12 21:24:27  HTTP Request: GET https://www.doctoralia.co/perfil/alvaro-nicolas-nassar-hasbun "HTTP/1.1 200 OK"
2026-08-12 21:24:27  HTTP Request: GET https://www.doctoralia.co/perfil/alvaro-nicolas-nassar-nasbun "HTTP/1.1 200 OK"
2026-08-12 21:24:27  HTTP Request: GET https://www.doctoralia.co/perfil/guillermo-ignacio-acosta-ossio "HTTP/1.1 200 OK"
2026-08-12 21:24:28  HTTP Request: GET https://www.doctoralia.co/perfil/joaquin-jose-calderon-acosta "HTTP/1.1 200 OK"
2026-08-12 21:24:28  HTTP Request: GET https://www.doctoralia.co/perfil/williams-hurtado-toro "HTTP/1.1 200 OK"
2026-08-12 21:24:28  HTTP Request: GET https://www.doctoralia.co/perfil/francisco-javier-camargo-barros "HTTP/1.1 200 OK"
2026-08-12 21:24:28  HTTP Request: GET https://www.doctoralia.co/perfil/magola-de-la-concepcion-manotas-mejia "HTTP/1.1 200 OK"
2026-08-12 21:24:28  HTTP Request: GET https://www.doctoralia.co/perfil/luis-fernandez-plaza "HTTP/1.1 200 OK"
2026-08-12 21:24:29  HTTP Request: GET https://www.doctoralia.co/perfil/jaider-eliecer-choles-alvarado "HTTP/1.1 200 OK"
2026-08-12 21:24:29  HTTP Request: GET https://www.doctoralia.co/perfil/liliana-del-carmen-paba-gazcon "HTTP/1.1 200 OK"
2026-08-12 21:24:29  HTTP Request: GET https://www.doctoralia.co/perfil/juliana-marcela-trujillo-otalvaro "HTTP/1.1 200 OK"
2026-08-12 21:24:29  HTTP Request: GET https://www.doctoralia.co/perfil/donaldo-jose-cabrales-pineda "HTTP/1.1 200 OK"
2026-08-12 21:24:29  HTTP Request: GET https://www.doctoralia.co/perfil/rafael-portillo-caceres "HTTP/1.1 200 OK"
2026-08-12 21:24:30  HTTP Request: GET https://www.doctoralia.co/perfil/carlos-alberto-malabeth-santoro "HTTP/1.1 200 OK"
2026-08-12 21:24:30  HTTP Request: GET https://www.doctoralia.co/perfil/roberto-guillermo-ramirez-bayer "HTTP/1.1 200 OK"
2026-08-12 21:24:30  HTTP Request: GET https://www.doctoralia.co/perfil/js-estrada-restrepo-jairo-de "HTTP/1.1 200 OK"
2026-08-12 21:24:30  HTTP Request: GET https://www.doctoralia.co/perfil/carlos-egas-rosero "HTTP/1.1 200 OK"
2026-08-12 21:24:30    2112 perfiles  (255 con teléfono, 0 fallos)
2026-08-12 21:24:31  HTTP Request: GET https://www.doctoralia.co/perfil/diego-f-candamil-carvallo "HTTP/1.1 200 OK"
2026-08-12 21:24:31  HTTP Request: GET https://www.doctoralia.co/perfil/fernando-esteban-jacome-ruales "HTTP/1.1 200 OK"
2026-08-12 21:24:31  HTTP Request: GET https://www.doctoralia.co/perfil/octavio-ospina-arias "HTTP/1.1 200 OK"
2026-08-12 21:24:31  HTTP Request: GET https://www.doctoralia.co/perfil/luis-fernando-ceballos-v "HTTP/1.1 200 OK"
2026-08-12 21:24:31  HTTP Request: GET https://www.doctoralia.co/perfil/mario-gomez-cerchar "HTTP/1.1 200 OK"
2026-08-12 21:24:31  HTTP Request: GET https://www.doctoralia.co/perfil/alvaro-enrique-pumarejo-armenta "HTTP/1.1 200 OK"
2026-08-12 21:24:32  HTTP Request: GET https://www.doctoralia.co/perfil/heberth-aristizabal-bustamante "HTTP/1.1 200 OK"
2026-08-12 21:24:32  HTTP Request: GET https://www.doctoralia.co/perfil/oscar-botero-correa "HTTP/1.1 200 OK"
2026-08-12 21:24:32  HTTP Request: GET https://www.doctoralia.co/perfil/fernando-quintero-mendez "HTTP/1.1 200 OK"
2026-08-12 21:24:32  HTTP Request: GET https://www.doctoralia.co/perfil/jorge-ivan-velasquez-botero "HTTP/1.1 200 OK"
2026-08-12 21:24:33  HTTP Request: GET https://www.doctoralia.co/perfil/jesus-casas-vasquez-gustavo-del-nino "HTTP/1.1 200 OK"
2026-08-12 21:24:33  HTTP Request: GET https://www.doctoralia.co/perfil/jesus-alber-echeverria-baquero "HTTP/1.1 200 OK"
2026-08-12 21:24:33  HTTP Request: GET https://www.doctoralia.co/perfil/garcia-ismael "HTTP/1.1 200 OK"
2026-08-12 21:24:33  HTTP Request: GET https://www.doctoralia.co/perfil/joaquin-humberto-idrobo-piquero "HTTP/1.1 200 OK"
2026-08-12 21:24:33  HTTP Request: GET https://www.doctoralia.co/perfil/gabriel-vargas "HTTP/1.1 200 OK"
2026-08-12 21:24:34  HTTP Request: GET https://www.doctoralia.co/perfil/fernando-zuluaga-aristizabal "HTTP/1.1 200 OK"
2026-08-12 21:24:34  HTTP Request: GET https://www.doctoralia.co/perfil/guillermo-arboleda-ramirez "HTTP/1.1 200 OK"
2026-08-12 21:24:34  HTTP Request: GET https://www.doctoralia.co/perfil/antonio-ararat "HTTP/1.1 200 OK"
2026-08-12 21:24:34  HTTP Request: GET https://www.doctoralia.co/perfil/carlos-illera-parra "HTTP/1.1 200 OK"
2026-08-12 21:24:34  HTTP Request: GET https://www.doctoralia.co/perfil/adriana-martinez-pena "HTTP/1.1 200 OK"
2026-08-12 21:24:35  HTTP Request: GET https://www.doctoralia.co/perfil/j-henao-cortes-guillermo-de "HTTP/1.1 200 OK"
2026-08-12 21:24:35  HTTP Request: GET https://www.doctoralia.co/perfil/cesar-alba-forero "HTTP/1.1 200 OK"
2026-08-12 21:24:35  HTTP Request: GET https://www.doctoralia.co/perfil/diana-milena-martinez-buitrago "HTTP/1.1 200 OK"
2026-08-12 21:24:35  HTTP Request: GET https://www.doctoralia.co/perfil/gustavo-martinez-gomez "HTTP/1.1 200 OK"
2026-08-12 21:24:36  HTTP Request: GET https://www.doctoralia.co/perfil/maria-clemencia-ceballos-penaloza "HTTP/1.1 200 OK"
2026-08-12 21:24:36    2137 perfiles  (255 con teléfono, 0 fallos)
2026-08-12 21:24:36  HTTP Request: GET https://www.doctoralia.co/perfil/ramon-jesus-ruiz-cabarcas "HTTP/1.1 200 OK"
2026-08-12 21:24:36  HTTP Request: GET https://www.doctoralia.co/perfil/luis-david-sierra-saldarriaga "HTTP/1.1 200 OK"
2026-08-12 21:24:36  HTTP Request: GET https://www.doctoralia.co/perfil/rafael-ovidio-gomez-lopez "HTTP/1.1 200 OK"
2026-08-12 21:24:36  HTTP Request: GET https://www.doctoralia.co/perfil/isabel-cristina-gomez-dosman "HTTP/1.1 200 OK"
2026-08-12 21:24:36  HTTP Request: GET https://www.doctoralia.co/perfil/betty-del-carmen-vasquez-lobo "HTTP/1.1 200 OK"
2026-08-12 21:24:37  HTTP Request: GET https://www.doctoralia.co/perfil/ricardo-castilla-iriarte "HTTP/1.1 200 OK"
2026-08-12 21:24:37  HTTP Request: GET https://www.doctoralia.co/perfil/istina-barco-burgos-maria-cra "HTTP/1.1 200 OK"
2026-08-12 21:24:37  HTTP Request: GET https://www.doctoralia.co/perfil/jesus-mejia-guzman-oscar-de "HTTP/1.1 200 OK"
2026-08-12 21:24:38  HTTP Request: GET https://www.doctoralia.co/perfil/ana-maria-montes-ochoa "HTTP/1.1 200 OK"
2026-08-12 21:24:38  HTTP Request: GET https://www.doctoralia.co/perfil/fernando-antonio-florez-larotta "HTTP/1.1 200 OK"
2026-08-12 21:24:38  HTTP Request: GET https://www.doctoralia.co/perfil/claudia-eliana-ortiz-bernal "HTTP/1.1 200 OK"
2026-08-12 21:24:38  HTTP Request: GET https://www.doctoralia.co/perfil/carmenza-romero-de-escobar "HTTP/1.1 200 OK"
2026-08-12 21:24:38  HTTP Request: GET https://www.doctoralia.co/perfil/german-gutierrez-monsalve "HTTP/1.1 200 OK"
2026-08-12 21:24:39  HTTP Request: GET https://www.doctoralia.co/perfil/carlos-alberto-rodriguez-grajales "HTTP/1.1 200 OK"
2026-08-12 21:24:39  HTTP Request: GET https://www.doctoralia.co/perfil/diana-alejandra-alfonso-ayala "HTTP/1.1 200 OK"
2026-08-12 21:24:39  HTTP Request: GET https://www.doctoralia.co/perfil/rodrigo-brito "HTTP/1.1 200 OK"
2026-08-12 21:24:39  HTTP Request: GET https://www.doctoralia.co/perfil/marcos-fidel-castillo-zamora "HTTP/1.1 200 OK"
2026-08-12 21:24:39  HTTP Request: GET https://www.doctoralia.co/perfil/andrea-berarcasa-robledo "HTTP/1.1 200 OK"
2026-08-12 21:24:40  HTTP Request: GET https://www.doctoralia.co/perfil/fernando-garcia-hurtado "HTTP/1.1 200 OK"
2026-08-12 21:24:40  HTTP Request: GET https://www.doctoralia.co/perfil/carlos-martinez-de-la-hoz "HTTP/1.1 200 OK"
2026-08-12 21:24:40  HTTP Request: GET https://www.doctoralia.co/perfil/alvaro-otero-castro "HTTP/1.1 200 OK"
2026-08-12 21:24:40  HTTP Request: GET https://www.doctoralia.co/perfil/antonio-jose-gonzalez-osorio "HTTP/1.1 200 OK"
2026-08-12 21:24:41  HTTP Request: GET https://www.doctoralia.co/perfil/ivan-marenco "HTTP/1.1 200 OK"
2026-08-12 21:24:41  HTTP Request: GET https://www.doctoralia.co/perfil/juan-gonzalo-ochoa-sierra "HTTP/1.1 200 OK"
2026-08-12 21:24:41  HTTP Request: GET https://www.doctoralia.co/perfil/patricia-cohen-pinilla-ninfa "HTTP/1.1 200 OK"
2026-08-12 21:24:41    2162 perfiles  (255 con teléfono, 0 fallos)
2026-08-12 21:24:41  HTTP Request: GET https://www.doctoralia.co/perfil/rafael-gonzalez-illidge-2 "HTTP/1.1 200 OK"
2026-08-12 21:24:41  HTTP Request: GET https://www.doctoralia.co/perfil/jose-fernan-de-los-rios-posada "HTTP/1.1 200 OK"
2026-08-12 21:24:41  HTTP Request: GET https://www.doctoralia.co/perfil/vega-diego-fernando-moreno "HTTP/1.1 200 OK"
2026-08-12 21:24:41  HTTP Request: GET https://www.doctoralia.co/perfil/francisco-bernal-consuegra "HTTP/1.1 200 OK"
2026-08-12 21:24:42  HTTP Request: GET https://www.doctoralia.co/perfil/daniel-salazar-castillo "HTTP/1.1 200 OK"
2026-08-12 21:24:43  HTTP Request: GET https://www.doctoralia.co/perfil/miguel-rodriguez-contreras "HTTP/1.1 200 OK"
2026-08-12 21:24:43  HTTP Request: GET https://www.doctoralia.co/perfil/daniel-montenegro-escobar "HTTP/1.1 200 OK"
2026-08-12 21:24:43  HTTP Request: GET https://www.doctoralia.co/perfil/sandra-lorena-restrepo-ramirez "HTTP/1.1 200 OK"
2026-08-12 21:24:43  HTTP Request: GET https://www.doctoralia.co/perfil/alvaro-nassar-hasbun "HTTP/1.1 200 OK"
2026-08-12 21:24:43  HTTP Request: GET https://www.doctoralia.co/perfil/mario-mendoza-enriquez "HTTP/1.1 200 OK"
2026-08-12 21:24:43  HTTP Request: GET https://www.doctoralia.co/perfil/cristina-marceles-maria "HTTP/1.1 200 OK"
2026-08-12 21:24:44  HTTP Request: GET https://www.doctoralia.co/perfil/william-hurtado-toro "HTTP/1.1 200 OK"
2026-08-12 21:24:44  HTTP Request: GET https://www.doctoralia.co/perfil/fernando-ignacio-garcia-hurtado "HTTP/1.1 200 OK"
2026-08-12 21:24:44  HTTP Request: GET https://www.doctoralia.co/perfil/rota-fernando-florez-la "HTTP/1.1 200 OK"
2026-08-12 21:24:44  HTTP Request: GET https://www.doctoralia.co/perfil/esperanza-maria-burgos-lara "HTTP/1.1 200 OK"
2026-08-12 21:24:44  HTTP Request: GET https://www.doctoralia.co/perfil/lucy-abdala-de-daes "HTTP/1.1 200 OK"
2026-08-12 21:24:45  HTTP Request: GET https://www.doctoralia.co/perfil/alejandro-gentile-erazo "HTTP/1.1 200 OK"
2026-08-12 21:24:45  HTTP Request: GET https://www.doctoralia.co/perfil/luz-helena-perez-rivas "HTTP/1.1 200 OK"
2026-08-12 21:24:45  HTTP Request: GET https://www.doctoralia.co/perfil/elva-delgado-reyes-flor "HTTP/1.1 200 OK"
2026-08-12 21:24:45  HTTP Request: GET https://www.doctoralia.co/perfil/augusto-ramirez-gomez-hectorr "HTTP/1.1 200 OK"
2026-08-12 21:24:45  HTTP Request: GET https://www.doctoralia.co/perfil/felipe-arbelaez-casas "HTTP/1.1 200 OK"
2026-08-12 21:24:46  HTTP Request: GET https://www.doctoralia.co/perfil/jaime-ignacio-pedraza-forero "HTTP/1.1 200 OK"
2026-08-12 21:24:46  HTTP Request: GET https://www.doctoralia.co/perfil/luz-amparo-ledesma-de-martinez "HTTP/1.1 200 OK"
2026-08-12 21:24:46  HTTP Request: GET https://www.doctoralia.co/perfil/javier-eduardo-bonilla-amaya "HTTP/1.1 200 OK"
2026-08-12 21:24:46  HTTP Request: GET https://www.doctoralia.co/perfil/herman-garces-correa "HTTP/1.1 200 OK"
2026-08-12 21:24:46  HTTP Request: GET https://www.doctoralia.co/perfil/giraldo-aura-sofia-arbelaez "HTTP/1.1 200 OK"
2026-08-12 21:24:46    2187 perfiles  (255 con teléfono, 0 fallos)
2026-08-12 21:24:47  HTTP Request: GET https://www.doctoralia.co/perfil/francisco-pardo-vargas "HTTP/1.1 200 OK"
2026-08-12 21:24:47  HTTP Request: GET https://www.doctoralia.co/perfil/natalia-lenis-cordoba "HTTP/1.1 200 OK"
2026-08-12 21:24:47  HTTP Request: GET https://www.doctoralia.co/perfil/gonzalo-alberto-angel-c "HTTP/1.1 200 OK"
2026-08-12 21:24:47  HTTP Request: GET https://www.doctoralia.co/perfil/martha-vives-garcia "HTTP/1.1 200 OK"
2026-08-12 21:24:47  HTTP Request: GET https://www.doctoralia.co/perfil/liliana-maria-yepes-gomez "HTTP/1.1 200 OK"
2026-08-12 21:24:48  HTTP Request: GET https://www.doctoralia.co/perfil/maria-katherine-tabares-trujillo "HTTP/1.1 200 OK"
2026-08-12 21:24:48  HTTP Request: GET https://www.doctoralia.co/perfil/fernando-salas-marquez "HTTP/1.1 200 OK"
2026-08-12 21:24:48  HTTP Request: GET https://www.doctoralia.co/perfil/gonzalez-luz-nelly-tinjaca-de "HTTP/1.1 200 OK"
2026-08-12 21:24:48  HTTP Request: GET https://www.doctoralia.co/perfil/claudia-scarpeta-renza "HTTP/1.1 200 OK"
2026-08-12 21:24:48  HTTP Request: GET https://www.doctoralia.co/perfil/john-jairo-rojas-pedraza "HTTP/1.1 200 OK"
2026-08-12 21:24:49  HTTP Request: GET https://www.doctoralia.co/perfil/jose-r-cifuentes-borrero "HTTP/1.1 200 OK"
2026-08-12 21:24:49  HTTP Request: GET https://www.doctoralia.co/perfil/jairo-enrique-guerrero-giraldo "HTTP/1.1 200 OK"
2026-08-12 21:24:49  HTTP Request: GET https://www.doctoralia.co/perfil/donaldo-zabaleta-espitia "HTTP/1.1 200 OK"
2026-08-12 21:24:49  HTTP Request: GET https://www.doctoralia.co/perfil/gustavo-adolfo-carballo-mass "HTTP/1.1 200 OK"
2026-08-12 21:24:49  HTTP Request: GET https://www.doctoralia.co/perfil/ricardo-ortiz-serrano "HTTP/1.1 200 OK"
2026-08-12 21:24:50  HTTP Request: GET https://www.doctoralia.co/perfil/jairo-hernan-rodrigo-prada-vanegas "HTTP/1.1 200 OK"
2026-08-12 21:24:50  HTTP Request: GET https://www.doctoralia.co/perfil/gloria-esperanza-hoyos-aristizabal "HTTP/1.1 200 OK"
2026-08-12 21:24:50  HTTP Request: GET https://www.doctoralia.co/perfil/olga-patricia-ardila-torres "HTTP/1.1 200 OK"
2026-08-12 21:24:50  HTTP Request: GET https://www.doctoralia.co/perfil/claudia-marcela-rodriguez-uribe "HTTP/1.1 200 OK"
2026-08-12 21:24:50  HTTP Request: GET https://www.doctoralia.co/perfil/nidia-angelica-vasquez-trujillo "HTTP/1.1 200 OK"
2026-08-12 21:24:51  HTTP Request: GET https://www.doctoralia.co/perfil/daniel-fernandez "HTTP/1.1 200 OK"
2026-08-12 21:24:51  HTTP Request: GET https://www.doctoralia.co/perfil/ines-botero-de-bejarano "HTTP/1.1 200 OK"
2026-08-12 21:24:51  HTTP Request: GET https://www.doctoralia.co/perfil/luis-fernan-ceballos-velasquez "HTTP/1.1 200 OK"
2026-08-12 21:24:51  HTTP Request: GET https://www.doctoralia.co/perfil/luis-alberto-jimenez-zuluaga "HTTP/1.1 200 OK"
2026-08-12 21:24:52    2212 perfiles  (255 con teléfono, 0 fallos)
2026-08-12 21:24:52  HTTP Request: GET https://www.doctoralia.co/perfil/j-ariza-coronado-hectorr-de "HTTP/1.1 200 OK"
2026-08-12 21:24:52  HTTP Request: GET https://www.doctoralia.co/perfil/ricardo-fernand-caycedo-garcia "HTTP/1.1 200 OK"
2026-08-12 21:24:52  HTTP Request: GET https://www.doctoralia.co/perfil/bertha-cecilia-mora-quintero "HTTP/1.1 200 OK"
2026-08-12 21:24:52  HTTP Request: GET https://www.doctoralia.co/perfil/luis-carlos-betancur-quintero "HTTP/1.1 200 OK"
2026-08-12 21:24:53  HTTP Request: GET https://www.doctoralia.co/perfil/manuel-antonio-artuz-alarcon "HTTP/1.1 200 OK"
2026-08-12 21:24:53  HTTP Request: GET https://www.doctoralia.co/perfil/maria-alejandra-bossa "HTTP/1.1 200 OK"
2026-08-12 21:24:53  HTTP Request: GET https://www.doctoralia.co/perfil/francisco-rafael-osorio-mendoza "HTTP/1.1 200 OK"
2026-08-12 21:24:53  HTTP Request: GET https://www.doctoralia.co/perfil/sandra-milena-prada "HTTP/1.1 200 OK"
2026-08-12 21:24:54  HTTP Request: GET https://www.doctoralia.co/perfil/maria-monica-pinilla "HTTP/1.1 200 OK"
2026-08-12 21:24:54  HTTP Request: GET https://www.doctoralia.co/perfil/rafael-eduardo-tarazona "HTTP/1.1 200 OK"
2026-08-12 21:24:54  HTTP Request: GET https://www.doctoralia.co/perfil/maria-fernanda-palma "HTTP/1.1 200 OK"
2026-08-12 21:24:54  HTTP Request: GET https://www.doctoralia.co/perfil/julio-cesar-mesa "HTTP/1.1 200 OK"
2026-08-12 21:24:54  HTTP Request: GET https://www.doctoralia.co/perfil/juan-pablo-ortiz "HTTP/1.1 200 OK"
2026-08-12 21:24:55  HTTP Request: GET https://www.doctoralia.co/perfil/jorge-enrique-baracaldo "HTTP/1.1 200 OK"
2026-08-12 21:24:55  HTTP Request: GET https://www.doctoralia.co/perfil/maira-alejandra-giron "HTTP/1.1 200 OK"
2026-08-12 21:24:55  HTTP Request: GET https://www.doctoralia.co/perfil/luis-eduardo-silva "HTTP/1.1 200 OK"
2026-08-12 21:24:55  HTTP Request: GET https://www.doctoralia.co/perfil/jairo-toro-curiel "HTTP/1.1 200 OK"
2026-08-12 21:24:56  HTTP Request: GET https://www.doctoralia.co/perfil/giraldo-jairo-guerrero "HTTP/1.1 200 OK"
2026-08-12 21:24:56  HTTP Request: GET https://www.doctoralia.co/perfil/neftali-orozco-rincon "HTTP/1.1 200 OK"
2026-08-12 21:24:56  HTTP Request: GET https://www.doctoralia.co/perfil/arturo-cardona-ospina "HTTP/1.1 200 OK"
2026-08-12 21:24:56  HTTP Request: GET https://www.doctoralia.co/perfil/gabriel-alberto-tobon-londono "HTTP/1.1 200 OK"
2026-08-12 21:24:57  HTTP Request: GET https://www.doctoralia.co/perfil/prevencion-unidad-de-promocion-y "HTTP/1.1 200 OK"
2026-08-12 21:24:57  HTTP Request: GET https://www.doctoralia.co/perfil/caroll-vanessa-vega-mendoza "HTTP/1.1 200 OK"
2026-08-12 21:24:57  HTTP Request: GET https://www.doctoralia.co/perfil/alcides-guerra-coronado-hernan "HTTP/1.1 200 OK"
2026-08-12 21:24:57  HTTP Request: GET https://www.doctoralia.co/perfil/jose-anibal-castaneda-leal "HTTP/1.1 200 OK"
2026-08-12 21:24:57    2237 perfiles  (255 con teléfono, 0 fallos)
2026-08-12 21:24:58  HTTP Request: GET https://www.doctoralia.co/perfil/david-sanchez-charry "HTTP/1.1 200 OK"
2026-08-12 21:24:58  HTTP Request: GET https://www.doctoralia.co/perfil/luis-fernando-palacio-palacio "HTTP/1.1 200 OK"
2026-08-12 21:24:58  HTTP Request: GET https://www.doctoralia.co/perfil/ana-maria-gonzalez-aristizabal "HTTP/1.1 200 OK"
2026-08-12 21:24:58  HTTP Request: GET https://www.doctoralia.co/perfil/ismael-alberto-garcia-castro "HTTP/1.1 200 OK"
2026-08-12 21:24:58  HTTP Request: GET https://www.doctoralia.co/perfil/armando-ovalle "HTTP/1.1 200 OK"
2026-08-12 21:24:59  HTTP Request: GET https://www.doctoralia.co/perfil/santiago-trifon-castro "HTTP/1.1 200 OK"
2026-08-12 21:24:59  HTTP Request: GET https://www.doctoralia.co/perfil/lola-atrid-mercado-rodriguez "HTTP/1.1 200 OK"
2026-08-12 21:24:59  HTTP Request: GET https://www.doctoralia.co/perfil/adolfo-anibal-corrales-viola "HTTP/1.1 200 OK"
2026-08-12 21:24:59  HTTP Request: GET https://www.doctoralia.co/perfil/lorenza-gomez-castro "HTTP/1.1 200 OK"
2026-08-12 21:25:00  HTTP Request: GET https://www.doctoralia.co/perfil/horacio-de-la-roche-velez "HTTP/1.1 200 OK"
2026-08-12 21:25:00  HTTP Request: GET https://www.doctoralia.co/perfil/jose-fernando-gomez-jaramillo "HTTP/1.1 200 OK"
2026-08-12 21:25:00  HTTP Request: GET https://www.doctoralia.co/perfil/claudia-lopez "HTTP/1.1 200 OK"
2026-08-12 21:25:00  HTTP Request: GET https://www.doctoralia.co/perfil/eduardo-montano-diaz "HTTP/1.1 200 OK"
2026-08-12 21:25:00  HTTP Request: GET https://www.doctoralia.co/perfil/luz-francy-torres-diaz "HTTP/1.1 200 OK"
2026-08-12 21:25:01  HTTP Request: GET https://www.doctoralia.co/perfil/consuelo-pineda-bernal-mirian "HTTP/1.1 200 OK"
2026-08-12 21:25:01  HTTP Request: GET https://www.doctoralia.co/perfil/adriana-velez-alvarez-gladis "HTTP/1.1 200 OK"
2026-08-12 21:25:01  HTTP Request: GET https://www.doctoralia.co/perfil/claudia-penaranda-ospina "HTTP/1.1 200 OK"
2026-08-12 21:25:01  HTTP Request: GET https://www.doctoralia.co/perfil/eloy-barrios-garcia-lose "HTTP/1.1 200 OK"
2026-08-12 21:25:01  HTTP Request: GET https://www.doctoralia.co/perfil/andres-cortes "HTTP/1.1 200 OK"
2026-08-12 21:25:01  HTTP Request: GET https://www.doctoralia.co/perfil/a-rodriguez-quijano-cesar "HTTP/1.1 200 OK"
2026-08-12 21:25:02  HTTP Request: GET https://www.doctoralia.co/perfil/gloria-e-penagos-velasquez "HTTP/1.1 200 OK"
2026-08-12 21:25:02  HTTP Request: GET https://www.doctoralia.co/perfil/jesus-monterrosa-castro-alvaro-de "HTTP/1.1 200 OK"
2026-08-12 21:25:02  HTTP Request: GET https://www.doctoralia.co/perfil/german-enrique-sabogal-mari "HTTP/1.1 200 OK"
2026-08-12 21:25:02  HTTP Request: GET https://www.doctoralia.co/perfil/luis-fernando-barrera-restrepo "HTTP/1.1 200 OK"
2026-08-12 21:25:02  HTTP Request: GET https://www.doctoralia.co/perfil/leydi-ivonne-ortiz-sierra "HTTP/1.1 200 OK"
2026-08-12 21:25:03    2262 perfiles  (255 con teléfono, 0 fallos)
2026-08-12 21:25:03  HTTP Request: GET https://www.doctoralia.co/perfil/pedro-miguel-montano-ojeda "HTTP/1.1 200 OK"
2026-08-12 21:25:03  HTTP Request: GET https://www.doctoralia.co/perfil/luz-mila-arango-acosta "HTTP/1.1 200 OK"
2026-08-12 21:25:03  HTTP Request: GET https://www.doctoralia.co/perfil/anibal-aramendiz-ghisays-hernan "HTTP/1.1 200 OK"
2026-08-12 21:25:03  HTTP Request: GET https://www.doctoralia.co/perfil/jose-escobar-florez-alvaro "HTTP/1.1 200 OK"
2026-08-12 21:25:04  HTTP Request: GET https://www.doctoralia.co/perfil/maria-helena-matallena-de-alba "HTTP/1.1 200 OK"
2026-08-12 21:25:04  HTTP Request: GET https://www.doctoralia.co/perfil/samuel-enrique-bautista-vargas "HTTP/1.1 200 OK"
2026-08-12 21:25:04  HTTP Request: GET https://www.doctoralia.co/perfil/claudia-bibiana-penaranda-ospina "HTTP/1.1 200 OK"
2026-08-12 21:25:04  HTTP Request: GET https://www.doctoralia.co/perfil/ingrid-lorena-quinones-minota "HTTP/1.1 200 OK"
2026-08-12 21:25:05  HTTP Request: GET https://www.doctoralia.co/perfil/milack-daniel-palmeth-pestana "HTTP/1.1 200 OK"
2026-08-12 21:25:05  HTTP Request: GET https://www.doctoralia.co/perfil/maria-del-pilar-pardo-bustamante "HTTP/1.1 200 OK"
2026-08-12 21:25:05  HTTP Request: GET https://www.doctoralia.co/perfil/jemay-zuluaga-ramirez "HTTP/1.1 200 OK"
2026-08-12 21:25:05  HTTP Request: GET https://www.doctoralia.co/perfil/ana-maria-montes "HTTP/1.1 200 OK"
2026-08-12 21:25:05  HTTP Request: GET https://www.doctoralia.co/perfil/mario-humberto-carvajal-restrepo "HTTP/1.1 200 OK"
2026-08-12 21:25:06  HTTP Request: GET https://www.doctoralia.co/perfil/andrea-uribe-ibanez-pilar "HTTP/1.1 200 OK"
2026-08-12 21:25:06  HTTP Request: GET https://www.doctoralia.co/perfil/gabriel-barbosa "HTTP/1.1 200 OK"
2026-08-12 21:25:06  HTTP Request: GET https://www.doctoralia.co/perfil/jorge-manuel-mejia-castellanos "HTTP/1.1 200 OK"
2026-08-12 21:25:06  HTTP Request: GET https://www.doctoralia.co/perfil/jose-duvan-lopez-jaramillo "HTTP/1.1 200 OK"
2026-08-12 21:25:07  HTTP Request: GET https://www.doctoralia.co/perfil/ivan-montes "HTTP/1.1 200 OK"
2026-08-12 21:25:07  HTTP Request: GET https://www.doctoralia.co/perfil/rafael-antonio-campanella-medina-2 "HTTP/1.1 200 OK"
2026-08-12 21:25:07  HTTP Request: GET https://www.doctoralia.co/perfil/luis-fernando-ramos-galeano "HTTP/1.1 200 OK"
2026-08-12 21:25:07  HTTP Request: GET https://www.doctoralia.co/perfil/maria-cristina-alba-velasquez "HTTP/1.1 200 OK"
2026-08-12 21:25:08  HTTP Request: GET https://www.doctoralia.co/perfil/maria-patricia-hormaza-angel "HTTP/1.1 200 OK"
2026-08-12 21:25:08  HTTP Request: GET https://www.doctoralia.co/perfil/boris-clemente-burgos-zapata "HTTP/1.1 200 OK"
2026-08-12 21:25:08  HTTP Request: GET https://www.doctoralia.co/perfil/andres-curvelo-ricciulli "HTTP/1.1 200 OK"
2026-08-12 21:25:08  HTTP Request: GET https://www.doctoralia.co/perfil/francisco-soleiman-carmona "HTTP/1.1 200 OK"
2026-08-12 21:25:08  HTTP Request: GET https://www.doctoralia.co/perfil/mauricio-enrique-lemus-maichel "HTTP/1.1 200 OK"
2026-08-12 21:25:08    2287 perfiles  (255 con teléfono, 0 fallos)
2026-08-12 21:25:09  HTTP Request: GET https://www.doctoralia.co/perfil/claudia-maria-sierra "HTTP/1.1 200 OK"
2026-08-12 21:25:09  HTTP Request: GET https://www.doctoralia.co/perfil/maria-paula-rubio "HTTP/1.1 200 OK"
2026-08-12 21:25:09  HTTP Request: GET https://www.doctoralia.co/perfil/amin-n-chams-abuchaibe "HTTP/1.1 200 OK"
2026-08-12 21:25:09  HTTP Request: GET https://www.doctoralia.co/perfil/jose-gabriel-sanchez "HTTP/1.1 200 OK"
2026-08-12 21:25:09  HTTP Request: GET https://www.doctoralia.co/perfil/jorge-eliecer-guerra "HTTP/1.1 200 OK"
2026-08-12 21:25:10  HTTP Request: GET https://www.doctoralia.co/perfil/gloria-estella-restrepo-lopez "HTTP/1.1 200 OK"
2026-08-12 21:25:10  HTTP Request: GET https://www.doctoralia.co/perfil/mario-fernando-davila "HTTP/1.1 200 OK"
2026-08-12 21:25:10  HTTP Request: GET https://www.doctoralia.co/perfil/fernando-arango-2 "HTTP/1.1 200 OK"
2026-08-12 21:25:11  HTTP Request: GET https://www.doctoralia.co/perfil/laura-parra-2 "HTTP/1.1 200 OK"
2026-08-12 21:25:11  HTTP Request: GET https://www.doctoralia.co/perfil/luz-amparo-diaz "HTTP/1.1 200 OK"
2026-08-12 21:25:11  HTTP Request: GET https://www.doctoralia.co/perfil/edgar-danilo-jimenez-rojas "HTTP/1.1 200 OK"
2026-08-12 21:25:11  HTTP Request: GET https://www.doctoralia.co/perfil/cruz-angel-david-miranda "HTTP/1.1 200 OK"
2026-08-12 21:25:11  HTTP Request: GET https://www.doctoralia.co/perfil/martha-agudelo-garcia "HTTP/1.1 200 OK"
2026-08-12 21:25:12  HTTP Request: GET https://www.doctoralia.co/perfil/reyes-florelva-delgado "HTTP/1.1 200 OK"
2026-08-12 21:25:12  HTTP Request: GET https://www.doctoralia.co/perfil/mauricio-enrique-carrillo-rozo "HTTP/1.1 200 OK"
2026-08-12 21:25:12  HTTP Request: GET https://www.doctoralia.co/perfil/carlos-malabet-santoro "HTTP/1.1 200 OK"
2026-08-12 21:25:12  HTTP Request: GET https://www.doctoralia.co/perfil/bernardo-paez-fonseca "HTTP/1.1 200 OK"
2026-08-12 21:25:13  HTTP Request: GET https://www.doctoralia.co/perfil/luz-nelly-tinjaca-cortes "HTTP/1.1 200 OK"
2026-08-12 21:25:13  HTTP Request: GET https://www.doctoralia.co/perfil/claudia-juliana-serrano-serrano "HTTP/1.1 200 OK"
2026-08-12 21:25:13  HTTP Request: GET https://www.doctoralia.co/perfil/jose-luis-correa-ochoa "HTTP/1.1 200 OK"
2026-08-12 21:25:13  HTTP Request: GET https://www.doctoralia.co/clinicas/fundacion-cardioinfantil "HTTP/1.1 200 OK"
2026-08-12 21:25:14  HTTP Request: GET https://www.doctoralia.co/clinicas/asociados-en-reproduccion "HTTP/1.1 200 OK"
2026-08-12 21:25:14  HTTP Request: GET https://www.doctoralia.co/perfil/joaquin-gustavo-luna-rios "HTTP/1.1 200 OK"
2026-08-12 21:25:14    2312 perfiles  (255 con teléfono, 0 fallos)
2026-08-12 21:25:14  HTTP Request: GET https://www.doctoralia.co/perfil/bernardo-sanchez-restrepo "HTTP/1.1 200 OK"
2026-08-12 21:25:14  HTTP Request: GET https://www.doctoralia.co/perfil/ramon-eduardo-serna-agudelo "HTTP/1.1 200 OK"
2026-08-12 21:25:14  HTTP Request: GET https://www.doctoralia.co/perfil/jairo-amaya-guio "HTTP/1.1 200 OK"
2026-08-12 21:25:15  HTTP Request: GET https://www.doctoralia.co/perfil/jairo-rojas-pedraza-jhon "HTTP/1.1 200 OK"
2026-08-12 21:25:15  HTTP Request: GET https://www.doctoralia.co/perfil/leila-janeth-quintero-avenda "HTTP/1.1 200 OK"
2026-08-12 21:25:15  HTTP Request: GET https://www.doctoralia.co/perfil/alejandro-jose-gentile-herazo "HTTP/1.1 200 OK"
2026-08-12 21:25:15  HTTP Request: GET https://www.doctoralia.co/perfil/alexander-rodriguez "HTTP/1.1 200 OK"
2026-08-12 21:25:16  HTTP Request: GET https://www.doctoralia.co/perfil/alberto-jose-agudelo-neira "HTTP/1.1 200 OK"
2026-08-12 21:25:16  HTTP Request: GET https://www.doctoralia.co/perfil/gustavo-adolfo-vasquez-zapata "HTTP/1.1 200 OK"
2026-08-12 21:25:16  HTTP Request: GET https://www.doctoralia.co/clinicas/instituto-urologico-del-norte "HTTP/1.1 200 OK"
2026-08-12 21:25:16  HTTP Request: GET https://www.doctoralia.co/clinicas/clinica-del-occidente "HTTP/1.1 200 OK"
2026-08-12 21:25:16  HTTP Request: GET https://www.doctoralia.co/clinicas/ips-dr-rudas "HTTP/1.1 200 OK"
2026-08-12 21:25:17  HTTP Request: GET https://www.doctoralia.co/clinicas/essai-sas "HTTP/1.1 200 OK"
2026-08-12 21:25:17  HTTP Request: GET https://www.doctoralia.co/clinicas/fetal-vip-otiz-lopez-y-cia-s-en-c "HTTP/1.1 200 OK"
2026-08-12 21:25:17  HTTP Request: GET https://www.doctoralia.co/clinicas/maternal-and-fetal-care "HTTP/1.1 200 OK"
2026-08-12 21:25:17  HTTP Request: GET https://www.doctoralia.co/clinicas/centro-de-diagnostico-y-de-cirugia-ambulatoria-usanar-ltda "HTTP/1.1 200 OK"
2026-08-12 21:25:17  HTTP Request: GET https://www.doctoralia.co/clinicas/estaciones-medicas "HTTP/1.1 200 OK"
2026-08-12 21:25:18  HTTP Request: GET https://www.doctoralia.co/perfil/mike-jimmy-castaneda-castaneda "HTTP/1.1 200 OK"
2026-08-12 21:25:18  HTTP Request: GET https://www.doctoralia.co/perfil/monica-patricia-lotero-torres "HTTP/1.1 200 OK"
2026-08-12 21:25:18  HTTP Request: GET https://www.doctoralia.co/perfil/carolina-helena-fernandez-montoya "HTTP/1.1 200 OK"
2026-08-12 21:25:18  HTTP Request: GET https://www.doctoralia.co/perfil/diana-briceida-tellez-blanco "HTTP/1.1 200 OK"
2026-08-12 21:25:18  HTTP Request: GET https://www.doctoralia.co/perfil/rene-fernando-ibarra-sarasty "HTTP/1.1 200 OK"
2026-08-12 21:25:18  HTTP Request: GET https://www.doctoralia.co/perfil/mercedes-miranda-angulo "HTTP/1.1 200 OK"
2026-08-12 21:25:19  HTTP Request: GET https://www.doctoralia.co/perfil/fabio-rojas-losada "HTTP/1.1 200 OK"
2026-08-12 21:25:19  HTTP Request: GET https://www.doctoralia.co/perfil/catalina-maria-valencia-gonzalez "HTTP/1.1 200 OK"
2026-08-12 21:25:19  HTTP Request: GET https://www.doctoralia.co/perfil/mauricio-enrique-duran-zamudio "HTTP/1.1 200 OK"
2026-08-12 21:25:19    2337 perfiles  (255 con teléfono, 0 fallos)
2026-08-12 21:25:19  HTTP Request: GET https://www.doctoralia.co/perfil/ana-sofia-morales-gandur "HTTP/1.1 200 OK"
2026-08-12 21:25:20  HTTP Request: GET https://www.doctoralia.co/clinicas/country-medical-center "HTTP/1.1 200 OK"
2026-08-12 21:25:20  HTTP Request: GET https://www.doctoralia.co/perfil/ana-margarita-uhia-gonzalez "HTTP/1.1 200 OK"
2026-08-12 21:25:20  HTTP Request: GET https://www.doctoralia.co/perfil/ricardo-murcillo-sanchez "HTTP/1.1 200 OK"
2026-08-12 21:25:20  HTTP Request: GET https://www.doctoralia.co/perfil/luis-fernando-carvajalino-calle "HTTP/1.1 200 OK"
2026-08-12 21:25:20  HTTP Request: GET https://www.doctoralia.co/clinicas/asociacion-medica-de-los-andes "HTTP/1.1 200 OK"
2026-08-12 21:25:21  HTTP Request: GET https://www.doctoralia.co/clinicas/clinica-las-vegas "HTTP/1.1 200 OK"
2026-08-12 21:25:21  HTTP Request: GET https://www.doctoralia.co/perfil/angel-augusto-tovar-paz "HTTP/1.1 200 OK"
2026-08-12 21:25:21  HTTP Request: GET https://www.doctoralia.co/perfil/ivan-gomez "HTTP/1.1 200 OK"
2026-08-12 21:25:21  HTTP Request: GET https://www.doctoralia.co/perfil/cesar-calvo-correa "HTTP/1.1 200 OK"
2026-08-12 21:25:21  HTTP Request: GET https://www.doctoralia.co/perfil/luis-alberto-de-la-hoz-pacheco "HTTP/1.1 200 OK"
2026-08-12 21:25:22  HTTP Request: GET https://www.doctoralia.co/clinicas/centro-medico-el-rosario "HTTP/1.1 200 OK"
2026-08-12 21:25:22  HTTP Request: GET https://www.doctoralia.co/clinicas/cefertil-centro-de-fertilidad "HTTP/1.1 200 OK"
2026-08-12 21:25:22  HTTP Request: GET https://www.doctoralia.co/clinicas/su-consultorio-sas "HTTP/1.1 200 OK"
2026-08-12 21:25:22  HTTP Request: GET https://www.doctoralia.co/clinicas/consultorio-medico-especializado-2 "HTTP/1.1 200 OK"
2026-08-12 21:25:22  HTTP Request: GET https://www.doctoralia.co/clinicas/especialistas-a-su-alcance "HTTP/1.1 200 OK"
2026-08-12 21:25:23  HTTP Request: GET https://www.doctoralia.co/clinicas/diagnostico-por-imagenes-asimdi "HTTP/1.1 200 OK"
2026-08-12 21:25:23  HTTP Request: GET https://www.doctoralia.co/clinicas/prenatal-care "HTTP/1.1 200 OK"
2026-08-12 21:25:23  HTTP Request: GET https://www.doctoralia.co/clinicas/ecoperinatal-s-a-s "HTTP/1.1 200 OK"
2026-08-12 21:25:23  HTTP Request: GET https://www.doctoralia.co/clinicas/consutorio-medicina-alternativa-marenco-galvis "HTTP/1.1 200 OK"
2026-08-12 21:25:23  HTTP Request: GET https://www.doctoralia.co/clinicas/baby-view-3d "HTTP/1.1 200 OK"
2026-08-12 21:25:23  HTTP Request: GET https://www.doctoralia.co/clinicas/lecographie-ecografia-3d-y-4d "HTTP/1.1 200 OK"
2026-08-12 21:25:24  HTTP Request: GET https://www.doctoralia.co/clinicas/hospital-mario-correa-rengifo "HTTP/1.1 200 OK"
2026-08-12 21:25:24  HTTP Request: GET https://www.doctoralia.co/clinicas/renovalaser "HTTP/1.1 200 OK"
2026-08-12 21:25:24  HTTP Request: GET https://www.doctoralia.co/clinicas/saludfetal-medicina-perinatal "HTTP/1.1 200 OK"
2026-08-12 21:25:24    2362 perfiles  (255 con teléfono, 0 fallos)
2026-08-12 21:25:24  HTTP Request: GET https://www.doctoralia.co/perfil/armicson-felipe-solano-montero "HTTP/1.1 200 OK"
2026-08-12 21:25:24  HTTP Request: GET https://www.doctoralia.co/clinicas/hospital-universitario-fundacion-santa-fe-de-bogota "HTTP/1.1 200 OK"
2026-08-12 21:25:24  HTTP Request: GET https://www.doctoralia.co/perfil/giovanni-enrique-riano-castellanos "HTTP/1.1 200 OK"
2026-08-12 21:25:25  HTTP Request: GET https://www.doctoralia.co/perfil/fernando-pardo-castro "HTTP/1.1 200 OK"
2026-08-12 21:25:25  HTTP Request: GET https://www.doctoralia.co/perfil/edgar-cifuentes-traslavina "HTTP/1.1 200 OK"
2026-08-12 21:25:25  HTTP Request: GET https://www.doctoralia.co/perfil/rodrigo-ernesto-rodriguez-ruiz "HTTP/1.1 200 OK"
2026-08-12 21:25:25  HTTP Request: GET https://www.doctoralia.co/perfil/diana-carmina-solorzano-garavito "HTTP/1.1 200 OK"
2026-08-12 21:25:26  HTTP Request: GET https://www.doctoralia.co/perfil/margarita-sofia-arbelaez-pinto "HTTP/1.1 200 OK"
2026-08-12 21:25:26  HTTP Request: GET https://www.doctoralia.co/perfil/maria-del-pilar-pinzon-gomez "HTTP/1.1 200 OK"
2026-08-12 21:25:26  HTTP Request: GET https://www.doctoralia.co/perfil/alejandro-victoria-borrero "HTTP/1.1 200 OK"
2026-08-12 21:25:26  HTTP Request: GET https://www.doctoralia.co/perfil/luis-rene-pareja-franco "HTTP/1.1 200 OK"
2026-08-12 21:25:27  HTTP Request: GET https://www.doctoralia.co/perfil/eliana-maribel-quintero-roa "HTTP/1.1 200 OK"
2026-08-12 21:25:27  HTTP Request: GET https://www.doctoralia.co/perfil/ariel-fernando-florido-rios "HTTP/1.1 200 OK"
2026-08-12 21:25:27  HTTP Request: GET https://www.doctoralia.co/perfil/juan-pablo-benavides-calvache "HTTP/1.1 200 OK"
2026-08-12 21:25:27  HTTP Request: GET https://www.doctoralia.co/perfil/ana-ruth-cortes-avila "HTTP/1.1 200 OK"
2026-08-12 21:25:28  HTTP Request: GET https://www.doctoralia.co/perfil/claudia-angelica-guzman-amaya "HTTP/1.1 200 OK"
2026-08-12 21:25:28  HTTP Request: GET https://www.doctoralia.co/perfil/nestor-wandurraga-baron "HTTP/1.1 200 OK"
2026-08-12 21:25:28  HTTP Request: GET https://www.doctoralia.co/perfil/ariel-ivan-ruiz-parra "HTTP/1.1 200 OK"
2026-08-12 21:25:28  HTTP Request: GET https://www.doctoralia.co/perfil/jesus-ocampo-duque-oscar-de "HTTP/1.1 200 OK"
2026-08-12 21:25:29  HTTP Request: GET https://www.doctoralia.co/perfil/jorge-arturo-pineros-pachon "HTTP/1.1 200 OK"
2026-08-12 21:25:29  HTTP Request: GET https://www.doctoralia.co/perfil/jose-maria-fuentes-ojeda "HTTP/1.1 200 OK"
2026-08-12 21:25:29  HTTP Request: GET https://www.doctoralia.co/perfil/bernardo-moreno-escallon "HTTP/1.1 200 OK"
2026-08-12 21:25:29  HTTP Request: GET https://www.doctoralia.co/perfil/bernardo-jose-moreno-escallon "HTTP/1.1 200 OK"
2026-08-12 21:25:30  HTTP Request: GET https://www.doctoralia.co/perfil/marco-antonio-reveiz-montes "HTTP/1.1 200 OK"
2026-08-12 21:25:30  HTTP Request: GET https://www.doctoralia.co/perfil/juan-carlos-correa-henriquez "HTTP/1.1 200 OK"
2026-08-12 21:25:30    2387 perfiles  (255 con teléfono, 0 fallos)
2026-08-12 21:25:30  HTTP Request: GET https://www.doctoralia.co/perfil/monica-nohemi-angulo-carvallo "HTTP/1.1 200 OK"
2026-08-12 21:25:30  HTTP Request: GET https://www.doctoralia.co/perfil/claudio-jose-canosa-campo "HTTP/1.1 200 OK"
2026-08-12 21:25:30  HTTP Request: GET https://www.doctoralia.co/perfil/evelyn-rios-chavez "HTTP/1.1 200 OK"
2026-08-12 21:25:31  HTTP Request: GET https://www.doctoralia.co/perfil/manuel-guerrero-ordo-ez "HTTP/1.1 200 OK"
2026-08-12 21:25:31  HTTP Request: GET https://www.doctoralia.co/perfil/paula-andrea-salas-moreno "HTTP/1.1 200 OK"
2026-08-12 21:25:31  HTTP Request: GET https://www.doctoralia.co/perfil/fabian-jose-nassif-pacheco "HTTP/1.1 200 OK"
2026-08-12 21:25:31  HTTP Request: GET https://www.doctoralia.co/perfil/adriana-silva-contreras "HTTP/1.1 200 OK"
2026-08-12 21:25:32  HTTP Request: GET https://www.doctoralia.co/perfil/luz-angela-gutierrez-sanchez "HTTP/1.1 200 OK"
2026-08-12 21:25:32  HTTP Request: GET https://www.doctoralia.co/perfil/edgar-sanchez-caicedo "HTTP/1.1 200 OK"
2026-08-12 21:25:32  HTTP Request: GET https://www.doctoralia.co/perfil/rafael-augusto-ortega-mendoza "HTTP/1.1 200 OK"
2026-08-12 21:25:32  HTTP Request: GET https://www.doctoralia.co/perfil/juliana-tamayo-munoz "HTTP/1.1 200 OK"
2026-08-12 21:25:33  HTTP Request: GET https://www.doctoralia.co/perfil/darling-laudith-aguilar-villareal "HTTP/1.1 200 OK"
2026-08-12 21:25:33  HTTP Request: GET https://www.doctoralia.co/perfil/fredy-briceno-mendez "HTTP/1.1 200 OK"
2026-08-12 21:25:33  HTTP Request: GET https://www.doctoralia.co/perfil/jaime-gomez-diaz "HTTP/1.1 200 OK"
2026-08-12 21:25:34  HTTP Request: GET https://www.doctoralia.co/perfil/enrique-rueda-pinilla "HTTP/1.1 200 OK"
2026-08-12 21:25:34  HTTP Request: GET https://www.doctoralia.co/perfil/lina-maria-congote-arango "HTTP/1.1 200 OK"
2026-08-12 21:25:34  HTTP Request: GET https://www.doctoralia.co/perfil/gloria-elena-ospina-m "HTTP/1.1 200 OK"
2026-08-12 21:25:34  HTTP Request: GET https://www.doctoralia.co/perfil/nadiezhda-rodriguez-acosta "HTTP/1.1 200 OK"
2026-08-12 21:25:35  HTTP Request: GET https://www.doctoralia.co/perfil/gina-rita-saad-abiantun "HTTP/1.1 200 OK"
2026-08-12 21:25:35  HTTP Request: GET https://www.doctoralia.co/perfil/antonio-jose-solorza-lopez "HTTP/1.1 200 OK"
2026-08-12 21:25:35  HTTP Request: GET https://www.doctoralia.co/perfil/luis-enrique-torres-mazuera "HTTP/1.1 200 OK"
2026-08-12 21:25:35  HTTP Request: GET https://www.doctoralia.co/clinicas/instituto-de-cancerologia "HTTP/1.1 200 OK"
2026-08-12 21:25:35  HTTP Request: GET https://www.doctoralia.co/clinicas/clinica-de-occidente "HTTP/1.1 200 OK"
2026-08-12 21:25:36    2412 perfiles  (255 con teléfono, 0 fallos)
2026-08-12 21:25:36  HTTP Request: GET https://www.doctoralia.co/clinicas/clinica-los-nogales "HTTP/1.1 200 OK"
2026-08-12 21:25:36  HTTP Request: GET https://www.doctoralia.co/clinicas/ser-y-crecer "HTTP/1.1 200 OK"
2026-08-12 21:25:36  HTTP Request: GET https://www.doctoralia.co/clinicas/la-femme "HTTP/1.1 200 OK"
2026-08-12 21:25:36  HTTP Request: GET https://www.doctoralia.co/clinicas/fundacion-salud-hombre "HTTP/1.1 200 OK"
2026-08-12 21:25:36  HTTP Request: GET https://www.doctoralia.co/clinicas/unidad-medica-nueva-clinica-country "HTTP/1.1 200 OK"
2026-08-12 21:25:36  HTTP Request: GET https://www.doctoralia.co/clinicas/centro-medico-de-especialista-jerico "HTTP/1.1 200 OK"
2026-08-12 21:25:37  HTTP Request: GET https://www.doctoralia.co/clinicas/clinica-comfamiliar-risaralda "HTTP/1.1 200 OK"
2026-08-12 21:25:37  HTTP Request: GET https://www.doctoralia.co/clinicas/clinica-medilaser-s-a "HTTP/1.1 200 OK"
2026-08-12 21:25:37  HTTP Request: GET https://www.doctoralia.co/clinicas/unidad-de-diagnostico-ginecologico-y-prenatal-ser-mujer "HTTP/1.1 200 OK"
2026-08-12 21:25:37  HTTP Request: GET https://www.doctoralia.co/clinicas/compensar-plan-complementario-calle-153 "HTTP/1.1 200 OK"
2026-08-12 21:25:37  HTTP Request: GET https://www.doctoralia.co/clinicas/cima-centro-de-invest-medicas "HTTP/1.1 200 OK"
2026-08-12 21:25:37  HTTP Request: GET https://www.doctoralia.co/clinicas/unidad-medico-qx-santa-lucia "HTTP/1.1 200 OK"
2026-08-12 21:25:38  HTTP Request: GET https://www.doctoralia.co/clinicas/centro-medico-colmedica-3 "HTTP/1.1 200 OK"
2026-08-12 21:25:38  HTTP Request: GET https://www.doctoralia.co/clinicas/clinica-portoazul "HTTP/1.1 200 OK"
2026-08-12 21:25:38  HTTP Request: GET https://www.doctoralia.co/clinicas/clinica-reina-sofia "HTTP/1.1 200 OK"
2026-08-12 21:25:38  HTTP Request: GET https://www.doctoralia.co/clinicas/imagenes-diagnosticas "HTTP/1.1 200 OK"
2026-08-12 21:25:38  HTTP Request: GET https://www.doctoralia.co/clinicas/ecografias-3d-y-4d-manizales-pereira "HTTP/1.1 200 OK"
2026-08-12 21:25:38  HTTP Request: GET https://www.doctoralia.co/clinicas/centro-medico-imbanaco-torres-a-y-b "HTTP/1.1 200 OK"
2026-08-12 21:25:38  HTTP Request: GET https://www.doctoralia.co/clinicas/salud-materno-fetal-y-reproductiva-sas "HTTP/1.1 200 OK"
2026-08-12 21:25:39  HTTP Request: GET https://www.doctoralia.co/clinicas/clinica-el-rosario-sede-tesoro "HTTP/1.1 200 OK"
2026-08-12 21:25:39  HTTP Request: GET https://www.doctoralia.co/clinicas/fundacion-valle-de-lili "HTTP/1.1 200 OK"
2026-08-12 21:25:39  HTTP Request: GET https://www.doctoralia.co/clinicas/clinica-farallones-s-a "HTTP/1.1 200 OK"
2026-08-12 21:25:39  HTTP Request: GET https://www.doctoralia.co/clinicas/hospital-pablo-tobon-uribe "HTTP/1.1 200 OK"
2026-08-12 21:25:40  HTTP Request: GET https://www.doctoralia.co/clinicas/hospital-san-ignacio "HTTP/1.1 200 OK"
2026-08-12 21:25:40  HTTP Request: GET https://www.doctoralia.co/clinicas/clinica-las-americas "HTTP/1.1 200 OK"
2026-08-12 21:25:40  HTTP Request: GET https://www.doctoralia.co/perfil/alvaro-nassar-husbun "HTTP/1.1 200 OK"
2026-08-12 21:25:40  HTTP Request: GET https://www.doctoralia.co/perfil/jaime-santiago-machicado-herrera "HTTP/1.1 200 OK"
2026-08-12 21:25:40    2437 perfiles  (255 con teléfono, 0 fallos)
2026-08-12 21:25:40  HTTP Request: GET https://www.doctoralia.co/clinicas/centro-medico-santa-lucia "HTTP/1.1 200 OK"
2026-08-12 21:25:41  HTTP Request: GET https://www.doctoralia.co/clinicas/clinica-shaio "HTTP/1.1 200 OK"
2026-08-12 21:25:41  HTTP Request: GET https://www.doctoralia.co/clinicas/clinica-de-la-mujer "HTTP/1.1 200 OK"
2026-08-12 21:25:41  HTTP Request: GET https://www.doctoralia.co/clinicas/clinica-soma "HTTP/1.1 200 OK"
2026-08-12 21:25:41  HTTP Request: GET https://www.doctoralia.co/clinicas/clinica-palermo "HTTP/1.1 200 OK"
2026-08-12 21:25:41  HTTP Request: GET https://www.doctoralia.co/perfil/jhon-agudelo-vasquez "HTTP/1.1 200 OK"
2026-08-12 21:25:41  HTTP Request: GET https://www.doctoralia.co/perfil/martha-lucia-cifuentes-murillas "HTTP/1.1 200 OK"
2026-08-12 21:25:42  HTTP Request: GET https://www.doctoralia.co/perfil/elkin-enrique-escorcia "HTTP/1.1 200 OK"
2026-08-12 21:25:42  HTTP Request: GET https://www.doctoralia.co/perfil/oscar-eduardo-cajas-daza "HTTP/1.1 200 OK"
2026-08-12 21:25:42  HTTP Request: GET https://www.doctoralia.co/clinicas/clinica-del-country-la-colina "HTTP/1.1 200 OK"
2026-08-12 21:25:43  HTTP Request: GET https://www.doctoralia.co/clinicas/clinica-bolivariana "HTTP/1.1 200 OK"
2026-08-12 21:25:43  HTTP Request: GET https://www.doctoralia.co/clinicas/clinica-porto-azul "HTTP/1.1 200 OK"
2026-08-12 21:25:43  HTTP Request: GET https://www.doctoralia.co/clinicas/fundacion-santa-fe-de-bogota "HTTP/1.1 200 OK"
2026-08-12 21:25:43  HTTP Request: GET https://www.doctoralia.co/clinicas/liga-norte-santandereana-de-lucha-contra-el-cancer "HTTP/1.1 200 OK"
2026-08-12 21:25:43  HTTP Request: GET https://www.doctoralia.co/perfil/alejandro-rodriguez-donado "HTTP/1.1 200 OK"
2026-08-12 21:25:43  HTTP Request: GET https://www.doctoralia.co/clinicas/ginestetica-laser "HTTP/1.1 200 OK"
2026-08-12 21:25:44  HTTP Request: GET https://www.doctoralia.co/clinicas/idime "HTTP/1.1 200 OK"
2026-08-12 21:25:44  HTTP Request: GET https://www.doctoralia.co/clinicas/clinica-del-meta "HTTP/1.1 200 OK"
2026-08-12 21:25:44  HTTP Request: GET https://www.doctoralia.co/clinicas/clinica-somer "HTTP/1.1 200 OK"
2026-08-12 21:25:44  HTTP Request: GET https://www.doctoralia.co/clinicas/s-e-s-hospital-del-caldas "HTTP/1.1 200 OK"
2026-08-12 21:25:45  HTTP Request: GET https://www.doctoralia.co/clinicas/giao-estetica-spa "HTTP/1.1 200 OK"
2026-08-12 21:25:45  HTTP Request: GET https://www.doctoralia.co/clinicas/fundacion-hospital-infantil-universitario-de-san-jose "HTTP/1.1 200 OK"
2026-08-12 21:25:45  HTTP Request: GET https://www.doctoralia.co/clinicas/hospital-san-jose-sociedad-de-cirugia-de-bogota "HTTP/1.1 200 OK"
2026-08-12 21:25:45  HTTP Request: GET https://www.doctoralia.co/clinicas/centro-medico-el-virrey "HTTP/1.1 200 OK"
2026-08-12 21:25:45  HTTP Request: GET https://www.doctoralia.co/clinicas/clinica-avellaneda "HTTP/1.1 200 OK"
2026-08-12 21:25:45    2462 perfiles  (255 con teléfono, 0 fallos)
2026-08-12 21:25:45  HTTP Request: GET https://www.doctoralia.co/clinicas/clinica-santa-ana "HTTP/1.1 200 OK"
2026-08-12 21:25:46  HTTP Request: GET https://www.doctoralia.co/clinicas/clinica-medellin "HTTP/1.1 200 OK"
2026-08-12 21:25:46  HTTP Request: GET https://www.doctoralia.co/clinicas/unidad-de-fertilidad-procreacion-medicamente-asistida-pma "HTTP/1.1 200 OK"
2026-08-12 21:25:46  HTTP Request: GET https://www.doctoralia.co/clinicas/hospital-san-blas-ese "HTTP/1.1 200 OK"
2026-08-12 21:25:46  HTTP Request: GET https://www.doctoralia.co/clinicas/clinica-nuestra-senora-de-los-remedios "HTTP/1.1 200 OK"
2026-08-12 21:25:46  HTTP Request: GET https://www.doctoralia.co/clinicas/e-s-e-hospital-jose-maria-hernandez "HTTP/1.1 200 OK"
2026-08-12 21:25:46  HTTP Request: GET https://www.doctoralia.co/clinicas/clinica-medihelp-services "HTTP/1.1 200 OK"
2026-08-12 21:25:47  HTTP Request: GET https://www.doctoralia.co/clinicas/clinica-de-especialistas-guajira "HTTP/1.1 200 OK"
2026-08-12 21:25:47  HTTP Request: GET https://www.doctoralia.co/clinicas/cedmi-i-p-s "HTTP/1.1 200 OK"
2026-08-12 21:25:47  HTTP Request: GET https://www.doctoralia.co/clinicas/unidad-oncologica-distrital "HTTP/1.1 200 OK"
2026-08-12 21:25:47  HTTP Request: GET https://www.doctoralia.co/clinicas/clinica-chia "HTTP/1.1 200 OK"
2026-08-12 21:25:47  HTTP Request: GET https://www.doctoralia.co/clinicas/e-s-e-hospital-local-san-pablo "HTTP/1.1 200 OK"
2026-08-12 21:25:48  HTTP Request: GET https://www.doctoralia.co/clinicas/mediservicios-clinica-del-parque "HTTP/1.1 200 OK"
2026-08-12 21:25:48  HTTP Request: GET https://www.doctoralia.co/clinicas/clinica-nueva "HTTP/1.1 200 OK"
2026-08-12 21:25:48  HTTP Request: GET https://www.doctoralia.co/clinicas/clinica-eugin "HTTP/1.1 200 OK"
2026-08-12 21:25:48  HTTP Request: GET https://www.doctoralia.co/clinicas/e-s-e-hospital-el-salvador "HTTP/1.1 200 OK"
2026-08-12 21:25:48  HTTP Request: GET https://www.doctoralia.co/clinicas/clinica-vip "HTTP/1.1 200 OK"
2026-08-12 21:25:49  HTTP Request: GET https://www.doctoralia.co/clinicas/profamilia-fertil "HTTP/1.1 200 OK"
2026-08-12 21:25:49  HTTP Request: GET https://www.doctoralia.co/clinicas/obstetricia-y-ginecologia "HTTP/1.1 200 OK"
2026-08-12 21:25:49  HTTP Request: GET https://www.doctoralia.co/clinicas/clinica-sagrada-familia "HTTP/1.1 200 OK"
2026-08-12 21:25:49  HTTP Request: GET https://www.doctoralia.co/clinicas/fundacion-clinica-del-norte "HTTP/1.1 200 OK"
2026-08-12 21:25:49  HTTP Request: GET https://www.doctoralia.co/clinicas/somediag "HTTP/1.1 200 OK"
2026-08-12 21:25:50  HTTP Request: GET https://www.doctoralia.co/clinicas/clinica-de-la-mujer-s-a "HTTP/1.1 200 OK"
2026-08-12 21:25:50  HTTP Request: GET https://www.doctoralia.co/clinicas/nuevo-hospital-bocagrande "HTTP/1.1 200 OK"
2026-08-12 21:25:50  HTTP Request: GET https://www.doctoralia.co/clinicas/hospital-maria-inmaculada-e-s-e "HTTP/1.1 200 OK"
2026-08-12 21:25:50    2487 perfiles  (255 con teléfono, 0 fallos)
2026-08-12 21:25:50  HTTP Request: GET https://www.doctoralia.co/clinicas/oncomedica-s-a "HTTP/1.1 200 OK"
2026-08-12 21:25:50  HTTP Request: GET https://www.doctoralia.co/clinicas/prevencion-y-salud-ips "HTTP/1.1 200 OK"
2026-08-12 21:25:50  HTTP Request: GET https://www.doctoralia.co/clinicas/clinica-del-mar "HTTP/1.1 200 OK"
2026-08-12 21:25:50  HTTP Request: GET https://www.doctoralia.co/clinicas/clinica-sebastian-de-belalcazar "HTTP/1.1 200 OK"
2026-08-12 21:25:51  HTTP Request: GET https://www.doctoralia.co/clinicas/centro-medico-y-de-negocios-davinci "HTTP/1.1 200 OK"
2026-08-12 21:25:51  HTTP Request: GET https://www.doctoralia.co/clinicas/clinica-lungavita "HTTP/1.1 200 OK"
2026-08-12 21:25:51  HTTP Request: GET https://www.doctoralia.co/clinicas/idar "HTTP/1.1 200 OK"
2026-08-12 21:25:51  HTTP Request: GET https://www.doctoralia.co/clinicas/sociedad-ecografia-clinica-del-prado "HTTP/1.1 200 OK"
2026-08-12 21:25:51  HTTP Request: GET https://www.doctoralia.co/clinicas/clinica-colombia-es "HTTP/1.1 200 OK"
2026-08-12 21:25:52  HTTP Request: GET https://www.doctoralia.co/clinicas/clinica-medico-odontologica-orthomedic-groups "HTTP/1.1 200 OK"
2026-08-12 21:25:52  HTTP Request: GET https://www.doctoralia.co/clinicas/clinica-del-prado-barranquilla "HTTP/1.1 200 OK"
2026-08-12 21:25:52  HTTP Request: GET https://www.doctoralia.co/clinicas/clinica-juan-n-corpas "HTTP/1.1 200 OK"
2026-08-12 21:25:52  HTTP Request: GET https://www.doctoralia.co/clinicas/clinica-la-pastora "HTTP/1.1 200 OK"
2026-08-12 21:25:52  HTTP Request: GET https://www.doctoralia.co/clinicas/sociedad-de-cancerologia-de-la-costa "HTTP/1.1 200 OK"
2026-08-12 21:25:53  HTTP Request: GET https://www.doctoralia.co/clinicas/altos-del-bosque "HTTP/1.1 200 OK"
2026-08-12 21:25:53  HTTP Request: GET https://www.doctoralia.co/clinicas/hospital-divino-salvador "HTTP/1.1 200 OK"
2026-08-12 21:25:53  HTTP Request: GET https://www.doctoralia.co/clinicas/e-s-e-hospital-san-jose "HTTP/1.1 200 OK"
2026-08-12 21:25:53  HTTP Request: GET https://www.doctoralia.co/clinicas/odymed-unimedica-www-unimedica-org "HTTP/1.1 200 OK"
2026-08-12 21:25:53  HTTP Request: GET https://www.doctoralia.co/clinicas/hospital-jose-cayetano-vasquez-e-s-e "HTTP/1.1 200 OK"
2026-08-12 21:25:54  HTTP Request: GET https://www.doctoralia.co/clinicas/comfamiliar-de-la-guajira "HTTP/1.1 200 OK"
2026-08-12 21:25:54  HTTP Request: GET https://www.doctoralia.co/clinicas/centro-medico-bocagrande "HTTP/1.1 200 OK"
2026-08-12 21:25:54  HTTP Request: GET https://www.doctoralia.co/clinicas/medica-i-p-s "HTTP/1.1 200 OK"
2026-08-12 21:25:54  HTTP Request: GET https://www.doctoralia.co/clinicas/instituto-de-reproduccion-humana-procrear "HTTP/1.1 200 OK"
2026-08-12 21:25:54  HTTP Request: GET https://www.doctoralia.co/clinicas/sociedad-medica-los-samanes "HTTP/1.1 200 OK"
2026-08-12 21:25:54    2512 perfiles  (255 con teléfono, 0 fallos)
2026-08-12 21:25:55  HTTP Request: GET https://www.doctoralia.co/clinicas/unimec "HTTP/1.1 200 OK"
2026-08-12 21:25:55  HTTP Request: GET https://www.doctoralia.co/clinicas/clinica-nuestra-senora-de-torcoroma "HTTP/1.1 200 OK"
2026-08-12 21:25:55  HTTP Request: GET https://www.doctoralia.co/clinicas/clinica-la-estancia "HTTP/1.1 200 OK"
2026-08-12 21:25:55  HTTP Request: GET https://www.doctoralia.co/clinicas/clinica-santa-monica "HTTP/1.1 200 OK"
2026-08-12 21:25:55  HTTP Request: GET https://www.doctoralia.co/clinicas/clinica-tundama "HTTP/1.1 200 OK"
2026-08-12 21:25:56  HTTP Request: GET https://www.doctoralia.co/clinicas/cordesa-obra-social-diocesana-i-p-s "HTTP/1.1 200 OK"
2026-08-12 21:25:56  HTTP Request: GET https://www.doctoralia.co/clinicas/edificio-medical-2 "HTTP/1.1 200 OK"
2026-08-12 21:25:56  HTTP Request: GET https://www.doctoralia.co/clinicas/uci-del-caribe "HTTP/1.1 200 OK"
2026-08-12 21:25:56  HTTP Request: GET https://www.doctoralia.co/clinicas/clinica-de-la-amazonia-ips "HTTP/1.1 200 OK"
2026-08-12 21:25:56  HTTP Request: GET https://www.doctoralia.co/clinicas/litomedica "HTTP/1.1 200 OK"
2026-08-12 21:25:56  HTTP Request: GET https://www.doctoralia.co/clinicas/inversiones-medicas-de-los-andes "HTTP/1.1 200 OK"
2026-08-12 21:25:56  HTTP Request: GET https://www.doctoralia.co/clinicas/sociedad-clinica-pamplona "HTTP/1.1 200 OK"
2026-08-12 21:25:57  HTTP Request: GET https://www.doctoralia.co/clinicas/oncomedic "HTTP/1.1 200 OK"
2026-08-12 21:25:57  HTTP Request: GET https://www.doctoralia.co/clinicas/gestamos "HTTP/1.1 200 OK"
2026-08-12 21:25:57  HTTP Request: GET https://www.doctoralia.co/clinicas/ecobs "HTTP/1.1 200 OK"
2026-08-12 21:25:57  HTTP Request: GET https://www.doctoralia.co/clinicas/clinica-el-laguito "HTTP/1.1 200 OK"
2026-08-12 21:25:57  HTTP Request: GET https://www.doctoralia.co/clinicas/clinica-de-especialistas-maria-auxiliadora "HTTP/1.1 200 OK"
2026-08-12 21:25:57  HTTP Request: GET https://www.doctoralia.co/clinicas/programas-integrales-en-salud-proinsalud "HTTP/1.1 200 OK"
2026-08-12 21:25:58  HTTP Request: GET https://www.doctoralia.co/clinicas/e-s-e-hospital-san-marcos "HTTP/1.1 200 OK"
2026-08-12 21:25:58  HTTP Request: GET https://www.doctoralia.co/clinicas/laboratorio-clinico-gladys-solano "HTTP/1.1 200 OK"
2026-08-12 21:25:58  HTTP Request: GET https://www.doctoralia.co/clinicas/hospital-regional-de-sogamoso-e-s-e "HTTP/1.1 200 OK"
2026-08-12 21:25:58  HTTP Request: GET https://www.doctoralia.co/clinicas/centro-medico-maria-gay-tibau-la-nave "HTTP/1.1 200 OK"
2026-08-12 21:25:58  HTTP Request: GET https://www.doctoralia.co/clinicas/central-odontologica-unidad-medica "HTTP/1.1 200 OK"
2026-08-12 21:25:59  HTTP Request: GET https://www.doctoralia.co/clinicas/e-s-e-hospital-san-vicente-de-paul "HTTP/1.1 200 OK"
2026-08-12 21:25:59  HTTP Request: GET https://www.doctoralia.co/clinicas/centro-medico-unimarly "HTTP/1.1 200 OK"
2026-08-12 21:25:59  HTTP Request: GET https://www.doctoralia.co/clinicas/sociedad-medica-clinica-maicao "HTTP/1.1 200 OK"
2026-08-12 21:25:59    2537 perfiles  (255 con teléfono, 0 fallos)
2026-08-12 21:25:59  HTTP Request: GET https://www.doctoralia.co/clinicas/centro-medico-angel "HTTP/1.1 200 OK"
2026-08-12 21:25:59  HTTP Request: GET https://www.doctoralia.co/clinicas/incans "HTTP/1.1 200 OK"
2026-08-12 21:25:59  HTTP Request: GET https://www.doctoralia.co/clinicas/av-kra-9-103a-36-cons-304 "HTTP/1.1 200 OK"
2026-08-12 21:26:00  HTTP Request: GET https://www.doctoralia.co/clinicas/atuesta-negret-juan-jaime "HTTP/1.1 200 OK"
2026-08-12 21:26:00  HTTP Request: GET https://www.doctoralia.co/clinicas/sociedad-medica-clinica-maicao-s-a "HTTP/1.1 200 OK"
2026-08-12 21:26:00  HTTP Request: GET https://www.doctoralia.co/clinicas/laboratorio-clinico-la-carolina-s-a "HTTP/1.1 200 OK"
2026-08-12 21:26:00  HTTP Request: GET https://www.doctoralia.co/clinicas/clinica-belo-horizonte "HTTP/1.1 200 OK"
2026-08-12 21:26:00  HTTP Request: GET https://www.doctoralia.co/clinicas/nexus-medical-group "HTTP/1.1 200 OK"
2026-08-12 21:26:00  HTTP Request: GET https://www.doctoralia.co/clinicas/inversiones-medicas-de-los-andess "HTTP/1.1 200 OK"
2026-08-12 21:26:01  HTTP Request: GET https://www.doctoralia.co/clinicas/medicoop-ips "HTTP/1.1 200 OK"
2026-08-12 21:26:01  HTTP Request: GET https://www.doctoralia.co/clinicas/odymed-unimedica-calle-41-35-40-consl-101-bucaramanga "HTTP/1.1 200 OK"
2026-08-12 21:26:01  HTTP Request: GET https://www.doctoralia.co/clinicas/medsalud "HTTP/1.1 200 OK"
2026-08-12 21:26:01  HTTP Request: GET https://www.doctoralia.co/clinicas/medes-healt-center "HTTP/1.1 200 OK"
2026-08-12 21:26:01  HTTP Request: GET https://www.doctoralia.co/clinicas/laboratorio-citodiagnostico "HTTP/1.1 200 OK"
2026-08-12 21:26:02  HTTP Request: GET https://www.doctoralia.co/clinicas/cefert-centro-de-fertilidad "HTTP/1.1 200 OK"
2026-08-12 21:26:02  HTTP Request: GET https://www.doctoralia.co/clinicas/medicina-materno-fetal-del-country "HTTP/1.1 200 OK"
2026-08-12 21:26:02  HTTP Request: GET https://www.doctoralia.co/clinicas/e-s-e-hospital-regional-de-duitama "HTTP/1.1 200 OK"
2026-08-12 21:26:02  HTTP Request: GET https://www.doctoralia.co/clinicas/usanar "HTTP/1.1 200 OK"
2026-08-12 21:26:02  HTTP Request: GET https://www.doctoralia.co/clinicas/clinica-versalles "HTTP/1.1 200 OK"
2026-08-12 21:26:02  HTTP Request: GET https://www.doctoralia.co/clinicas/policlinica-medalla-milagrosa "HTTP/1.1 200 OK"
2026-08-12 21:26:02  HTTP Request: GET https://www.doctoralia.co/clinicas/clinica-piedecuesta "HTTP/1.1 200 OK"
2026-08-12 21:26:03  HTTP Request: GET https://www.doctoralia.co/clinicas/clinicentro-palermo "HTTP/1.1 200 OK"
2026-08-12 21:26:03  HTTP Request: GET https://www.doctoralia.co/clinicas/clinica-minerva "HTTP/1.1 200 OK"
2026-08-12 21:26:03  HTTP Request: GET https://www.doctoralia.co/clinicas/e-s-e-hospital-santa-sofia "HTTP/1.1 200 OK"
2026-08-12 21:26:03  HTTP Request: GET https://www.doctoralia.co/clinicas/edificio-comedal "HTTP/1.1 200 OK"
2026-08-12 21:26:03    2562 perfiles  (255 con teléfono, 0 fallos)
2026-08-12 21:26:03  HTTP Request: GET https://www.doctoralia.co/clinicas/fundacion-hospital-san-pedro "HTTP/1.1 200 OK"
2026-08-12 21:26:03  HTTP Request: GET https://www.doctoralia.co/clinicas/hospital-basico-canaveralejo "HTTP/1.1 200 OK"
2026-08-12 21:26:04  HTTP Request: GET https://www.doctoralia.co/clinicas/clinica-santa-teresa "HTTP/1.1 200 OK"
2026-08-12 21:26:04  HTTP Request: GET https://www.doctoralia.co/clinicas/centro-especializado-de-diagnostico-materno-infantil-cedmi "HTTP/1.1 200 OK"
2026-08-12 21:26:04  HTTP Request: GET https://www.doctoralia.co/clinicas/corporacion-clinica-universidad-cooperativa-de-colombia-clinica-ucc "HTTP/1.1 200 OK"
2026-08-12 21:26:04  HTTP Request: GET https://www.doctoralia.co/clinicas/clinica-de-uraba "HTTP/1.1 200 OK"
2026-08-12 21:26:04  HTTP Request: GET https://www.doctoralia.co/clinicas/unidad-de-promocion-y-prevencion "HTTP/1.1 200 OK"
2026-08-12 21:26:05  HTTP Request: GET https://www.doctoralia.co/clinicas/cerid "HTTP/1.1 200 OK"
2026-08-12 21:26:05  HTTP Request: GET https://www.doctoralia.co/clinicas/clinica-vida-sede-conquistadores "HTTP/1.1 200 OK"
2026-08-12 21:26:05  HTTP Request: GET https://www.doctoralia.co/clinicas/clinica-los-andes "HTTP/1.1 200 OK"
2026-08-12 21:26:05  HTTP Request: GET https://www.doctoralia.co/clinicas/e-s-e-hospital-universitario-erasmo-meoz "HTTP/1.1 200 OK"
2026-08-12 21:26:05  HTTP Request: GET https://www.doctoralia.co/clinicas/centro-de-educacion-pre-y-posnatal-ginecologia "HTTP/1.1 200 OK"
2026-08-12 21:26:05  HTTP Request: GET https://www.doctoralia.co/clinicas/club-de-leones-cra-38 "HTTP/1.1 200 OK"
2026-08-12 21:26:05  HTTP Request: GET https://www.doctoralia.co/clinicas/i-p-s-salud-bolivar "HTTP/1.1 200 OK"
2026-08-12 21:26:06  HTTP Request: GET https://www.doctoralia.co/clinicas/clinica-zayma "HTTP/1.1 200 OK"
2026-08-12 21:26:06  HTTP Request: GET https://www.doctoralia.co/clinicas/bet-el-saluds "HTTP/1.1 200 OK"
2026-08-12 21:26:06  HTTP Request: GET https://www.doctoralia.co/clinicas/laboratorio-clinico-hernandez-bruges "HTTP/1.1 200 OK"
2026-08-12 21:26:06  HTTP Request: GET https://www.doctoralia.co/clinicas/clinica-antioquia "HTTP/1.1 200 OK"
2026-08-12 21:26:06  HTTP Request: GET https://www.doctoralia.co/clinicas/centro-medico-santa-maria-i-p-s "HTTP/1.1 200 OK"
2026-08-12 21:26:06  HTTP Request: GET https://www.doctoralia.co/clinicas/diagnostifetal "HTTP/1.1 200 OK"
2026-08-12 21:26:06  HTTP Request: GET https://www.doctoralia.co/clinicas/sociedad-medica-clinica-riohachas "HTTP/1.1 200 OK"
2026-08-12 21:26:07  HTTP Request: GET https://www.doctoralia.co/clinicas/hospital-universidad-del-norte "HTTP/1.1 200 OK"
2026-08-12 21:26:07  HTTP Request: GET https://www.doctoralia.co/clinicas/clinica-san-luis-plansalud-2 "HTTP/1.1 200 OK"
2026-08-12 21:26:07  HTTP Request: GET https://www.doctoralia.co/clinicas/laboratorio-clinico-la-carolina "HTTP/1.1 200 OK"
2026-08-12 21:26:07    2587 perfiles  (255 con teléfono, 0 fallos)
2026-08-12 21:26:07  HTTP Request: GET https://www.doctoralia.co/clinicas/clinica-partenon "HTTP/1.1 200 OK"
2026-08-12 21:26:08  HTTP Request: GET https://www.doctoralia.co/clinicas/gala-sa "HTTP/1.1 200 OK"
2026-08-12 21:26:08  HTTP Request: GET https://www.doctoralia.co/clinicas/e-s-e-hospital-de-santo-tomas "HTTP/1.1 200 OK"
2026-08-12 21:26:08  HTTP Request: GET https://www.doctoralia.co/clinicas/clinica-cardi "HTTP/1.1 200 OK"
2026-08-12 21:26:08  HTTP Request: GET https://www.doctoralia.co/clinicas/obgyn "HTTP/1.1 200 OK"
2026-08-12 21:26:08  HTTP Request: GET https://www.doctoralia.co/clinicas/edificio-medical "HTTP/1.1 200 OK"
2026-08-12 21:26:08  HTTP Request: GET https://www.doctoralia.co/clinicas/clinica-de-especialistas-la-dorada "HTTP/1.1 200 OK"
2026-08-12 21:26:08  HTTP Request: GET https://www.doctoralia.co/clinicas/corporacion-i-p-s-universidad-de-antioquia "HTTP/1.1 200 OK"
2026-08-12 21:26:08  HTTP Request: GET https://www.doctoralia.co/clinicas/e-s-e-hospital-nuestra-senora-del-pilar-de-barrancas-guajira "HTTP/1.1 200 OK"
2026-08-12 21:26:09  HTTP Request: GET https://www.doctoralia.co/clinicas/clinica-cartagena-del-mar "HTTP/1.1 200 OK"
2026-08-12 21:26:09  HTTP Request: GET https://www.doctoralia.co/clinicas/clinica-martha "HTTP/1.1 200 OK"
2026-08-12 21:26:09  HTTP Request: GET https://www.doctoralia.co/clinicas/e-s-e-hospital-local-de-montelibano "HTTP/1.1 200 OK"
2026-08-12 21:26:09  HTTP Request: GET https://www.doctoralia.co/clinicas/gestamoss "HTTP/1.1 200 OK"
2026-08-12 21:26:09  HTTP Request: GET https://www.doctoralia.co/clinicas/e-s-e-hospital-de-yopal "HTTP/1.1 200 OK"
2026-08-12 21:26:10  HTTP Request: GET https://www.doctoralia.co/clinicas/clinica-del-bosque "HTTP/1.1 200 OK"
2026-08-12 21:26:10  HTTP Request: GET https://www.doctoralia.co/clinicas/clinica-santa-ana-de-baranoa "HTTP/1.1 200 OK"
2026-08-12 21:26:10  HTTP Request: GET https://www.doctoralia.co/clinicas/hospital-departamental-san-antonio-roldanillo "HTTP/1.1 200 OK"
2026-08-12 21:26:10  HTTP Request: GET https://www.doctoralia.co/clinicas/oncologos-del-occidente-s-a "HTTP/1.1 200 OK"
2026-08-12 21:26:10  HTTP Request: GET https://www.doctoralia.co/clinicas/ecodiagnostico-santa-marta-calle-22-14-94-local-1 "HTTP/1.1 200 OK"
2026-08-12 21:26:10  HTTP Request: GET https://www.doctoralia.co/clinicas/clinica-de-enfermedades-de-la-mujer-santa-cruz-de-bocagrande "HTTP/1.1 200 OK"
2026-08-12 21:26:10  HTTP Request: GET https://www.doctoralia.co/clinicas/fundacion-centro-medico-del-norte "HTTP/1.1 200 OK"
2026-08-12 21:26:11  HTTP Request: GET https://www.doctoralia.co/clinicas/proinsalud "HTTP/1.1 200 OK"
2026-08-12 21:26:11  HTTP Request: GET https://www.doctoralia.co/clinicas/clinica-la-candelaria "HTTP/1.1 200 OK"
2026-08-12 21:26:11  HTTP Request: GET https://www.doctoralia.co/clinicas/clinica-el-pradosociedad-medica-de-santa-marta "HTTP/1.1 200 OK"
2026-08-12 21:26:11    2612 perfiles  (255 con teléfono, 0 fallos)
2026-08-12 21:26:11  HTTP Request: GET https://www.doctoralia.co/clinicas/perinatologos "HTTP/1.1 200 OK"
2026-08-12 21:26:11  HTTP Request: GET https://www.doctoralia.co/clinicas/hospital-departamental-santa-sofia "HTTP/1.1 200 OK"
2026-08-12 21:26:11  HTTP Request: GET https://www.doctoralia.co/clinicas/centro-clinico-boyaca "HTTP/1.1 200 OK"
2026-08-12 21:26:11  HTTP Request: GET https://www.doctoralia.co/clinicas/clinica-general-de-cienaga "HTTP/1.1 200 OK"
2026-08-12 21:26:12  HTTP Request: GET https://www.doctoralia.co/clinicas/hospital-universitario-del-valle-evaristo-garcia "HTTP/1.1 200 OK"
2026-08-12 21:26:12  HTTP Request: GET https://www.doctoralia.co/clinicas/e-s-e-hospital-manuel-uribe-angel "HTTP/1.1 200 OK"
2026-08-12 21:26:12  HTTP Request: GET https://www.doctoralia.co/clinicas/natale-centro-latinoamericano-de-fertilidad "HTTP/1.1 200 OK"
2026-08-12 21:26:12  HTTP Request: GET https://www.doctoralia.co/clinicas/clinica-de-especialistas-la-dorada-s-a-celad "HTTP/1.1 200 OK"
2026-08-12 21:26:12  HTTP Request: GET https://www.doctoralia.co/clinicas/medical-vip "HTTP/1.1 200 OK"
2026-08-12 21:26:13  HTTP Request: GET https://www.doctoralia.co/clinicas/caja-compensacion-familiar-valle-del-cauca-comfami "HTTP/1.1 200 OK"
2026-08-12 21:26:13  HTTP Request: GET https://www.doctoralia.co/clinicas/clinica-universidad-de-la-sabana "HTTP/1.1 200 OK"
2026-08-12 21:26:13  HTTP Request: GET https://www.doctoralia.co/clinicas/prevencion-y-tecnologia-diagnostica "HTTP/1.1 200 OK"
2026-08-12 21:26:13  HTTP Request: GET https://www.doctoralia.co/clinicas/cedi-salud-familiar-juan-pablo-ii "HTTP/1.1 200 OK"
2026-08-12 21:26:13  HTTP Request: GET https://www.doctoralia.co/clinicas/centro-medico-santa-clara-calle-26-6-35-consultorio-404-monteria-cordoba "HTTP/1.1 200 OK"
2026-08-12 21:26:13  HTTP Request: GET https://www.doctoralia.co/clinicas/clinica-la-victoria "HTTP/1.1 200 OK"
2026-08-12 21:26:14  HTTP Request: GET https://www.doctoralia.co/clinicas/clinica-de-especialistas-del-amazonas "HTTP/1.1 200 OK"
2026-08-12 21:26:14  HTTP Request: GET https://www.doctoralia.co/clinicas/clinica-boyaca "HTTP/1.1 200 OK"
2026-08-12 21:26:14  HTTP Request: GET https://www.doctoralia.co/clinicas/hospital-tomas-uribe-uribe "HTTP/1.1 200 OK"
2026-08-12 21:26:14  HTTP Request: GET https://www.doctoralia.co/clinicas/radiologos-asociadoss "HTTP/1.1 200 OK"
2026-08-12 21:26:14  HTTP Request: GET https://www.doctoralia.co/clinicas/clinica-las-americas-2 "HTTP/1.1 200 OK"
2026-08-12 21:26:15  HTTP Request: GET https://www.doctoralia.co/clinicas/sociedad-medico-quirurgica-nuestra-senora-de-belen "HTTP/1.1 200 OK"
2026-08-12 21:26:15  HTTP Request: GET https://www.doctoralia.co/clinicas/umeq-unidad-medica-quirurgica "HTTP/1.1 200 OK"
2026-08-12 21:26:15  HTTP Request: GET https://www.doctoralia.co/clinicas/liga-de-lucha-contra-el-cancer "HTTP/1.1 200 OK"
2026-08-12 21:26:15  HTTP Request: GET https://www.doctoralia.co/clinicas/clinica-benedicto "HTTP/1.1 200 OK"
2026-08-12 21:26:15  HTTP Request: GET https://www.doctoralia.co/clinicas/urgencias-medicas "HTTP/1.1 200 OK"
2026-08-12 21:26:15  HTTP Request: GET https://www.doctoralia.co/clinicas/clinica-fatima "HTTP/1.1 200 OK"
2026-08-12 21:26:16    2637 perfiles  (255 con teléfono, 0 fallos)
2026-08-12 21:26:16  HTTP Request: GET https://www.doctoralia.co/clinicas/cirurobotica-marly-litomedica "HTTP/1.1 200 OK"
2026-08-12 21:26:16  HTTP Request: GET https://www.doctoralia.co/clinicas/clinica-san-martin-barranquilla "HTTP/1.1 200 OK"
2026-08-12 21:26:16  HTTP Request: GET https://www.doctoralia.co/clinicas/consalud "HTTP/1.1 200 OK"
2026-08-12 21:26:16  HTTP Request: GET https://www.doctoralia.co/clinicas/centro-colombiano-de-fertilidad-y-esterilidad-cecolfes "HTTP/1.1 200 OK"
2026-08-12 21:26:16  HTTP Request: GET https://www.doctoralia.co/clinicas/diacorsas-sucursal-instituto-del-corazon-de-ibague "HTTP/1.1 200 OK"
2026-08-12 21:26:16  HTTP Request: GET https://www.doctoralia.co/clinicas/medihealth "HTTP/1.1 200 OK"
2026-08-12 21:26:16  HTTP Request: GET https://www.doctoralia.co/clinicas/clinica-pajonal "HTTP/1.1 200 OK"
2026-08-12 21:26:17  HTTP Request: GET https://www.doctoralia.co/clinicas/clinica-uros "HTTP/1.1 200 OK"
2026-08-12 21:26:17  HTTP Request: GET https://www.doctoralia.co/clinicas/salud-y-servicios-ciudad-del-rio-consultorio-1716 "HTTP/1.1 200 OK"
2026-08-12 21:26:17  HTTP Request: GET https://www.doctoralia.co/clinicas/clinica-materno-infantil-san-luis "HTTP/1.1 200 OK"
2026-08-12 21:26:17  HTTP Request: GET https://www.doctoralia.co/clinicas/estaciones-medicas-express "HTTP/1.1 200 OK"
2026-08-12 21:26:17  HTTP Request: GET https://www.doctoralia.co/clinicas/centro-de-diabetes-cardiovascular-i-p-s "HTTP/1.1 200 OK"
2026-08-12 21:26:18  HTTP Request: GET https://www.doctoralia.co/clinicas/mujer-salud "HTTP/1.1 200 OK"
2026-08-12 21:26:18  HTTP Request: GET https://www.doctoralia.co/clinicas/edificio-horizonte-health-resources "HTTP/1.1 200 OK"
2026-08-12 21:26:18  HTTP Request: GET https://www.doctoralia.co/clinicas/torre-medica-del-mar "HTTP/1.1 200 OK"
2026-08-12 21:26:18  HTTP Request: GET https://www.doctoralia.co/clinicas/dermacenter "HTTP/1.1 200 OK"
2026-08-12 21:26:18  HTTP Request: GET https://www.doctoralia.co/clinicas/torre-medica-ciudad-del-rio "HTTP/1.1 200 OK"
2026-08-12 21:26:19  HTTP Request: GET https://www.doctoralia.co/perfil/jairo-enrique-guerrero "HTTP/1.1 200 OK"
2026-08-12 21:26:19  HTTP Request: GET https://www.doctoralia.co/perfil/carlos-eduardo-riano-medina "HTTP/1.1 200 OK"
2026-08-12 21:26:19  HTTP Request: GET https://www.doctoralia.co/perfil/oscar-mejia-guzman "HTTP/1.1 200 OK"
2026-08-12 21:26:19  HTTP Request: GET https://www.doctoralia.co/perfil/benjamin-rodriguez-yances "HTTP/1.1 200 OK"
2026-08-12 21:26:19  HTTP Request: GET https://www.doctoralia.co/perfil/pablo-alberto-galvis-centurion "HTTP/1.1 200 OK"
2026-08-12 21:26:20  HTTP Request: GET https://www.doctoralia.co/perfil/glicerio-vergara-fuentes "HTTP/1.1 200 OK"
2026-08-12 21:26:20  HTTP Request: GET https://www.doctoralia.co/perfil/maria-consuelo-gonzalez-garcia "HTTP/1.1 200 OK"
2026-08-12 21:26:20  HTTP Request: GET https://www.doctoralia.co/perfil/emilio-alberto-restrepo-baena "HTTP/1.1 200 OK"
2026-08-12 21:26:20  HTTP Request: GET https://www.doctoralia.co/perfil/libardo-felipe-martinez-gutierrez "HTTP/1.1 200 OK"
2026-08-12 21:26:21  HTTP Request: GET https://www.doctoralia.co/perfil/beatriz-eugenia-vinueza-nunez "HTTP/1.1 200 OK"
2026-08-12 21:26:21    2662 perfiles  (255 con teléfono, 0 fallos)
2026-08-12 21:26:21  HTTP Request: GET https://www.doctoralia.co/perfil/bautista-jose-onasio-mendez "HTTP/1.1 200 OK"
2026-08-12 21:26:21  HTTP Request: GET https://www.doctoralia.co/perfil/martha-de-la-hoz-de-castro "HTTP/1.1 200 OK"
2026-08-12 21:26:21  HTTP Request: GET https://www.doctoralia.co/perfil/mario-julio-mendoza-henrriquez "HTTP/1.1 200 OK"
2026-08-12 21:26:21  HTTP Request: GET https://www.doctoralia.co/perfil/daniel-ronderos-dumit "HTTP/1.1 200 OK"
2026-08-12 21:26:22  HTTP Request: GET https://www.doctoralia.co/perfil/hernando-navarro-varon "HTTP/1.1 200 OK"
2026-08-12 21:26:23  HTTP Request: GET https://www.doctoralia.co/perfil/farid-amastha-hissami "HTTP/1.1 200 OK"
2026-08-12 21:26:23  HTTP Request: GET https://www.doctoralia.co/perfil/luis-javier-alzamora-taborda "HTTP/1.1 200 OK"
2026-08-12 21:26:23  HTTP Request: GET https://www.doctoralia.co/perfil/francisco-jose-campo-cabal "HTTP/1.1 200 OK"
2026-08-12 21:26:23  HTTP Request: GET https://www.doctoralia.co/perfil/jaime-saavedra-saavedra "HTTP/1.1 200 OK"
2026-08-12 21:26:23  HTTP Request: GET https://www.doctoralia.co/perfil/antonio-javier-chamat-barrios "HTTP/1.1 200 OK"
2026-08-12 21:26:24  HTTP Request: GET https://www.doctoralia.co/perfil/nancy-helen-lafaurie-rodriguez "HTTP/1.1 200 OK"
2026-08-12 21:26:24  HTTP Request: GET https://www.doctoralia.co/perfil/jose-fernando-de-los-rios-p "HTTP/1.1 200 OK"
2026-08-12 21:26:24  HTTP Request: GET https://www.doctoralia.co/perfil/omar-hernan-restrepo-forero "HTTP/1.1 200 OK"
2026-08-12 21:26:24  HTTP Request: GET https://www.doctoralia.co/perfil/juan-carlos-rodriguez-leonel "HTTP/1.1 200 OK"
2026-08-12 21:26:24  HTTP Request: GET https://www.doctoralia.co/perfil/adriana-ramirez-arana "HTTP/1.1 200 OK"
2026-08-12 21:26:25  HTTP Request: GET https://www.doctoralia.co/perfil/humberto-espinosa-de-vivero "HTTP/1.1 200 OK"
2026-08-12 21:26:25  HTTP Request: GET https://www.doctoralia.co/perfil/javier-emilio-salas-bolanos "HTTP/1.1 200 OK"
2026-08-12 21:26:25  HTTP Request: GET https://www.doctoralia.co/clinicas/clinica-sahagun-i-p-s "HTTP/1.1 200 OK"
2026-08-12 21:26:25  HTTP Request: GET https://www.doctoralia.co/clinicas/mamografia-e-imagenes-diagnosticas-dima "HTTP/1.1 200 OK"
2026-08-12 21:26:25  HTTP Request: GET https://www.doctoralia.co/clinicas/clinica-medellin-centro "HTTP/1.1 200 OK"
2026-08-12 21:26:26  HTTP Request: GET https://www.doctoralia.co/clinicas/unidad-de-cirugia-del-tolima-unicat "HTTP/1.1 200 OK"
2026-08-12 21:26:26  HTTP Request: GET https://www.doctoralia.co/clinicas/clinica-la-milagrosa "HTTP/1.1 200 OK"
2026-08-12 21:26:26  HTTP Request: GET https://www.doctoralia.co/clinicas/caja-de-compensacion-familiar-de-caldas-clinica-san-marcel "HTTP/1.1 200 OK"
2026-08-12 21:26:26    2687 perfiles  (255 con teléfono, 0 fallos)
2026-08-12 21:26:26  HTTP Request: GET https://www.doctoralia.co/clinicas/e-s-e-hospital-francisco-valderrama "HTTP/1.1 200 OK"
2026-08-12 21:26:26  HTTP Request: GET https://www.doctoralia.co/clinicas/e-s-e-hospital-san-rafael-de-itagui "HTTP/1.1 200 OK"
2026-08-12 21:26:26  HTTP Request: GET https://www.doctoralia.co/clinicas/unidad-medica-santisima-trinidad "HTTP/1.1 200 OK"
2026-08-12 21:26:27  HTTP Request: GET https://www.doctoralia.co/clinicas/torre-medica-el-tesoro "HTTP/1.1 200 OK"
2026-08-12 21:26:27  HTTP Request: GET https://www.doctoralia.co/clinicas/ambulatorios "HTTP/1.1 200 OK"
2026-08-12 21:26:27  HTTP Request: GET https://www.doctoralia.co/clinicas/clinica-de-especialistas "HTTP/1.1 200 OK"
2026-08-12 21:26:27  HTTP Request: GET https://www.doctoralia.co/perfil/martha-lucia-agudelo-vasquez "HTTP/1.1 200 OK"
2026-08-12 21:26:27  HTTP Request: GET https://www.doctoralia.co/perfil/alejandro-bautista-charry "HTTP/1.1 200 OK"
2026-08-12 21:26:28  HTTP Request: GET https://www.doctoralia.co/perfil/jesus-ariza-coronado-hector-de "HTTP/1.1 200 OK"
2026-08-12 21:26:28  HTTP Request: GET https://www.doctoralia.co/perfil/carlos-alfredo-llanos-arciniegas "HTTP/1.1 200 OK"
2026-08-12 21:26:28  HTTP Request: GET https://www.doctoralia.co/perfil/mira-clara-maria-velez "HTTP/1.1 200 OK"
2026-08-12 21:26:29  HTTP Request: GET https://www.doctoralia.co/perfil/manuel-arturo-gomez-gaviria "HTTP/1.1 200 OK"
2026-08-12 21:26:29  HTTP Request: GET https://www.doctoralia.co/perfil/genoveva-garrido "HTTP/1.1 200 OK"
2026-08-12 21:26:29  HTTP Request: GET https://www.doctoralia.co/perfil/luis-fernando-cadavid-vergara "HTTP/1.1 200 OK"
2026-08-12 21:26:29  HTTP Request: GET https://www.doctoralia.co/perfil/clemencia-ceballos-penalosa "HTTP/1.1 200 OK"
2026-08-12 21:26:30  HTTP Request: GET https://www.doctoralia.co/perfil/jorge-enrique-duran-santana "HTTP/1.1 200 OK"
2026-08-12 21:26:30  HTTP Request: GET https://www.doctoralia.co/perfil/luz-angela-gutierrez "HTTP/1.1 200 OK"
2026-08-12 21:26:30  HTTP Request: GET https://www.doctoralia.co/perfil/alejandro-ospina-suescuen-egber "HTTP/1.1 200 OK"
2026-08-12 21:26:30  HTTP Request: GET https://www.doctoralia.co/perfil/omar-armando-mendez-gallo "HTTP/1.1 200 OK"
2026-08-12 21:26:30  HTTP Request: GET https://www.doctoralia.co/perfil/heidy-ramirez "HTTP/1.1 200 OK"
2026-08-12 21:26:31  HTTP Request: GET https://www.doctoralia.co/perfil/ruben-palacio-calao "HTTP/1.1 200 OK"
2026-08-12 21:26:31  HTTP Request: GET https://www.doctoralia.co/perfil/eliana-fernandez "HTTP/1.1 200 OK"
2026-08-12 21:26:31  HTTP Request: GET https://www.doctoralia.co/perfil/alberto-quintero-molina "HTTP/1.1 200 OK"
2026-08-12 21:26:31  HTTP Request: GET https://www.doctoralia.co/perfil/mario-fernando-tabares-blanco "HTTP/1.1 200 OK"
2026-08-12 21:26:32  HTTP Request: GET https://www.doctoralia.co/perfil/gustavo-casas-vasquez "HTTP/1.1 200 OK"
2026-08-12 21:26:32    2712 perfiles  (255 con teléfono, 0 fallos)
2026-08-12 21:26:32  HTTP Request: GET https://www.doctoralia.co/perfil/yin-alfonso-medina-zuleta "HTTP/1.1 200 OK"
2026-08-12 21:26:32  HTTP Request: GET https://www.doctoralia.co/perfil/edward-alfonso-orozco-tabares "HTTP/1.1 200 OK"
2026-08-12 21:26:32  HTTP Request: GET https://www.doctoralia.co/perfil/fabio-sanchez-escobar "HTTP/1.1 200 OK"
2026-08-12 21:26:33  HTTP Request: GET https://www.doctoralia.co/perfil/luz-bibiana-pazmino-norena "HTTP/1.1 200 OK"
2026-08-12 21:26:33  HTTP Request: GET https://www.doctoralia.co/perfil/raul-marino-escobar-navia "HTTP/1.1 200 OK"
2026-08-12 21:26:33  HTTP Request: GET https://www.doctoralia.co/perfil/augusto-prieto-avila-cesar "HTTP/1.1 200 OK"
2026-08-12 21:26:33  HTTP Request: GET https://www.doctoralia.co/perfil/diego-fernando-portilla-quevedo "HTTP/1.1 200 OK"
2026-08-12 21:26:33  HTTP Request: GET https://www.doctoralia.co/perfil/claudia-milena-scarpetta-renza "HTTP/1.1 200 OK"
2026-08-12 21:26:34  HTTP Request: GET https://www.doctoralia.co/perfil/jorge-arturo-forero-orjuela "HTTP/1.1 200 OK"
2026-08-12 21:26:34  HTTP Request: GET https://www.doctoralia.co/perfil/edgar-eduardo-agudelo-fuentes "HTTP/1.1 200 OK"
2026-08-12 21:26:35  HTTP Request: GET https://www.doctoralia.co/perfil/augus-grajales-marulanda-cesar "HTTP/1.1 200 OK"
2026-08-12 21:26:35  HTTP Request: GET https://www.doctoralia.co/perfil/william-botero-ruiz "HTTP/1.1 200 OK"
2026-08-12 21:26:35  HTTP Request: GET https://www.doctoralia.co/perfil/mass-gustavo-carballo "HTTP/1.1 200 OK"
2026-08-12 21:26:35  HTTP Request: GET https://www.doctoralia.co/perfil/luis-javier-castro-naranjo "HTTP/1.1 200 OK"
2026-08-12 21:26:35  HTTP Request: GET https://www.doctoralia.co/perfil/diego-rene-saavedra-ortega "HTTP/1.1 200 OK"
2026-08-12 21:26:36  HTTP Request: GET https://www.doctoralia.co/perfil/rafael-gomez-rocha "HTTP/1.1 200 OK"
2026-08-12 21:26:36  HTTP Request: GET https://www.doctoralia.co/perfil/hugo-alfonso-ahumada-hemer "HTTP/1.1 200 OK"
2026-08-12 21:26:36  HTTP Request: GET https://www.doctoralia.co/perfil/augusto-lopez-sanchez-wolkmar "HTTP/1.1 200 OK"
2026-08-12 21:26:36  HTTP Request: GET https://www.doctoralia.co/perfil/carlos-fernando-saieh-saieh "HTTP/1.1 200 OK"
2026-08-12 21:26:37  HTTP Request: GET https://www.doctoralia.co/perfil/maria-fernanda-escobar-vidarte "HTTP/1.1 200 OK"
2026-08-12 21:26:37  HTTP Request: GET https://www.doctoralia.co/perfil/elisa-buelvas-caparroso-janire "HTTP/1.1 200 OK"
2026-08-12 21:26:37  HTTP Request: GET https://www.doctoralia.co/perfil/luis-guill-echavarria-restrepo "HTTP/1.1 200 OK"
2026-08-12 21:26:38  HTTP Request: GET https://www.doctoralia.co/perfil/carlos-humberto-perez-moreno "HTTP/1.1 200 OK"
2026-08-12 21:26:38  HTTP Request: GET https://www.doctoralia.co/perfil/margarita-ceci-hurtado-hurtado "HTTP/1.1 200 OK"
2026-08-12 21:26:38  HTTP Request: GET https://www.doctoralia.co/perfil/oscar-alonso-lombana-benjumea "HTTP/1.1 200 OK"
2026-08-12 21:26:38    2737 perfiles  (255 con teléfono, 0 fallos)
2026-08-12 21:26:38  HTTP Request: GET https://www.doctoralia.co/perfil/del-socorro-vernaza-maria "HTTP/1.1 200 OK"
2026-08-12 21:26:38  HTTP Request: GET https://www.doctoralia.co/perfil/pedro-alfonso-cortazar-serrato "HTTP/1.1 200 OK"
2026-08-12 21:26:39  HTTP Request: GET https://www.doctoralia.co/perfil/oscar-enrique-ordonez-mosquera "HTTP/1.1 200 OK"
2026-08-12 21:26:39  HTTP Request: GET https://www.doctoralia.co/perfil/gabriela-palacios-moreno "HTTP/1.1 200 OK"
2026-08-12 21:26:39  HTTP Request: GET https://www.doctoralia.co/perfil/luis-gabriel-losada-montealegro "HTTP/1.1 200 OK"
2026-08-12 21:26:40  HTTP Request: GET https://www.doctoralia.co/perfil/oscar-armando-perez-guerra "HTTP/1.1 200 OK"
2026-08-12 21:26:40  HTTP Request: GET https://www.doctoralia.co/perfil/francisco-camargo-barros "HTTP/1.1 200 OK"
2026-08-12 21:26:40  HTTP Request: GET https://www.doctoralia.co/perfil/joaquin-alejandro-jaller-vallejo "HTTP/1.1 200 OK"
2026-08-12 21:26:41  HTTP Request: GET https://www.doctoralia.co/perfil/natalia-sanchez-velez "HTTP/1.1 200 OK"
2026-08-12 21:26:41  HTTP Request: GET https://www.doctoralia.co/perfil/monica-constanza-pedroza-pinzon "HTTP/1.1 200 OK"
2026-08-12 21:26:41  HTTP Request: GET https://www.doctoralia.co/perfil/paula-catalina-torres-jauregui "HTTP/1.1 200 OK"
2026-08-12 21:26:41  HTTP Request: GET https://www.doctoralia.co/perfil/maria-crisitna-motta-velazco "HTTP/1.1 200 OK"
2026-08-12 21:26:42  HTTP Request: GET https://www.doctoralia.co/perfil/jose-luis-tarazona-mendez "HTTP/1.1 200 OK"
2026-08-12 21:26:42  HTTP Request: GET https://www.doctoralia.co/perfil/juan-rafael-mejia-botero-2 "HTTP/1.1 200 OK"
2026-08-12 21:26:42  HTTP Request: GET https://www.doctoralia.co/perfil/ana-maria-barrios-barrios "HTTP/1.1 200 OK"
2026-08-12 21:26:42  HTTP Request: GET https://www.doctoralia.co/perfil/camilo-enr-rodriguez-cifuentes "HTTP/1.1 200 OK"
2026-08-12 21:26:43  HTTP Request: GET https://www.doctoralia.co/perfil/andres-jose-ricaurte-sossa "HTTP/1.1 200 OK"
2026-08-12 21:26:43  HTTP Request: GET https://www.doctoralia.co/perfil/carlos-augusto-durango-m "HTTP/1.1 200 OK"
2026-08-12 21:26:43  HTTP Request: GET https://www.doctoralia.co/perfil/jairo-humberto-moreno "HTTP/1.1 200 OK"
2026-08-12 21:26:43  HTTP Request: GET https://www.doctoralia.co/perfil/francisco-manuel-uribe-garces "HTTP/1.1 200 OK"
2026-08-12 21:26:43  HTTP Request: GET https://www.doctoralia.co/perfil/luis-eduardo-calderon-claros "HTTP/1.1 200 OK"
2026-08-12 21:26:44  HTTP Request: GET https://www.doctoralia.co/perfil/gustavo-eduardo-von-rosen-cardenas "HTTP/1.1 200 OK"
2026-08-12 21:26:44  HTTP Request: GET https://www.doctoralia.co/perfil/nancy-torres "HTTP/1.1 200 OK"
2026-08-12 21:26:44  HTTP Request: GET https://www.doctoralia.co/perfil/atanasio-beleno-diaz "HTTP/1.1 200 OK"
2026-08-12 21:26:45  HTTP Request: GET https://www.doctoralia.co/perfil/monica-patricia-cantor-gomez "HTTP/1.1 200 OK"
2026-08-12 21:26:45  HTTP Request: GET https://www.doctoralia.co/perfil/janire-elisa-buelvas-caparroso "HTTP/1.1 200 OK"
2026-08-12 21:26:45    2762 perfiles  (255 con teléfono, 0 fallos)
2026-08-12 21:26:45  HTTP Request: GET https://www.doctoralia.co/perfil/juan-carlos-correa "HTTP/1.1 200 OK"
2026-08-12 21:26:45  HTTP Request: GET https://www.doctoralia.co/perfil/paola-andrea-orrego-zapata "HTTP/1.1 200 OK"
2026-08-12 21:26:46  HTTP Request: GET https://www.doctoralia.co/perfil/carlos-alberto-guevara-arias "HTTP/1.1 200 OK"
2026-08-12 21:26:46  HTTP Request: GET https://www.doctoralia.co/perfil/jose-fernandez-f-hermides "HTTP/1.1 200 OK"
2026-08-12 21:26:46  HTTP Request: GET https://www.doctoralia.co/perfil/rodolfo-alfredo-garcia-lopez "HTTP/1.1 200 OK"
2026-08-12 21:26:46  HTTP Request: GET https://www.doctoralia.co/perfil/luisa-fernanda-querubin-jimenez "HTTP/1.1 200 OK"
2026-08-12 21:26:47  HTTP Request: GET https://www.doctoralia.co/perfil/luis-eduardo-cardona-toro "HTTP/1.1 200 OK"
2026-08-12 21:26:47  HTTP Request: GET https://www.doctoralia.co/perfil/velasco-hernando-garcia "HTTP/1.1 200 OK"
2026-08-12 21:26:48  HTTP Request: GET https://www.doctoralia.co/perfil/fernando-meneses-romero "HTTP/1.1 200 OK"
2026-08-12 21:26:48  HTTP Request: GET https://www.doctoralia.co/perfil/francisco-javier-pugliese-guevara "HTTP/1.1 200 OK"
2026-08-12 21:26:48  HTTP Request: GET https://www.doctoralia.co/perfil/salvador-al-calderon-del-valle "HTTP/1.1 200 OK"
2026-08-12 21:26:48  HTTP Request: GET https://www.doctoralia.co/perfil/jorge-isaac-gutierrez-uribe "HTTP/1.1 200 OK"
2026-08-12 21:26:48  HTTP Request: GET https://www.doctoralia.co/perfil/luis-eduardo-montano-diaz "HTTP/1.1 200 OK"
2026-08-12 21:26:49  HTTP Request: GET https://www.doctoralia.co/perfil/marichal-julio-fernando-garcia "HTTP/1.1 200 OK"
2026-08-12 21:26:49  HTTP Request: GET https://www.doctoralia.co/perfil/german-alberto-ruiz-bello "HTTP/1.1 200 OK"
2026-08-12 21:26:49  HTTP Request: GET https://www.doctoralia.co/perfil/jose-cabrales-donaldo "HTTP/1.1 200 OK"
2026-08-12 21:26:49  HTTP Request: GET https://www.doctoralia.co/perfil/franco-edith-gonzalez "HTTP/1.1 200 OK"
2026-08-12 21:26:50  HTTP Request: GET https://www.doctoralia.co/perfil/german-lopez-sanchez "HTTP/1.1 200 OK"
2026-08-12 21:26:50  HTTP Request: GET https://www.doctoralia.co/perfil/jaime-serna-rodriguez-alvaro "HTTP/1.1 200 OK"
2026-08-12 21:26:50  HTTP Request: GET https://www.doctoralia.co/perfil/doris-nayibe-blandon-rodriguez "HTTP/1.1 200 OK"
2026-08-12 21:26:51  HTTP Request: GET https://www.doctoralia.co/perfil/fred-wilson-lozano-rojas "HTTP/1.1 200 OK"
2026-08-12 21:26:51  HTTP Request: GET https://www.doctoralia.co/perfil/pedro-villamizar-figueroa "HTTP/1.1 200 OK"
2026-08-12 21:26:51  HTTP Request: GET https://www.doctoralia.co/perfil/jaime-herrera-ria-o "HTTP/1.1 200 OK"
2026-08-12 21:26:51  HTTP Request: GET https://www.doctoralia.co/perfil/carlos-escobar-gonima "HTTP/1.1 200 OK"
2026-08-12 21:26:52    2787 perfiles  (255 con teléfono, 0 fallos)
2026-08-12 21:26:52  HTTP Request: GET https://www.doctoralia.co/perfil/juan-jose-alvarado-llano "HTTP/1.1 200 OK"
2026-08-12 21:26:52  HTTP Request: GET https://www.doctoralia.co/perfil/judith-elena-marrugo-llamas "HTTP/1.1 200 OK"
2026-08-12 21:26:52  HTTP Request: GET https://www.doctoralia.co/perfil/fidel-ernesto-ferreira-narvaez "HTTP/1.1 200 OK"
2026-08-12 21:26:53  HTTP Request: GET https://www.doctoralia.co/perfil/jose-nasser-nasser "HTTP/1.1 200 OK"
2026-08-12 21:26:53  HTTP Request: GET https://www.doctoralia.co/perfil/jorge-eduardo-velez-arango "HTTP/1.1 200 OK"
2026-08-12 21:26:53  HTTP Request: GET https://www.doctoralia.co/perfil/andres-augusto-callamand-borrero "HTTP/1.1 200 OK"
2026-08-12 21:26:53  HTTP Request: GET https://www.doctoralia.co/perfil/armando-solano-gamez "HTTP/1.1 200 OK"
2026-08-12 21:26:54  HTTP Request: GET https://www.doctoralia.co/perfil/jose-luis-salinas "HTTP/1.1 200 OK"
2026-08-12 21:26:54  HTTP Request: GET https://www.doctoralia.co/perfil/alonso-perdomo-v "HTTP/1.1 200 OK"
2026-08-12 21:26:54  HTTP Request: GET https://www.doctoralia.co/perfil/helena-maria-montoya-luz "HTTP/1.1 200 OK"
2026-08-12 21:26:54  HTTP Request: GET https://www.doctoralia.co/perfil/margarita-arbelaez-pinto "HTTP/1.1 200 OK"
2026-08-12 21:26:55  HTTP Request: GET https://www.doctoralia.co/perfil/javier-salazar-salazar-hernan "HTTP/1.1 200 OK"
2026-08-12 21:26:55  HTTP Request: GET https://www.doctoralia.co/perfil/jose-ignacio-madero-cervera "HTTP/1.1 200 OK"
2026-08-12 21:26:55  HTTP Request: GET https://www.doctoralia.co/perfil/fabio-home-medina "HTTP/1.1 200 OK"
2026-08-12 21:26:55  HTTP Request: GET https://www.doctoralia.co/perfil/maria-fernanda-escobar "HTTP/1.1 200 OK"
2026-08-12 21:26:55  HTTP Request: GET https://www.doctoralia.co/perfil/wilson-quintero-restrepo "HTTP/1.1 200 OK"
2026-08-12 21:26:56  HTTP Request: GET https://www.doctoralia.co/perfil/jorge-dario-paba-borja "HTTP/1.1 200 OK"
2026-08-12 21:26:56  HTTP Request: GET https://www.doctoralia.co/perfil/diana-zoraida-acosta-correa "HTTP/1.1 200 OK"
2026-08-12 21:26:56  HTTP Request: GET https://www.doctoralia.co/perfil/istina-acebedo-restrepo-isabel-cra "HTTP/1.1 200 OK"
2026-08-12 21:26:57  HTTP Request: GET https://www.doctoralia.co/perfil/elizabeth-sanchez-montoya "HTTP/1.1 200 OK"
2026-08-12 21:26:57  HTTP Request: GET https://www.doctoralia.co/perfil/andrea-laura-lon-d-agostino "HTTP/1.1 200 OK"
2026-08-12 21:26:57  HTTP Request: GET https://www.doctoralia.co/perfil/esperanza-hincapie-hernandez "HTTP/1.1 200 OK"
2026-08-12 21:26:58  HTTP Request: GET https://www.doctoralia.co/perfil/alejandro-agudelo-ayerbe "HTTP/1.1 200 OK"
2026-08-12 21:26:58  HTTP Request: GET https://www.doctoralia.co/perfil/miguel-antonio-quintero "HTTP/1.1 200 OK"
2026-08-12 21:26:58  HTTP Request: GET https://www.doctoralia.co/perfil/nicola-ambrosi-penazzo "HTTP/1.1 200 OK"
2026-08-12 21:26:58  HTTP Request: GET https://www.doctoralia.co/perfil/diana-marcela-novoa-chaves "HTTP/1.1 200 OK"
2026-08-12 21:26:59    2812 perfiles  (255 con teléfono, 0 fallos)
2026-08-12 21:26:59  HTTP Request: GET https://www.doctoralia.co/perfil/antonio-barros-felizzola "HTTP/1.1 200 OK"
2026-08-12 21:26:59  HTTP Request: GET https://www.doctoralia.co/perfil/jorge-eduardo-ramirez-velez "HTTP/1.1 200 OK"
2026-08-12 21:26:59  HTTP Request: GET https://www.doctoralia.co/perfil/orlando-manuel-lopez-gomez "HTTP/1.1 200 OK"
2026-08-12 21:26:59  HTTP Request: GET https://www.doctoralia.co/perfil/guillermo-eduardo-bernal-dominguez "HTTP/1.1 200 OK"
2026-08-12 21:27:00  HTTP Request: GET https://www.doctoralia.co/perfil/eduardo-tomas-suarez-pelaez "HTTP/1.1 200 OK"
2026-08-12 21:27:00  HTTP Request: GET https://www.doctoralia.co/perfil/ismael-ahumada-ahumada "HTTP/1.1 200 OK"
2026-08-12 21:27:00  HTTP Request: GET https://www.doctoralia.co/perfil/jose-miguel-toro-villegas-2 "HTTP/1.1 200 OK"
2026-08-12 21:27:01  HTTP Request: GET https://www.doctoralia.co/perfil/jackeline-jaimes-becerra "HTTP/1.1 200 OK"
2026-08-12 21:27:01  HTTP Request: GET https://www.doctoralia.co/perfil/heriberto-gonzalez-florez "HTTP/1.1 200 OK"
2026-08-12 21:27:01  HTTP Request: GET https://www.doctoralia.co/perfil/rodrigo-encizar-moreno-bejarano "HTTP/1.1 200 OK"
2026-08-12 21:27:01  HTTP Request: GET https://www.doctoralia.co/perfil/jaime-lopez-tenorio "HTTP/1.1 200 OK"
2026-08-12 21:27:01  HTTP Request: GET https://www.doctoralia.co/perfil/victoria-orlando-javier-florez "HTTP/1.1 200 OK"
2026-08-12 21:27:02  HTTP Request: GET https://www.doctoralia.co/perfil/jesus-rojas-arango-jose-de "HTTP/1.1 200 OK"
2026-08-12 21:27:02  HTTP Request: GET https://www.doctoralia.co/perfil/julio-cesar-mesa-vasquez "HTTP/1.1 200 OK"
2026-08-12 21:27:02  HTTP Request: GET https://www.doctoralia.co/perfil/adolfo-corrales-v "HTTP/1.1 200 OK"
2026-08-12 21:27:03  HTTP Request: GET https://www.doctoralia.co/perfil/maria-mercedes-castillo-jaramillo "HTTP/1.1 200 OK"
2026-08-12 21:27:03  HTTP Request: GET https://www.doctoralia.co/perfil/miguel-antonio-quintero-morales "HTTP/1.1 200 OK"
2026-08-12 21:27:03  HTTP Request: GET https://www.doctoralia.co/perfil/maria-nazareth-campo-campo "HTTP/1.1 200 OK"
2026-08-12 21:27:03  HTTP Request: GET https://www.doctoralia.co/perfil/martha-johenny-marin-ramirez "HTTP/1.1 200 OK"
2026-08-12 21:27:04  HTTP Request: GET https://www.doctoralia.co/perfil/luis-eduardo-silva-franco "HTTP/1.1 200 OK"
2026-08-12 21:27:04  HTTP Request: GET https://www.doctoralia.co/perfil/hector-jose-pardo-espitia "HTTP/1.1 200 OK"
2026-08-12 21:27:04  HTTP Request: GET https://www.doctoralia.co/perfil/juan-fernand-bojanini-betancur "HTTP/1.1 200 OK"
2026-08-12 21:27:04  HTTP Request: GET https://www.doctoralia.co/perfil/jaime-sanin-calderon "HTTP/1.1 200 OK"
2026-08-12 21:27:05  HTTP Request: GET https://www.doctoralia.co/perfil/elvis-castro-mogollon "HTTP/1.1 200 OK"
2026-08-12 21:27:05    2837 perfiles  (255 con teléfono, 0 fallos)
2026-08-12 21:27:06  HTTP Request: GET https://www.doctoralia.co/perfil/claudia-patricia-franco-herrera "HTTP/1.1 200 OK"
2026-08-12 21:27:06  HTTP Request: GET https://www.doctoralia.co/perfil/enrique-daza-mendoza-moises "HTTP/1.1 200 OK"
2026-08-12 21:27:06  HTTP Request: GET https://www.doctoralia.co/perfil/alvaro-javier-salgado-rosales "HTTP/1.1 200 OK"
2026-08-12 21:27:06  HTTP Request: GET https://www.doctoralia.co/perfil/juan-carlos-lopez-garcia "HTTP/1.1 200 OK"
2026-08-12 21:27:06  HTTP Request: GET https://www.doctoralia.co/perfil/julio-a-alvarez-hernandez "HTTP/1.1 200 OK"
2026-08-12 21:27:07  HTTP Request: GET https://www.doctoralia.co/perfil/eduardo-castro-valderrama "HTTP/1.1 200 OK"
2026-08-12 21:27:07  HTTP Request: GET https://www.doctoralia.co/perfil/maria-clemencia-ceballos-penalosa "HTTP/1.1 200 OK"
2026-08-12 21:27:07  HTTP Request: GET https://www.doctoralia.co/perfil/oswaldo-mateus-mosquera "HTTP/1.1 200 OK"
2026-08-12 21:27:08  HTTP Request: GET https://www.doctoralia.co/perfil/oscar-gomez-leon "HTTP/1.1 200 OK"
2026-08-12 21:27:08  HTTP Request: GET https://www.doctoralia.co/perfil/cesar-augusto-grajales-marulanda "HTTP/1.1 200 OK"
2026-08-12 21:27:08  HTTP Request: GET https://www.doctoralia.co/perfil/carlos-ariel-orrego-gomez "HTTP/1.1 200 OK"
2026-08-12 21:27:08  HTTP Request: GET https://www.doctoralia.co/perfil/luz-adriana-gonzalez-correa "HTTP/1.1 200 OK"
2026-08-12 21:27:09  HTTP Request: GET https://www.doctoralia.co/clinicas/fundacion-de-profesionales-fundepro "HTTP/1.1 200 OK"
2026-08-12 21:27:09  HTTP Request: GET https://www.doctoralia.co/clinicas/hospital-san-rafael-del-espinal "HTTP/1.1 200 OK"
2026-08-12 21:27:09  HTTP Request: GET https://www.doctoralia.co/clinicas/sociedad-de-especialistas-de-girardot "HTTP/1.1 200 OK"
2026-08-12 21:27:09  HTTP Request: GET https://www.doctoralia.co/clinicas/clinica-la-sabana-de-occidente "HTTP/1.1 200 OK"
2026-08-12 21:27:10  HTTP Request: GET https://www.doctoralia.co/clinicas/clinica-palma-real "HTTP/1.1 200 OK"
2026-08-12 21:27:10  HTTP Request: GET https://www.doctoralia.co/clinicas/medicina-perinatal "HTTP/1.1 200 OK"
2026-08-12 21:27:10  HTTP Request: GET https://www.doctoralia.co/clinicas/clinica-chicamocha-s-a "HTTP/1.1 200 OK"
2026-08-12 21:27:10  HTTP Request: GET https://www.doctoralia.co/clinicas/centro-integral-medical-group-servicios-de-salud "HTTP/1.1 200 OK"
2026-08-12 21:27:10  HTTP Request: GET https://www.doctoralia.co/clinicas/uribe-sanabria-y-cia-usanar "HTTP/1.1 200 OK"
2026-08-12 21:27:10  HTTP Request: GET https://www.doctoralia.co/clinicas/saludsura "HTTP/1.1 200 OK"
2026-08-12 21:27:11  HTTP Request: GET https://www.doctoralia.co/clinicas/fundacion-salud-bosque "HTTP/1.1 200 OK"
2026-08-12 21:27:11  HTTP Request: GET https://www.doctoralia.co/clinicas/fundacion-cardio-infantil "HTTP/1.1 200 OK"
2026-08-12 21:27:11  HTTP Request: GET https://www.doctoralia.co/clinicas/ginecologos-asociados-del-caribe "HTTP/1.1 200 OK"
2026-08-12 21:27:11  HTTP Request: GET https://www.doctoralia.co/clinicas/dinamica-i-p-s "HTTP/1.1 200 OK"
2026-08-12 21:27:11    2862 perfiles  (255 con teléfono, 0 fallos)
2026-08-12 21:27:12  HTTP Request: GET https://www.doctoralia.co/clinicas/continental "HTTP/1.1 200 OK"
2026-08-12 21:27:12  HTTP Request: GET https://www.doctoralia.co/clinicas/clinica-ces "HTTP/1.1 200 OK"
2026-08-12 21:27:12  HTTP Request: GET https://www.doctoralia.co/clinicas/promotora-medica-las-americas "HTTP/1.1 200 OK"
2026-08-12 21:27:12  HTTP Request: GET https://www.doctoralia.co/clinicas/comfamiliar-risaralda "HTTP/1.1 200 OK"
2026-08-12 21:27:12  HTTP Request: GET https://www.doctoralia.co/clinicas/hospital-san-marcos "HTTP/1.1 200 OK"
2026-08-12 21:27:12  HTTP Request: GET https://www.doctoralia.co/clinicas/confa-caldas "HTTP/1.1 200 OK"
2026-08-12 21:27:13  HTTP Request: GET https://www.doctoralia.co/clinicas/hospital-regional-del-libano-e-s-e "HTTP/1.1 200 OK"
2026-08-12 21:27:13  HTTP Request: GET https://www.doctoralia.co/clinicas/parque-medico-carrera-23-65a-41-parque-medico-carrera-23-65a-41-consultorio-703-manizales "HTTP/1.1 200 OK"
2026-08-12 21:27:13  HTTP Request: GET https://www.doctoralia.co/clinicas/e-s-e-hospital-san-lorenzo "HTTP/1.1 200 OK"
2026-08-12 21:27:13  HTTP Request: GET https://www.doctoralia.co/clinicas/centro-medico-15 "HTTP/1.1 200 OK"
2026-08-12 21:27:13  HTTP Request: GET https://www.doctoralia.co/clinicas/surgimedica-carrera-6a-no-60-19-consultorio-311-nacer-mmf "HTTP/1.1 200 OK"
2026-08-12 21:27:14  HTTP Request: GET https://www.doctoralia.co/clinicas/clinica-norte "HTTP/1.1 200 OK"
2026-08-12 21:27:14  HTTP Request: GET https://www.doctoralia.co/clinicas/clinica-tolima "HTTP/1.1 200 OK"
2026-08-12 21:27:14  HTTP Request: GET https://www.doctoralia.co/clinicas/surgimedica-consultorio-209-medifem "HTTP/1.1 200 OK"
2026-08-12 21:27:14  HTTP Request: GET https://www.doctoralia.co/clinicas/quirofanos-y-especialistas "HTTP/1.1 200 OK"
2026-08-12 21:27:14  HTTP Request: GET https://www.doctoralia.co/clinicas/medicina-fetal "HTTP/1.1 200 OK"
2026-08-12 21:27:14  HTTP Request: GET https://www.doctoralia.co/clinicas/laboratorio-medico-echavarria "HTTP/1.1 200 OK"
2026-08-12 21:27:14  HTTP Request: GET https://www.doctoralia.co/clinicas/citymed "HTTP/1.1 200 OK"
2026-08-12 21:27:15  HTTP Request: GET https://www.doctoralia.co/clinicas/e-s-e-hospital-universitario-hernando-moncaleano "HTTP/1.1 200 OK"
2026-08-12 21:27:15  HTTP Request: GET https://www.doctoralia.co/clinicas/clinica-monteria "HTTP/1.1 200 OK"
2026-08-12 21:27:15  HTTP Request: GET https://www.doctoralia.co/clinicas/clinica-central-o-h-l "HTTP/1.1 200 OK"
2026-08-12 21:27:15  HTTP Request: GET https://www.doctoralia.co/clinicas/instituto-radiologico-del-sur "HTTP/1.1 200 OK"
2026-08-12 21:27:15  HTTP Request: GET https://www.doctoralia.co/clinicas/clinica-nuestra-senora-de-fatima "HTTP/1.1 200 OK"
2026-08-12 21:27:16  HTTP Request: GET https://www.doctoralia.co/clinicas/especialistas-medicos-asociados-de-antioquia "HTTP/1.1 200 OK"
2026-08-12 21:27:16    2887 perfiles  (255 con teléfono, 0 fallos)
2026-08-12 21:27:16  HTTP Request: GET https://www.doctoralia.co/clinicas/clinica-medico-quirurgica-alvernia "HTTP/1.1 200 OK"
2026-08-12 21:27:16  HTTP Request: GET https://www.doctoralia.co/clinicas/clinica-medico-quirurgica-alvernia "HTTP/1.1 200 OK"
2026-08-12 21:27:16  HTTP Request: GET https://www.doctoralia.co/clinicas/servicios-integrales-de-rehabilitacionen-boyaca-sireb "HTTP/1.1 200 OK"
2026-08-12 21:27:17  HTTP Request: GET https://www.doctoralia.co/clinicas/e-s-e-hospital-san-rafael-de-tunja "HTTP/1.1 200 OK"
2026-08-12 21:27:17  HTTP Request: GET https://www.doctoralia.co/clinicas/nascere "HTTP/1.1 200 OK"
2026-08-12 21:27:17  HTTP Request: GET https://www.doctoralia.co/clinicas/centro-diagnostico-de-la-mujer "HTTP/1.1 200 OK"
2026-08-12 21:27:17  HTTP Request: GET https://www.doctoralia.co/clinicas/medicos-i-p-s "HTTP/1.1 200 OK"
2026-08-12 21:27:17  HTTP Request: GET https://www.doctoralia.co/clinicas/sociedad-de-oncologia-y-hematologia-del-cesar "HTTP/1.1 200 OK"
2026-08-12 21:27:17  HTTP Request: GET https://www.doctoralia.co/clinicas/hospital-rosario-pumarejo-de-lopez "HTTP/1.1 200 OK"
2026-08-12 21:27:18  HTTP Request: GET https://www.doctoralia.co/clinicas/novasalud-caribe "HTTP/1.1 200 OK"
2026-08-12 21:27:18  HTTP Request: GET https://www.doctoralia.co/clinicas/empresa-multiactiva-de-salud-sermultisalud "HTTP/1.1 200 OK"
2026-08-12 21:27:18  HTTP Request: GET https://www.doctoralia.co/clinicas/novasalud-caribe "HTTP/1.1 200 OK"
2026-08-12 21:27:18  === Perfiles: 2864 ok, 255 con teléfono, 0 fallos ===
2026-08-12 21:27:19  Excel guardado: medicos_colombia_ginecologia.xlsx  (2899 médicos, 287 con contacto)
